level,method,k,cohort,metric,users,mean,ci95_low,ci95_high,status
25,ALS,0,eligible_k,mse,271,0.9282795236862775,0.8410529324631172,1.0272220099178055,DESCRIPTIVE_CI
25,ALS,0,eligible_k,mae,271,0.747857649157873,0.7092409394745767,0.788566977925149,DESCRIPTIVE_CI
25,ALS,0,eligible_k,pa,255,0.5,0.5,0.5,DESCRIPTIVE_CI
25,ALS,0,eligible_k,als_direct,271,0.0,0.0,0.0,DESCRIPTIVE_CI
25,ALS,0,eligible_k,actual_movie_support,271,0.9112590938189224,0.8922969732891535,0.928605862140413,DESCRIPTIVE_CI
25,ALS,0,eligible_k,prediction_outside_scale,271,0.0,0.0,0.0,DESCRIPTIVE_CI
25,ALS,0,common_k30,mse,183,0.8610561853278794,0.7484288250002156,0.9988698831687639,DESCRIPTIVE_CI
25,ALS,0,common_k30,mae,183,0.7068141594926585,0.6565497563259907,0.762496457241959,DESCRIPTIVE_CI
25,ALS,0,common_k30,pa,167,0.5,0.5,0.5,DESCRIPTIVE_CI
25,ALS,0,common_k30,als_direct,183,0.0,0.0,0.0,DESCRIPTIVE_CI
25,ALS,0,common_k30,actual_movie_support,183,0.8771255074512758,0.8506873671633025,0.9015143817040064,DESCRIPTIVE_CI
25,ALS,0,common_k30,prediction_outside_scale,183,0.0,0.0,0.0,DESCRIPTIVE_CI
25,ALS,1,eligible_k,mse,187,1.7734430194298905,1.4898713276990723,2.096452539700444,DESCRIPTIVE_CI
25,ALS,1,eligible_k,mae,187,1.0476942886842664,0.9662640129357066,1.133769832038998,DESCRIPTIVE_CI
25,ALS,1,eligible_k,pa,171,0.5580954374506802,0.5258929602736669,0.5895166906834582,DESCRIPTIVE_CI
25,ALS,1,eligible_k,als_direct,187,0.8388426545491552,0.8009323380644697,0.8744587882370438,DESCRIPTIVE_CI
25,ALS,1,eligible_k,actual_movie_support,187,0.8797538388426925,0.8534772795768318,0.9038548196193715,DESCRIPTIVE_CI
25,ALS,1,eligible_k,prediction_outside_scale,187,0.02630002080208078,0.010168303280429041,0.046147609270956555,DESCRIPTIVE_CI
25,ALS,1,common_k30,mse,183,1.7881750994150427,1.5057529073787985,2.1249533834222043,DESCRIPTIVE_CI
25,ALS,1,common_k30,mae,183,1.0507065487699532,0.9676143359831878,1.1412325924134492,DESCRIPTIVE_CI
25,ALS,1,common_k30,pa,167,0.5600130838198206,0.5269438512332771,0.5922750623665499,DESCRIPTIVE_CI
25,ALS,1,common_k30,als_direct,183,0.8353200896212678,0.7971538397931226,0.8715440223104914,DESCRIPTIVE_CI
25,ALS,1,common_k30,actual_movie_support,183,0.8771255074512758,0.8506873671633025,0.9015143817040064,DESCRIPTIVE_CI
25,ALS,1,common_k30,prediction_outside_scale,183,0.026874884644749207,0.010649648996663739,0.047231347933092284,DESCRIPTIVE_CI
25,ALS,5,eligible_k,mse,186,0.9132980642233703,0.7832888821653232,1.0675446311449857,DESCRIPTIVE_CI
25,ALS,5,eligible_k,mae,186,0.723116375855264,0.6720121242784117,0.7790702051842446,DESCRIPTIVE_CI
25,ALS,5,eligible_k,pa,170,0.5952133192169298,0.5631837828790922,0.6263296262605257,DESCRIPTIVE_CI
25,ALS,5,eligible_k,als_direct,186,0.8791073541052876,0.8534996785919103,0.9032048261143653,DESCRIPTIVE_CI
25,ALS,5,eligible_k,actual_movie_support,186,0.8791073541052876,0.8534996785919103,0.9032048261143653,DESCRIPTIVE_CI
25,ALS,5,eligible_k,prediction_outside_scale,186,0.009839854895177878,0.002458093574008289,0.020919025154058316,DESCRIPTIVE_CI
25,ALS,5,common_k30,mse,183,0.911927805140996,0.7799001632747706,1.0714866297166796,DESCRIPTIVE_CI
25,ALS,5,common_k30,mae,183,0.7211564275342325,0.6685973710938822,0.7784180714022474,DESCRIPTIVE_CI
25,ALS,5,common_k30,pa,167,0.5959501062382127,0.5628331302698483,0.6275581571503894,DESCRIPTIVE_CI
25,ALS,5,common_k30,als_direct,183,0.8771255074512758,0.8506873671633025,0.9015143817040064,DESCRIPTIVE_CI
25,ALS,5,common_k30,actual_movie_support,183,0.8771255074512758,0.8506873671633025,0.9015143817040064,DESCRIPTIVE_CI
25,ALS,5,common_k30,prediction_outside_scale,183,0.01000116399182014,0.002495544862135523,0.021492933558972596,DESCRIPTIVE_CI
25,ALS,10,eligible_k,mse,186,0.7474487360536816,0.6574409181303359,0.8452210262729103,DESCRIPTIVE_CI
25,ALS,10,eligible_k,mae,186,0.6565894056941927,0.6138567349802542,0.701186591159599,DESCRIPTIVE_CI
25,ALS,10,eligible_k,pa,170,0.6190704303935972,0.58738805559023,0.6500024369900741,DESCRIPTIVE_CI
25,ALS,10,eligible_k,als_direct,186,0.8791073541052876,0.8534996785919103,0.9032048261143653,DESCRIPTIVE_CI
25,ALS,10,eligible_k,actual_movie_support,186,0.8791073541052876,0.8534996785919103,0.9032048261143653,DESCRIPTIVE_CI
25,ALS,10,eligible_k,prediction_outside_scale,186,0.006220892232876578,0.0013229952932360676,0.013214957871314006,DESCRIPTIVE_CI
25,ALS,10,common_k30,mse,183,0.7434594696501083,0.65045440780619,0.8454837177779908,DESCRIPTIVE_CI
25,ALS,10,common_k30,mae,183,0.6535435753657013,0.6098727404332251,0.7001638587311995,DESCRIPTIVE_CI
25,ALS,10,common_k30,pa,167,0.6179154289929043,0.5856234334979971,0.6489870897811193,DESCRIPTIVE_CI
25,ALS,10,common_k30,als_direct,183,0.8771255074512758,0.8506873671633025,0.9015143817040064,DESCRIPTIVE_CI
25,ALS,10,common_k30,actual_movie_support,183,0.8771255074512758,0.8506873671633025,0.9015143817040064,DESCRIPTIVE_CI
25,ALS,10,common_k30,prediction_outside_scale,183,0.0063228740727598,0.0013751396286142332,0.013552400101546092,DESCRIPTIVE_CI
25,ALS,30,eligible_k,mse,183,0.6587736025675816,0.5816741992576676,0.7405976335297202,DESCRIPTIVE_CI
25,ALS,30,eligible_k,mae,183,0.6120810935458563,0.5716159901132414,0.6541699229693319,DESCRIPTIVE_CI
25,ALS,30,eligible_k,pa,167,0.6217720869853778,0.5880674755572997,0.654284398262891,DESCRIPTIVE_CI
25,ALS,30,eligible_k,als_direct,183,0.8771255074512758,0.8506873671633025,0.9015143817040064,DESCRIPTIVE_CI
25,ALS,30,eligible_k,actual_movie_support,183,0.8771255074512758,0.8506873671633025,0.9015143817040064,DESCRIPTIVE_CI
25,ALS,30,eligible_k,prediction_outside_scale,183,0.003899657458737249,0.0007906289955735475,0.009015692485947925,DESCRIPTIVE_CI
25,ALS,30,common_k30,mse,183,0.6587736025675816,0.5816741992576676,0.7405976335297202,DESCRIPTIVE_CI
25,ALS,30,common_k30,mae,183,0.6120810935458563,0.5716159901132414,0.6541699229693319,DESCRIPTIVE_CI
25,ALS,30,common_k30,pa,167,0.6217720869853778,0.5880674755572997,0.654284398262891,DESCRIPTIVE_CI
25,ALS,30,common_k30,als_direct,183,0.8771255074512758,0.8506873671633025,0.9015143817040064,DESCRIPTIVE_CI
25,ALS,30,common_k30,actual_movie_support,183,0.8771255074512758,0.8506873671633025,0.9015143817040064,DESCRIPTIVE_CI
25,ALS,30,common_k30,prediction_outside_scale,183,0.003899657458737249,0.0007906289955735475,0.009015692485947925,DESCRIPTIVE_CI
25,FM,0,eligible_k,mse,271,0.9035048696855299,0.8148795152718814,1.0037971115608297,DESCRIPTIVE_CI
25,FM,0,eligible_k,mae,271,0.7424728124270572,0.7057383215623735,0.781620139392106,DESCRIPTIVE_CI
25,FM,0,eligible_k,pa,255,0.5543286268062437,0.5307866137036734,0.5772735075227786,DESCRIPTIVE_CI
25,FM,0,eligible_k,als_direct,271,0.0,0.0,0.0,DESCRIPTIVE_CI
25,FM,0,eligible_k,actual_movie_support,271,0.9112590938189224,0.8922969732891535,0.928605862140413,DESCRIPTIVE_CI
25,FM,0,eligible_k,prediction_outside_scale,271,0.0,0.0,0.0,DESCRIPTIVE_CI
25,FM,0,common_k30,mse,183,0.8549525842080761,0.7427437152131317,0.9949291276818022,DESCRIPTIVE_CI
25,FM,0,common_k30,mae,183,0.7135567652252839,0.6662257315466442,0.7666165250853809,DESCRIPTIVE_CI
25,FM,0,common_k30,pa,167,0.5438527617880677,0.5104735770468664,0.5771178374001013,DESCRIPTIVE_CI
25,FM,0,common_k30,als_direct,183,0.0,0.0,0.0,DESCRIPTIVE_CI
25,FM,0,common_k30,actual_movie_support,183,0.8771255074512758,0.8506873671633025,0.9015143817040064,DESCRIPTIVE_CI
25,FM,0,common_k30,prediction_outside_scale,183,0.0,0.0,0.0,DESCRIPTIVE_CI
25,FM,1,eligible_k,mse,187,0.8412481735366716,0.7389125701421336,0.9548813556584763,DESCRIPTIVE_CI
25,FM,1,eligible_k,mae,187,0.7123834876385915,0.6664993540839593,0.7607791373505195,DESCRIPTIVE_CI
25,FM,1,eligible_k,pa,171,0.5406375857365748,0.5069043522583417,0.5734046591495316,DESCRIPTIVE_CI
25,FM,1,eligible_k,als_direct,187,0.8388426545491552,0.8009323380644697,0.8744587882370438,DESCRIPTIVE_CI
25,FM,1,eligible_k,actual_movie_support,187,0.8797538388426925,0.8534772795768318,0.9038548196193715,DESCRIPTIVE_CI
25,FM,1,eligible_k,prediction_outside_scale,187,0.0,0.0,0.0,DESCRIPTIVE_CI
25,FM,1,common_k30,mse,183,0.8458584301706455,0.742395834632369,0.9678419303265055,DESCRIPTIVE_CI
25,FM,1,common_k30,mae,183,0.7137563687460744,0.6669710760535054,0.7654180250660634,DESCRIPTIVE_CI
25,FM,1,common_k30,pa,167,0.5422374171460199,0.5071932351388972,0.5762669488963048,DESCRIPTIVE_CI
25,FM,1,common_k30,als_direct,183,0.8353200896212678,0.7971538397931226,0.8715440223104914,DESCRIPTIVE_CI
25,FM,1,common_k30,actual_movie_support,183,0.8771255074512758,0.8506873671633025,0.9015143817040064,DESCRIPTIVE_CI
25,FM,1,common_k30,prediction_outside_scale,183,0.0,0.0,0.0,DESCRIPTIVE_CI
25,FM,5,eligible_k,mse,186,0.7778347620917648,0.6867551145218289,0.880182712163122,DESCRIPTIVE_CI
25,FM,5,eligible_k,mae,186,0.6861092308124994,0.6431116468846085,0.7326235445473136,DESCRIPTIVE_CI
25,FM,5,eligible_k,pa,170,0.5411833201110207,0.5060528576608985,0.574916504138428,DESCRIPTIVE_CI
25,FM,5,eligible_k,als_direct,186,0.8791073541052876,0.8534996785919103,0.9032048261143653,DESCRIPTIVE_CI
25,FM,5,eligible_k,actual_movie_support,186,0.8791073541052876,0.8534996785919103,0.9032048261143653,DESCRIPTIVE_CI
25,FM,5,eligible_k,prediction_outside_scale,186,0.0,0.0,0.0,DESCRIPTIVE_CI
25,FM,5,common_k30,mse,183,0.7829339716173181,0.6908155417534202,0.8893618735546007,DESCRIPTIVE_CI
25,FM,5,common_k30,mae,183,0.6877104674026684,0.6442296880130742,0.7364231388579733,DESCRIPTIVE_CI
25,FM,5,common_k30,pa,167,0.5447297856292413,0.5106195055988056,0.5785445174229588,DESCRIPTIVE_CI
25,FM,5,common_k30,als_direct,183,0.8771255074512758,0.8506873671633025,0.9015143817040064,DESCRIPTIVE_CI
25,FM,5,common_k30,actual_movie_support,183,0.8771255074512758,0.8506873671633025,0.9015143817040064,DESCRIPTIVE_CI
25,FM,5,common_k30,prediction_outside_scale,183,0.0,0.0,0.0,DESCRIPTIVE_CI
25,FM,10,eligible_k,mse,186,0.7512671958085188,0.6622069584876491,0.8495036274644755,DESCRIPTIVE_CI
25,FM,10,eligible_k,mae,186,0.6686799688146668,0.6257972039251494,0.7144535204657141,DESCRIPTIVE_CI
25,FM,10,eligible_k,pa,170,0.5485985607464033,0.5147392693945048,0.5812673305802125,DESCRIPTIVE_CI
25,FM,10,eligible_k,als_direct,186,0.8791073541052876,0.8534996785919103,0.9032048261143653,DESCRIPTIVE_CI
25,FM,10,eligible_k,actual_movie_support,186,0.8791073541052876,0.8534996785919103,0.9032048261143653,DESCRIPTIVE_CI
25,FM,10,eligible_k,prediction_outside_scale,186,0.0,0.0,0.0,DESCRIPTIVE_CI
25,FM,10,common_k30,mse,183,0.7558912611615121,0.6664335316091085,0.8587749897312991,DESCRIPTIVE_CI
25,FM,10,common_k30,mae,183,0.6705077523822179,0.6270336377902279,0.7187034134970743,DESCRIPTIVE_CI
25,FM,10,common_k30,pa,167,0.5480738052003515,0.5144152616900174,0.581578478340463,DESCRIPTIVE_CI
25,FM,10,common_k30,als_direct,183,0.8771255074512758,0.8506873671633025,0.9015143817040064,DESCRIPTIVE_CI
25,FM,10,common_k30,actual_movie_support,183,0.8771255074512758,0.8506873671633025,0.9015143817040064,DESCRIPTIVE_CI
25,FM,10,common_k30,prediction_outside_scale,183,0.0,0.0,0.0,DESCRIPTIVE_CI
25,FM,30,eligible_k,mse,183,0.7115796847028303,0.6292676073104951,0.8045162736733437,DESCRIPTIVE_CI
25,FM,30,eligible_k,mae,183,0.6509492156381785,0.6097605233293018,0.6957051221540014,DESCRIPTIVE_CI
25,FM,30,eligible_k,pa,167,0.5544723958644165,0.5201483935486927,0.588294159680455,DESCRIPTIVE_CI
25,FM,30,eligible_k,als_direct,183,0.8771255074512758,0.8506873671633025,0.9015143817040064,DESCRIPTIVE_CI
25,FM,30,eligible_k,actual_movie_support,183,0.8771255074512758,0.8506873671633025,0.9015143817040064,DESCRIPTIVE_CI
25,FM,30,eligible_k,prediction_outside_scale,183,0.0,0.0,0.0,DESCRIPTIVE_CI
25,FM,30,common_k30,mse,183,0.7115796847028303,0.6292676073104951,0.8045162736733437,DESCRIPTIVE_CI
25,FM,30,common_k30,mae,183,0.6509492156381785,0.6097605233293018,0.6957051221540014,DESCRIPTIVE_CI
25,FM,30,common_k30,pa,167,0.5544723958644165,0.5201483935486927,0.588294159680455,DESCRIPTIVE_CI
25,FM,30,common_k30,als_direct,183,0.8771255074512758,0.8506873671633025,0.9015143817040064,DESCRIPTIVE_CI
25,FM,30,common_k30,actual_movie_support,183,0.8771255074512758,0.8506873671633025,0.9015143817040064,DESCRIPTIVE_CI
25,FM,30,common_k30,prediction_outside_scale,183,0.0,0.0,0.0,DESCRIPTIVE_CI
25,ALS_FM,0,eligible_k,mse,271,0.9035048696855299,0.8148795152718814,1.0037971115608297,DESCRIPTIVE_CI
25,ALS_FM,0,eligible_k,mae,271,0.7424728124270572,0.7057383215623735,0.781620139392106,DESCRIPTIVE_CI
25,ALS_FM,0,eligible_k,pa,255,0.5543286268062437,0.5307866137036734,0.5772735075227786,DESCRIPTIVE_CI
25,ALS_FM,0,eligible_k,als_direct,271,0.0,0.0,0.0,DESCRIPTIVE_CI
25,ALS_FM,0,eligible_k,actual_movie_support,271,0.9112590938189224,0.8922969732891535,0.928605862140413,DESCRIPTIVE_CI
25,ALS_FM,0,eligible_k,prediction_outside_scale,271,0.0,0.0,0.0,DESCRIPTIVE_CI
25,ALS_FM,0,common_k30,mse,183,0.8549525842080761,0.7427437152131317,0.9949291276818022,DESCRIPTIVE_CI
25,ALS_FM,0,common_k30,mae,183,0.7135567652252839,0.6662257315466442,0.7666165250853809,DESCRIPTIVE_CI
25,ALS_FM,0,common_k30,pa,167,0.5438527617880677,0.5104735770468664,0.5771178374001013,DESCRIPTIVE_CI
25,ALS_FM,0,common_k30,als_direct,183,0.0,0.0,0.0,DESCRIPTIVE_CI
25,ALS_FM,0,common_k30,actual_movie_support,183,0.8771255074512758,0.8506873671633025,0.9015143817040064,DESCRIPTIVE_CI
25,ALS_FM,0,common_k30,prediction_outside_scale,183,0.0,0.0,0.0,DESCRIPTIVE_CI
25,ALS_FM,1,eligible_k,mse,187,0.8882035178740281,0.7791918288701997,1.0162474695581813,DESCRIPTIVE_CI
25,ALS_FM,1,eligible_k,mae,187,0.7433698881400468,0.6949926564890585,0.7949586961473765,DESCRIPTIVE_CI
25,ALS_FM,1,eligible_k,pa,171,0.565872972549468,0.5313257786296113,0.598777334364211,DESCRIPTIVE_CI
25,ALS_FM,1,eligible_k,als_direct,187,0.8388426545491552,0.8009323380644697,0.8744587882370438,DESCRIPTIVE_CI
25,ALS_FM,1,eligible_k,actual_movie_support,187,0.8797538388426925,0.8534772795768318,0.9038548196193715,DESCRIPTIVE_CI
25,ALS_FM,1,eligible_k,prediction_outside_scale,187,0.0,0.0,0.0,DESCRIPTIVE_CI
25,ALS_FM,1,common_k30,mse,183,0.8926518743683522,0.7804744568041104,1.0260426846156439,DESCRIPTIVE_CI
25,ALS_FM,1,common_k30,mae,183,0.7444150762567725,0.6950347148113796,0.7979882031300111,DESCRIPTIVE_CI
25,ALS_FM,1,common_k30,pa,167,0.5660302400178334,0.5312716190047879,0.5998781101005127,DESCRIPTIVE_CI
25,ALS_FM,1,common_k30,als_direct,183,0.8353200896212678,0.7971538397931226,0.8715440223104914,DESCRIPTIVE_CI
25,ALS_FM,1,common_k30,actual_movie_support,183,0.8771255074512758,0.8506873671633025,0.9015143817040064,DESCRIPTIVE_CI
25,ALS_FM,1,common_k30,prediction_outside_scale,183,0.0,0.0,0.0,DESCRIPTIVE_CI
25,ALS_FM,5,eligible_k,mse,186,0.7365365325267841,0.6495912010838538,0.832339400741562,DESCRIPTIVE_CI
25,ALS_FM,5,eligible_k,mae,186,0.6627289214013851,0.6186680485256789,0.7090833660394378,DESCRIPTIVE_CI
25,ALS_FM,5,eligible_k,pa,170,0.5830817732403634,0.5485995727870466,0.6160608583271784,DESCRIPTIVE_CI
25,ALS_FM,5,eligible_k,als_direct,186,0.8791073541052876,0.8534996785919103,0.9032048261143653,DESCRIPTIVE_CI
25,ALS_FM,5,eligible_k,actual_movie_support,186,0.8791073541052876,0.8534996785919103,0.9032048261143653,DESCRIPTIVE_CI
25,ALS_FM,5,eligible_k,prediction_outside_scale,186,0.0,0.0,0.0,DESCRIPTIVE_CI
25,ALS_FM,5,common_k30,mse,183,0.7400033843453263,0.6510916733173148,0.8405940676147838,DESCRIPTIVE_CI
25,ALS_FM,5,common_k30,mae,183,0.6639471804971225,0.6194787058557043,0.7124144084183313,DESCRIPTIVE_CI
25,ALS_FM,5,common_k30,pa,167,0.5854347977968357,0.5508683738854767,0.6184137601552953,DESCRIPTIVE_CI
25,ALS_FM,5,common_k30,als_direct,183,0.8771255074512758,0.8506873671633025,0.9015143817040064,DESCRIPTIVE_CI
25,ALS_FM,5,common_k30,actual_movie_support,183,0.8771255074512758,0.8506873671633025,0.9015143817040064,DESCRIPTIVE_CI
25,ALS_FM,5,common_k30,prediction_outside_scale,183,0.0,0.0,0.0,DESCRIPTIVE_CI
25,ALS_FM,10,eligible_k,mse,186,0.6911184917657563,0.6112254639465837,0.7752800909480749,DESCRIPTIVE_CI
25,ALS_FM,10,eligible_k,mae,186,0.6392291304676441,0.596632793239523,0.6834915183863238,DESCRIPTIVE_CI
25,ALS_FM,10,eligible_k,pa,170,0.5885215818669142,0.5539772858270432,0.6220705239785167,DESCRIPTIVE_CI
25,ALS_FM,10,eligible_k,als_direct,186,0.8791073541052876,0.8534996785919103,0.9032048261143653,DESCRIPTIVE_CI
25,ALS_FM,10,eligible_k,actual_movie_support,186,0.8791073541052876,0.8534996785919103,0.9032048261143653,DESCRIPTIVE_CI
25,ALS_FM,10,eligible_k,prediction_outside_scale,186,0.0,0.0,0.0,DESCRIPTIVE_CI
25,ALS_FM,10,common_k30,mse,183,0.6937021382877347,0.6115671083548876,0.7844856722953536,DESCRIPTIVE_CI
25,ALS_FM,10,common_k30,mae,183,0.6399690808934689,0.5967884743099079,0.6863715252533915,DESCRIPTIVE_CI
25,ALS_FM,10,common_k30,pa,167,0.5886580371981959,0.5537957775890231,0.6220379795721964,DESCRIPTIVE_CI
25,ALS_FM,10,common_k30,als_direct,183,0.8771255074512758,0.8506873671633025,0.9015143817040064,DESCRIPTIVE_CI
25,ALS_FM,10,common_k30,actual_movie_support,183,0.8771255074512758,0.8506873671633025,0.9015143817040064,DESCRIPTIVE_CI
25,ALS_FM,10,common_k30,prediction_outside_scale,183,0.0,0.0,0.0,DESCRIPTIVE_CI
25,ALS_FM,30,eligible_k,mse,183,0.6513435051527174,0.5775399713367313,0.7315243753854799,DESCRIPTIVE_CI
25,ALS_FM,30,eligible_k,mae,183,0.6237878347959323,0.583971724945909,0.6658677788185531,DESCRIPTIVE_CI
25,ALS_FM,30,eligible_k,pa,167,0.592540861505095,0.5580400579159243,0.6257793870165966,DESCRIPTIVE_CI
25,ALS_FM,30,eligible_k,als_direct,183,0.8771255074512758,0.8506873671633025,0.9015143817040064,DESCRIPTIVE_CI
25,ALS_FM,30,eligible_k,actual_movie_support,183,0.8771255074512758,0.8506873671633025,0.9015143817040064,DESCRIPTIVE_CI
25,ALS_FM,30,eligible_k,prediction_outside_scale,183,0.0,0.0,0.0,DESCRIPTIVE_CI
25,ALS_FM,30,common_k30,mse,183,0.6513435051527174,0.5775399713367313,0.7315243753854799,DESCRIPTIVE_CI
25,ALS_FM,30,common_k30,mae,183,0.6237878347959323,0.583971724945909,0.6658677788185531,DESCRIPTIVE_CI
25,ALS_FM,30,common_k30,pa,167,0.592540861505095,0.5580400579159243,0.6257793870165966,DESCRIPTIVE_CI
25,ALS_FM,30,common_k30,als_direct,183,0.8771255074512758,0.8506873671633025,0.9015143817040064,DESCRIPTIVE_CI
25,ALS_FM,30,common_k30,actual_movie_support,183,0.8771255074512758,0.8506873671633025,0.9015143817040064,DESCRIPTIVE_CI
25,ALS_FM,30,common_k30,prediction_outside_scale,183,0.0,0.0,0.0,DESCRIPTIVE_CI
25,RIDGE,0,eligible_k,mse,271,0.901382216332554,0.8135915132333231,1.001076532937186,DESCRIPTIVE_CI
25,RIDGE,0,eligible_k,mae,271,0.7418711343765171,0.7047719670418333,0.7816044149591386,DESCRIPTIVE_CI
25,RIDGE,0,eligible_k,pa,255,0.5580075024660673,0.5338515905240311,0.5816510625435232,DESCRIPTIVE_CI
25,RIDGE,0,eligible_k,als_direct,271,0.0,0.0,0.0,DESCRIPTIVE_CI
25,RIDGE,0,eligible_k,actual_movie_support,271,0.9112590938189224,0.8922969732891535,0.928605862140413,DESCRIPTIVE_CI
25,RIDGE,0,eligible_k,prediction_outside_scale,271,0.0,0.0,0.0,DESCRIPTIVE_CI
25,RIDGE,0,common_k30,mse,183,0.8477518242655989,0.7363786832341349,0.9867261226346725,DESCRIPTIVE_CI
25,RIDGE,0,common_k30,mae,183,0.7094005836291962,0.6610776311674226,0.7629094683708522,DESCRIPTIVE_CI
25,RIDGE,0,common_k30,pa,167,0.5488383158926297,0.5145405556465539,0.582931089491661,DESCRIPTIVE_CI
25,RIDGE,0,common_k30,als_direct,183,0.0,0.0,0.0,DESCRIPTIVE_CI
25,RIDGE,0,common_k30,actual_movie_support,183,0.8771255074512758,0.8506873671633025,0.9015143817040064,DESCRIPTIVE_CI
25,RIDGE,0,common_k30,prediction_outside_scale,183,0.0,0.0,0.0,DESCRIPTIVE_CI
25,RIDGE,1,eligible_k,mse,187,0.8457479174468521,0.7484400573073785,0.9523524529603071,DESCRIPTIVE_CI
25,RIDGE,1,eligible_k,mae,187,0.7253295697985375,0.6794890374712886,0.7734649216088811,DESCRIPTIVE_CI
25,RIDGE,1,eligible_k,pa,171,0.534695603412598,0.49956693617947034,0.5682615420727473,DESCRIPTIVE_CI
25,RIDGE,1,eligible_k,als_direct,187,0.8388426545491552,0.8009323380644697,0.8744587882370438,DESCRIPTIVE_CI
25,RIDGE,1,eligible_k,actual_movie_support,187,0.8797538388426925,0.8534772795768318,0.9038548196193715,DESCRIPTIVE_CI
25,RIDGE,1,eligible_k,prediction_outside_scale,187,0.0,0.0,0.0,DESCRIPTIVE_CI
25,RIDGE,1,common_k30,mse,183,0.8492970498661816,0.7515215308466539,0.9631896736408776,DESCRIPTIVE_CI
25,RIDGE,1,common_k30,mae,183,0.7260810363059752,0.6800938202408144,0.7778148413325241,DESCRIPTIVE_CI
25,RIDGE,1,common_k30,pa,167,0.5381169502305208,0.5033615877856179,0.5725311069638072,DESCRIPTIVE_CI
25,RIDGE,1,common_k30,als_direct,183,0.8353200896212678,0.7971538397931226,0.8715440223104914,DESCRIPTIVE_CI
25,RIDGE,1,common_k30,actual_movie_support,183,0.8771255074512758,0.8506873671633025,0.9015143817040064,DESCRIPTIVE_CI
25,RIDGE,1,common_k30,prediction_outside_scale,183,0.0,0.0,0.0,DESCRIPTIVE_CI
25,RIDGE,5,eligible_k,mse,186,0.7938457859662252,0.7006286315219497,0.8995390291131476,DESCRIPTIVE_CI
25,RIDGE,5,eligible_k,mae,186,0.6946017987737588,0.6505425123168468,0.7421520990691345,DESCRIPTIVE_CI
25,RIDGE,5,eligible_k,pa,170,0.5451571167971019,0.5090712726001166,0.5796417077806079,DESCRIPTIVE_CI
25,RIDGE,5,eligible_k,als_direct,186,0.8791073541052876,0.8534996785919103,0.9032048261143653,DESCRIPTIVE_CI
25,RIDGE,5,eligible_k,actual_movie_support,186,0.8791073541052876,0.8534996785919103,0.9032048261143653,DESCRIPTIVE_CI
25,RIDGE,5,eligible_k,prediction_outside_scale,186,0.0,0.0,0.0,DESCRIPTIVE_CI
25,RIDGE,5,common_k30,mse,183,0.7987816129811991,0.7056383037452283,0.9087384202510985,DESCRIPTIVE_CI
25,RIDGE,5,common_k30,mae,183,0.6960676529640485,0.6515357189533484,0.7460426046432813,DESCRIPTIVE_CI
25,RIDGE,5,common_k30,pa,167,0.5487135077931333,0.5135665342617362,0.5831536680092506,DESCRIPTIVE_CI
25,RIDGE,5,common_k30,als_direct,183,0.8771255074512758,0.8506873671633025,0.9015143817040064,DESCRIPTIVE_CI
25,RIDGE,5,common_k30,actual_movie_support,183,0.8771255074512758,0.8506873671633025,0.9015143817040064,DESCRIPTIVE_CI
25,RIDGE,5,common_k30,prediction_outside_scale,183,0.0,0.0,0.0,DESCRIPTIVE_CI
25,RIDGE,10,eligible_k,mse,186,0.7761043078300741,0.6852668863857664,0.8799879126763672,DESCRIPTIVE_CI
25,RIDGE,10,eligible_k,mae,186,0.6823869370478378,0.6385022461733301,0.7293529128298984,DESCRIPTIVE_CI
25,RIDGE,10,eligible_k,pa,170,0.5499941167280962,0.5154473761345584,0.5841693926130497,DESCRIPTIVE_CI
25,RIDGE,10,eligible_k,als_direct,186,0.8791073541052876,0.8534996785919103,0.9032048261143653,DESCRIPTIVE_CI
25,RIDGE,10,eligible_k,actual_movie_support,186,0.8791073541052876,0.8534996785919103,0.9032048261143653,DESCRIPTIVE_CI
25,RIDGE,10,eligible_k,prediction_outside_scale,186,0.0,0.0,0.0,DESCRIPTIVE_CI
25,RIDGE,10,common_k30,mse,183,0.7809848595211916,0.6891390302702101,0.8875881450524793,DESCRIPTIVE_CI
25,RIDGE,10,common_k30,mae,183,0.6840617749918024,0.6392853195119779,0.7331560304027415,DESCRIPTIVE_CI
25,RIDGE,10,common_k30,pa,167,0.5517722113966216,0.5169676005071544,0.5861741785707235,DESCRIPTIVE_CI
25,RIDGE,10,common_k30,als_direct,183,0.8771255074512758,0.8506873671633025,0.9015143817040064,DESCRIPTIVE_CI
25,RIDGE,10,common_k30,actual_movie_support,183,0.8771255074512758,0.8506873671633025,0.9015143817040064,DESCRIPTIVE_CI
25,RIDGE,10,common_k30,prediction_outside_scale,183,0.0,0.0,0.0,DESCRIPTIVE_CI
25,RIDGE,30,eligible_k,mse,183,0.7778728521804826,0.6907661362087305,0.8772525123291168,DESCRIPTIVE_CI
25,RIDGE,30,eligible_k,mae,183,0.6897438416743844,0.6463718598708623,0.7374992954946894,DESCRIPTIVE_CI
25,RIDGE,30,eligible_k,pa,167,0.5582290236341817,0.5229347286375683,0.5935074370981245,DESCRIPTIVE_CI
25,RIDGE,30,eligible_k,als_direct,183,0.8771255074512758,0.8506873671633025,0.9015143817040064,DESCRIPTIVE_CI
25,RIDGE,30,eligible_k,actual_movie_support,183,0.8771255074512758,0.8506873671633025,0.9015143817040064,DESCRIPTIVE_CI
25,RIDGE,30,eligible_k,prediction_outside_scale,183,0.0,0.0,0.0,DESCRIPTIVE_CI
25,RIDGE,30,common_k30,mse,183,0.7778728521804826,0.6907661362087305,0.8772525123291168,DESCRIPTIVE_CI
25,RIDGE,30,common_k30,mae,183,0.6897438416743844,0.6463718598708623,0.7374992954946894,DESCRIPTIVE_CI
25,RIDGE,30,common_k30,pa,167,0.5582290236341817,0.5229347286375683,0.5935074370981245,DESCRIPTIVE_CI
25,RIDGE,30,common_k30,als_direct,183,0.8771255074512758,0.8506873671633025,0.9015143817040064,DESCRIPTIVE_CI
25,RIDGE,30,common_k30,actual_movie_support,183,0.8771255074512758,0.8506873671633025,0.9015143817040064,DESCRIPTIVE_CI
25,RIDGE,30,common_k30,prediction_outside_scale,183,0.0,0.0,0.0,DESCRIPTIVE_CI
25,GBT,0,eligible_k,mse,271,0.8879492572322389,0.7983094698470014,0.9887908366205829,DESCRIPTIVE_CI
25,GBT,0,eligible_k,mae,271,0.736633101613604,0.6999532250662769,0.775368699089294,DESCRIPTIVE_CI
25,GBT,0,eligible_k,pa,255,0.5671167837618358,0.5425945380821267,0.5899472050729454,DESCRIPTIVE_CI
25,GBT,0,eligible_k,als_direct,271,0.0,0.0,0.0,DESCRIPTIVE_CI
25,GBT,0,eligible_k,actual_movie_support,271,0.9112590938189224,0.8922969732891535,0.928605862140413,DESCRIPTIVE_CI
25,GBT,0,eligible_k,prediction_outside_scale,271,0.0,0.0,0.0,DESCRIPTIVE_CI
25,GBT,0,common_k30,mse,183,0.8386484192147214,0.7275937917623786,0.9794066076030415,DESCRIPTIVE_CI
25,GBT,0,common_k30,mae,183,0.709030095237564,0.6622424923599369,0.7617031199574694,DESCRIPTIVE_CI
25,GBT,0,common_k30,pa,167,0.5584773179246049,0.5239980567405395,0.5926433817168776,DESCRIPTIVE_CI
25,GBT,0,common_k30,als_direct,183,0.0,0.0,0.0,DESCRIPTIVE_CI
25,GBT,0,common_k30,actual_movie_support,183,0.8771255074512758,0.8506873671633025,0.9015143817040064,DESCRIPTIVE_CI
25,GBT,0,common_k30,prediction_outside_scale,183,0.0,0.0,0.0,DESCRIPTIVE_CI
25,GBT,1,eligible_k,mse,187,0.8566414236059955,0.7445096666743682,0.9870371927013164,DESCRIPTIVE_CI
25,GBT,1,eligible_k,mae,187,0.7127123567077802,0.66391240668732,0.7641997473764235,DESCRIPTIVE_CI
25,GBT,1,eligible_k,pa,171,0.5414573880680704,0.5084083252880841,0.57369927727111,DESCRIPTIVE_CI
25,GBT,1,eligible_k,als_direct,187,0.8388426545491552,0.8009323380644697,0.8744587882370438,DESCRIPTIVE_CI
25,GBT,1,eligible_k,actual_movie_support,187,0.8797538388426925,0.8534772795768318,0.9038548196193715,DESCRIPTIVE_CI
25,GBT,1,eligible_k,prediction_outside_scale,187,0.0,0.0,0.0,DESCRIPTIVE_CI
25,GBT,1,common_k30,mse,183,0.8623247345286241,0.749471303901922,0.9995637433573415,DESCRIPTIVE_CI
25,GBT,1,common_k30,mae,183,0.7146261719329907,0.6656049379743935,0.7697975887278388,DESCRIPTIVE_CI
25,GBT,1,common_k30,pa,167,0.542190237731289,0.5081796418359295,0.5753614612405703,DESCRIPTIVE_CI
25,GBT,1,common_k30,als_direct,183,0.8353200896212678,0.7971538397931226,0.8715440223104914,DESCRIPTIVE_CI
25,GBT,1,common_k30,actual_movie_support,183,0.8771255074512758,0.8506873671633025,0.9015143817040064,DESCRIPTIVE_CI
25,GBT,1,common_k30,prediction_outside_scale,183,0.0,0.0,0.0,DESCRIPTIVE_CI
25,GBT,5,eligible_k,mse,186,0.787481186782497,0.6882120993392675,0.9035379273135354,DESCRIPTIVE_CI
25,GBT,5,eligible_k,mae,186,0.6804272855432787,0.6340356832535854,0.7312021549823832,DESCRIPTIVE_CI
25,GBT,5,eligible_k,pa,170,0.5371857038030288,0.5036929781556835,0.5701359069962446,DESCRIPTIVE_CI
25,GBT,5,eligible_k,als_direct,186,0.8791073541052876,0.8534996785919103,0.9032048261143653,DESCRIPTIVE_CI
25,GBT,5,eligible_k,actual_movie_support,186,0.8791073541052876,0.8534996785919103,0.9032048261143653,DESCRIPTIVE_CI
25,GBT,5,eligible_k,prediction_outside_scale,186,0.0,0.0,0.0,DESCRIPTIVE_CI
25,GBT,5,common_k30,mse,183,0.7925185257565621,0.690666887779035,0.913740742414494,DESCRIPTIVE_CI
25,GBT,5,common_k30,mae,183,0.6817582545736199,0.6346677364725399,0.7342860011553184,DESCRIPTIVE_CI
25,GBT,5,common_k30,pa,167,0.5403524774030478,0.5070082771405033,0.5727029977408479,DESCRIPTIVE_CI
25,GBT,5,common_k30,als_direct,183,0.8771255074512758,0.8506873671633025,0.9015143817040064,DESCRIPTIVE_CI
25,GBT,5,common_k30,actual_movie_support,183,0.8771255074512758,0.8506873671633025,0.9015143817040064,DESCRIPTIVE_CI
25,GBT,5,common_k30,prediction_outside_scale,183,0.0,0.0,0.0,DESCRIPTIVE_CI
25,GBT,10,eligible_k,mse,186,0.7493296625444511,0.6538530511094519,0.8582080897535397,DESCRIPTIVE_CI
25,GBT,10,eligible_k,mae,186,0.6613767972601072,0.616021671516705,0.7102783960403852,DESCRIPTIVE_CI
25,GBT,10,eligible_k,pa,170,0.5461424964393944,0.5139261513906103,0.5779156368305591,DESCRIPTIVE_CI
25,GBT,10,eligible_k,als_direct,186,0.8791073541052876,0.8534996785919103,0.9032048261143653,DESCRIPTIVE_CI
25,GBT,10,eligible_k,actual_movie_support,186,0.8791073541052876,0.8534996785919103,0.9032048261143653,DESCRIPTIVE_CI
25,GBT,10,eligible_k,prediction_outside_scale,186,0.0,0.0,0.0,DESCRIPTIVE_CI
25,GBT,10,common_k30,mse,183,0.7537733995643953,0.6560359321375678,0.869102779814634,DESCRIPTIVE_CI
25,GBT,10,common_k30,mae,183,0.6628480968319349,0.6159733634567336,0.7149931471285833,DESCRIPTIVE_CI
25,GBT,10,common_k30,pa,167,0.545478732532461,0.511864025586987,0.5779715784077158,DESCRIPTIVE_CI
25,GBT,10,common_k30,als_direct,183,0.8771255074512758,0.8506873671633025,0.9015143817040064,DESCRIPTIVE_CI
25,GBT,10,common_k30,actual_movie_support,183,0.8771255074512758,0.8506873671633025,0.9015143817040064,DESCRIPTIVE_CI
25,GBT,10,common_k30,prediction_outside_scale,183,0.0,0.0,0.0,DESCRIPTIVE_CI
25,GBT,30,eligible_k,mse,183,0.7116352431714651,0.6206212068479378,0.8164949544628021,DESCRIPTIVE_CI
25,GBT,30,eligible_k,mae,183,0.6453119372654122,0.6015097218184504,0.6936839264400334,DESCRIPTIVE_CI
25,GBT,30,eligible_k,pa,167,0.5557546146584605,0.5221596889768382,0.5887588048989155,DESCRIPTIVE_CI
25,GBT,30,eligible_k,als_direct,183,0.8771255074512758,0.8506873671633025,0.9015143817040064,DESCRIPTIVE_CI
25,GBT,30,eligible_k,actual_movie_support,183,0.8771255074512758,0.8506873671633025,0.9015143817040064,DESCRIPTIVE_CI
25,GBT,30,eligible_k,prediction_outside_scale,183,0.0,0.0,0.0,DESCRIPTIVE_CI
25,GBT,30,common_k30,mse,183,0.7116352431714651,0.6206212068479378,0.8164949544628021,DESCRIPTIVE_CI
25,GBT,30,common_k30,mae,183,0.6453119372654122,0.6015097218184504,0.6936839264400334,DESCRIPTIVE_CI
25,GBT,30,common_k30,pa,167,0.5557546146584605,0.5221596889768382,0.5887588048989155,DESCRIPTIVE_CI
25,GBT,30,common_k30,als_direct,183,0.8771255074512758,0.8506873671633025,0.9015143817040064,DESCRIPTIVE_CI
25,GBT,30,common_k30,actual_movie_support,183,0.8771255074512758,0.8506873671633025,0.9015143817040064,DESCRIPTIVE_CI
25,GBT,30,common_k30,prediction_outside_scale,183,0.0,0.0,0.0,DESCRIPTIVE_CI
50,ALS,0,eligible_k,mse,271,0.9303782360704682,0.8432959315513888,1.0289567109606021,DESCRIPTIVE_CI
50,ALS,0,eligible_k,mae,271,0.7481805703575706,0.7094495481090638,0.7891126133688888,DESCRIPTIVE_CI
50,ALS,0,eligible_k,pa,255,0.5,0.5,0.5,DESCRIPTIVE_CI
50,ALS,0,eligible_k,als_direct,271,0.0,0.0,0.0,DESCRIPTIVE_CI
50,ALS,0,eligible_k,actual_movie_support,271,0.9259018132326435,0.909296325992205,0.9410171062736735,DESCRIPTIVE_CI
50,ALS,0,eligible_k,prediction_outside_scale,271,0.0,0.0,0.0,DESCRIPTIVE_CI
50,ALS,0,common_k30,mse,183,0.8622454291996173,0.7495468924900814,0.9998668285611796,DESCRIPTIVE_CI
50,ALS,0,common_k30,mae,183,0.7065416926427077,0.6561399326269539,0.7623858351445213,DESCRIPTIVE_CI
50,ALS,0,common_k30,pa,167,0.5,0.5,0.5,DESCRIPTIVE_CI
50,ALS,0,common_k30,als_direct,183,0.0,0.0,0.0,DESCRIPTIVE_CI
50,ALS,0,common_k30,actual_movie_support,183,0.8967544388436687,0.8737895112829587,0.9181362556104972,DESCRIPTIVE_CI
50,ALS,0,common_k30,prediction_outside_scale,183,0.0,0.0,0.0,DESCRIPTIVE_CI
50,ALS,1,eligible_k,mse,187,1.7967624878578674,1.5083074975088806,2.1260564984715815,DESCRIPTIVE_CI
50,ALS,1,eligible_k,mae,187,1.046426423291955,0.9616547109199366,1.1353107857050282,DESCRIPTIVE_CI
50,ALS,1,eligible_k,pa,171,0.5546815358538044,0.5226712181714417,0.5865734237980467,DESCRIPTIVE_CI
50,ALS,1,eligible_k,als_direct,187,0.8709256520878396,0.8384115647628237,0.901400916662294,DESCRIPTIVE_CI
50,ALS,1,eligible_k,actual_movie_support,187,0.8989629000448738,0.8761976220263782,0.919953084922911,DESCRIPTIVE_CI
50,ALS,1,eligible_k,prediction_outside_scale,187,0.015491550546158923,0.0038052694924624445,0.031881169475499516,DESCRIPTIVE_CI
50,ALS,1,common_k30,mse,183,1.8128300553063939,1.5203221415197563,2.1512267480202887,DESCRIPTIVE_CI
50,ALS,1,common_k30,mae,183,1.0496888918476657,0.9634536559979208,1.1414896553956588,DESCRIPTIVE_CI
50,ALS,1,common_k30,pa,167,0.5546034825948629,0.5213464895154084,0.5870916753644888,DESCRIPTIVE_CI
50,ALS,1,common_k30,als_direct,183,0.8681043548657159,0.8352402801635183,0.8988187652140671,DESCRIPTIVE_CI
50,ALS,1,common_k30,actual_movie_support,183,0.8967544388436687,0.8737895112829587,0.9181362556104972,DESCRIPTIVE_CI
50,ALS,1,common_k30,prediction_outside_scale,183,0.015830163672850926,0.003965156034913032,0.03261242180650283,DESCRIPTIVE_CI
50,ALS,5,eligible_k,mse,186,0.9377667920818838,0.8124246530887801,1.0869245550013005,DESCRIPTIVE_CI
50,ALS,5,eligible_k,mae,186,0.7340273994781792,0.6824392024530365,0.7911139729278858,DESCRIPTIVE_CI
50,ALS,5,eligible_k,pa,170,0.5726582671444586,0.5380097756348746,0.6059856518658945,DESCRIPTIVE_CI
50,ALS,5,eligible_k,als_direct,186,0.8984196898300613,0.8758061422414809,0.9190901477288381,DESCRIPTIVE_CI
50,ALS,5,eligible_k,actual_movie_support,186,0.8984196898300613,0.8758061422414809,0.9190901477288381,DESCRIPTIVE_CI
50,ALS,5,eligible_k,prediction_outside_scale,186,0.007162745439302637,0.0017640359041674947,0.014571409820761978,DESCRIPTIVE_CI
50,ALS,5,common_k30,mse,183,0.9364554281301559,0.8086201609866528,1.0837212358996888,DESCRIPTIVE_CI
50,ALS,5,common_k30,mae,183,0.7322505423904232,0.679619692796355,0.7898126454080386,DESCRIPTIVE_CI
50,ALS,5,common_k30,pa,167,0.5730975732481871,0.5382796877482623,0.6069021738063726,DESCRIPTIVE_CI
50,ALS,5,common_k30,als_direct,183,0.8967544388436687,0.8737895112829587,0.9181362556104972,DESCRIPTIVE_CI
50,ALS,5,common_k30,actual_movie_support,183,0.8967544388436687,0.8737895112829587,0.9181362556104972,DESCRIPTIVE_CI
50,ALS,5,common_k30,prediction_outside_scale,183,0.0072801674956846476,0.0017585320591919956,0.01495005065085364,DESCRIPTIVE_CI
50,ALS,10,eligible_k,mse,186,0.800178548325455,0.7003971427357668,0.9117484773232546,DESCRIPTIVE_CI
50,ALS,10,eligible_k,mae,186,0.6773114588601923,0.6323849189246191,0.7264640406747811,DESCRIPTIVE_CI
50,ALS,10,eligible_k,pa,170,0.6093982190494437,0.5774419392031486,0.6410612990767431,DESCRIPTIVE_CI
50,ALS,10,eligible_k,als_direct,186,0.8984196898300613,0.8758061422414809,0.9190901477288381,DESCRIPTIVE_CI
50,ALS,10,eligible_k,actual_movie_support,186,0.8984196898300613,0.8758061422414809,0.9190901477288381,DESCRIPTIVE_CI
50,ALS,10,eligible_k,prediction_outside_scale,186,0.006706086632121248,0.0013392235562796153,0.014158523957439275,DESCRIPTIVE_CI
50,ALS,10,common_k30,mse,183,0.796545326738372,0.6937461824115995,0.9104194593196308,DESCRIPTIVE_CI
50,ALS,10,common_k30,mae,183,0.6744857687264555,0.6279731765821948,0.7253382244819995,DESCRIPTIVE_CI
50,ALS,10,common_k30,pa,167,0.6082496069963625,0.5766970199019898,0.6389891727866632,DESCRIPTIVE_CI
50,ALS,10,common_k30,als_direct,183,0.8967544388436687,0.8737895112829587,0.9181362556104972,DESCRIPTIVE_CI
50,ALS,10,common_k30,actual_movie_support,183,0.8967544388436687,0.8737895112829587,0.9181362556104972,DESCRIPTIVE_CI
50,ALS,10,common_k30,prediction_outside_scale,183,0.006816022478549465,0.0013807489513008395,0.014527168951557269,DESCRIPTIVE_CI
50,ALS,30,eligible_k,mse,183,0.7018318907283957,0.6122233852704617,0.7996742709905034,DESCRIPTIVE_CI
50,ALS,30,eligible_k,mae,183,0.6279636504203333,0.5849294418311513,0.6729322738739905,DESCRIPTIVE_CI
50,ALS,30,eligible_k,pa,167,0.6252070477940042,0.592593054088983,0.6561170020666073,DESCRIPTIVE_CI
50,ALS,30,eligible_k,als_direct,183,0.8967544388436687,0.8737895112829587,0.9181362556104972,DESCRIPTIVE_CI
50,ALS,30,eligible_k,actual_movie_support,183,0.8967544388436687,0.8737895112829587,0.9181362556104972,DESCRIPTIVE_CI
50,ALS,30,eligible_k,prediction_outside_scale,183,0.004717114532418642,0.0012580005306983613,0.009632505351021609,DESCRIPTIVE_CI
50,ALS,30,common_k30,mse,183,0.7018318907283957,0.6122233852704617,0.7996742709905034,DESCRIPTIVE_CI
50,ALS,30,common_k30,mae,183,0.6279636504203333,0.5849294418311513,0.6729322738739905,DESCRIPTIVE_CI
50,ALS,30,common_k30,pa,167,0.6252070477940042,0.592593054088983,0.6561170020666073,DESCRIPTIVE_CI
50,ALS,30,common_k30,als_direct,183,0.8967544388436687,0.8737895112829587,0.9181362556104972,DESCRIPTIVE_CI
50,ALS,30,common_k30,actual_movie_support,183,0.8967544388436687,0.8737895112829587,0.9181362556104972,DESCRIPTIVE_CI
50,ALS,30,common_k30,prediction_outside_scale,183,0.004717114532418642,0.0012580005306983613,0.009632505351021609,DESCRIPTIVE_CI
50,FM,0,eligible_k,mse,271,0.9068454632256299,0.8183097252543855,1.0074473107148927,DESCRIPTIVE_CI
50,FM,0,eligible_k,mae,271,0.7446312349214754,0.7079027188867687,0.78369407014177,DESCRIPTIVE_CI
50,FM,0,eligible_k,pa,255,0.5543242613728866,0.5307859894795783,0.577327570006121,DESCRIPTIVE_CI
50,FM,0,eligible_k,als_direct,271,0.0,0.0,0.0,DESCRIPTIVE_CI
50,FM,0,eligible_k,actual_movie_support,271,0.9259018132326435,0.909296325992205,0.9410171062736735,DESCRIPTIVE_CI
50,FM,0,eligible_k,prediction_outside_scale,271,0.0,0.0,0.0,DESCRIPTIVE_CI
50,FM,0,common_k30,mse,183,0.8578640121210785,0.746036113899454,0.9971918907583182,DESCRIPTIVE_CI
50,FM,0,common_k30,mae,183,0.7154205109430561,0.6681296000638599,0.7684475756948941,DESCRIPTIVE_CI
50,FM,0,common_k30,pa,167,0.5438564295056971,0.5102826693131148,0.5771670757749783,DESCRIPTIVE_CI
50,FM,0,common_k30,als_direct,183,0.0,0.0,0.0,DESCRIPTIVE_CI
50,FM,0,common_k30,actual_movie_support,183,0.8967544388436687,0.8737895112829587,0.9181362556104972,DESCRIPTIVE_CI
50,FM,0,common_k30,prediction_outside_scale,183,0.0,0.0,0.0,DESCRIPTIVE_CI
50,FM,1,eligible_k,mse,187,0.8479060889625617,0.7437024135799346,0.9634085151403482,DESCRIPTIVE_CI
50,FM,1,eligible_k,mae,187,0.7161236929331305,0.6696927890052542,0.7644234148389535,DESCRIPTIVE_CI
50,FM,1,eligible_k,pa,171,0.5418391360435547,0.508057355569403,0.5743419046323512,DESCRIPTIVE_CI
50,FM,1,eligible_k,als_direct,187,0.8709256520878396,0.8384115647628237,0.901400916662294,DESCRIPTIVE_CI
50,FM,1,eligible_k,actual_movie_support,187,0.8989629000448738,0.8761976220263782,0.919953084922911,DESCRIPTIVE_CI
50,FM,1,eligible_k,prediction_outside_scale,187,0.0,0.0,0.0,DESCRIPTIVE_CI
50,FM,1,common_k30,mse,183,0.8524061105980144,0.7465505638248877,0.9763984013761559,DESCRIPTIVE_CI
50,FM,1,common_k30,mae,183,0.7175324651051591,0.6705293601821191,0.7694347043147373,DESCRIPTIVE_CI
50,FM,1,common_k30,pa,167,0.5412576820092808,0.506945574804026,0.5750381027949797,DESCRIPTIVE_CI
50,FM,1,common_k30,als_direct,183,0.8681043548657159,0.8352402801635183,0.8988187652140671,DESCRIPTIVE_CI
50,FM,1,common_k30,actual_movie_support,183,0.8967544388436687,0.8737895112829587,0.9181362556104972,DESCRIPTIVE_CI
50,FM,1,common_k30,prediction_outside_scale,183,0.0,0.0,0.0,DESCRIPTIVE_CI
50,FM,5,eligible_k,mse,186,0.7804874088787415,0.6889717805774842,0.8838498511049324,DESCRIPTIVE_CI
50,FM,5,eligible_k,mae,186,0.6872964471621055,0.644834850522975,0.7338732552737405,DESCRIPTIVE_CI
50,FM,5,eligible_k,pa,170,0.546528171472243,0.5108491905724472,0.5809870357432955,DESCRIPTIVE_CI
50,FM,5,eligible_k,als_direct,186,0.8984196898300613,0.8758061422414809,0.9190901477288381,DESCRIPTIVE_CI
50,FM,5,eligible_k,actual_movie_support,186,0.8984196898300613,0.8758061422414809,0.9190901477288381,DESCRIPTIVE_CI
50,FM,5,eligible_k,prediction_outside_scale,186,0.0,0.0,0.0,DESCRIPTIVE_CI
50,FM,5,common_k30,mse,183,0.7856875141730705,0.6927777492319005,0.8943050506443896,DESCRIPTIVE_CI
50,FM,5,common_k30,mae,183,0.6889265795427588,0.6451593947174734,0.7377285796936545,DESCRIPTIVE_CI
50,FM,5,common_k30,pa,167,0.5502534018431753,0.5152123769161647,0.5843092123010442,DESCRIPTIVE_CI
50,FM,5,common_k30,als_direct,183,0.8967544388436687,0.8737895112829587,0.9181362556104972,DESCRIPTIVE_CI
50,FM,5,common_k30,actual_movie_support,183,0.8967544388436687,0.8737895112829587,0.9181362556104972,DESCRIPTIVE_CI
50,FM,5,common_k30,prediction_outside_scale,183,0.0,0.0,0.0,DESCRIPTIVE_CI
50,FM,10,eligible_k,mse,186,0.7532247524771982,0.6636846488333092,0.8520591970031415,DESCRIPTIVE_CI
50,FM,10,eligible_k,mae,186,0.6692286438469981,0.6268574459612892,0.7150547310239282,DESCRIPTIVE_CI
50,FM,10,eligible_k,pa,170,0.5494837966674455,0.5154876625092166,0.5826083744531859,DESCRIPTIVE_CI
50,FM,10,eligible_k,als_direct,186,0.8984196898300613,0.8758061422414809,0.9190901477288381,DESCRIPTIVE_CI
50,FM,10,eligible_k,actual_movie_support,186,0.8984196898300613,0.8758061422414809,0.9190901477288381,DESCRIPTIVE_CI
50,FM,10,eligible_k,prediction_outside_scale,186,0.0,0.0,0.0,DESCRIPTIVE_CI
50,FM,10,common_k30,mse,183,0.7581005401500712,0.6677688658215496,0.8619767573617314,DESCRIPTIVE_CI
50,FM,10,common_k30,mae,183,0.6711640297603525,0.6280505988847357,0.7191470576556338,DESCRIPTIVE_CI
50,FM,10,common_k30,pa,167,0.548876973480089,0.5146317324471771,0.5826896337668526,DESCRIPTIVE_CI
50,FM,10,common_k30,als_direct,183,0.8967544388436687,0.8737895112829587,0.9181362556104972,DESCRIPTIVE_CI
50,FM,10,common_k30,actual_movie_support,183,0.8967544388436687,0.8737895112829587,0.9181362556104972,DESCRIPTIVE_CI
50,FM,10,common_k30,prediction_outside_scale,183,0.0,0.0,0.0,DESCRIPTIVE_CI
50,FM,30,eligible_k,mse,183,0.7112395740009042,0.62885309582959,0.8044693941492528,DESCRIPTIVE_CI
50,FM,30,eligible_k,mae,183,0.6502680709896492,0.6090644393640972,0.6946572906136633,DESCRIPTIVE_CI
50,FM,30,eligible_k,pa,167,0.5531394234261728,0.5191472578062614,0.586496548382619,DESCRIPTIVE_CI
50,FM,30,eligible_k,als_direct,183,0.8967544388436687,0.8737895112829587,0.9181362556104972,DESCRIPTIVE_CI
50,FM,30,eligible_k,actual_movie_support,183,0.8967544388436687,0.8737895112829587,0.9181362556104972,DESCRIPTIVE_CI
50,FM,30,eligible_k,prediction_outside_scale,183,0.0,0.0,0.0,DESCRIPTIVE_CI
50,FM,30,common_k30,mse,183,0.7112395740009042,0.62885309582959,0.8044693941492528,DESCRIPTIVE_CI
50,FM,30,common_k30,mae,183,0.6502680709896492,0.6090644393640972,0.6946572906136633,DESCRIPTIVE_CI
50,FM,30,common_k30,pa,167,0.5531394234261728,0.5191472578062614,0.586496548382619,DESCRIPTIVE_CI
50,FM,30,common_k30,als_direct,183,0.8967544388436687,0.8737895112829587,0.9181362556104972,DESCRIPTIVE_CI
50,FM,30,common_k30,actual_movie_support,183,0.8967544388436687,0.8737895112829587,0.9181362556104972,DESCRIPTIVE_CI
50,FM,30,common_k30,prediction_outside_scale,183,0.0,0.0,0.0,DESCRIPTIVE_CI
50,ALS_FM,0,eligible_k,mse,271,0.9068454632256299,0.8183097252543855,1.0074473107148927,DESCRIPTIVE_CI
50,ALS_FM,0,eligible_k,mae,271,0.7446312349214754,0.7079027188867687,0.78369407014177,DESCRIPTIVE_CI
50,ALS_FM,0,eligible_k,pa,255,0.5543242613728866,0.5307859894795783,0.577327570006121,DESCRIPTIVE_CI
50,ALS_FM,0,eligible_k,als_direct,271,0.0,0.0,0.0,DESCRIPTIVE_CI
50,ALS_FM,0,eligible_k,actual_movie_support,271,0.9259018132326435,0.909296325992205,0.9410171062736735,DESCRIPTIVE_CI
50,ALS_FM,0,eligible_k,prediction_outside_scale,271,0.0,0.0,0.0,DESCRIPTIVE_CI
50,ALS_FM,0,common_k30,mse,183,0.8578640121210785,0.746036113899454,0.9971918907583182,DESCRIPTIVE_CI
50,ALS_FM,0,common_k30,mae,183,0.7154205109430561,0.6681296000638599,0.7684475756948941,DESCRIPTIVE_CI
50,ALS_FM,0,common_k30,pa,167,0.5438564295056971,0.5102826693131148,0.5771670757749783,DESCRIPTIVE_CI
50,ALS_FM,0,common_k30,als_direct,183,0.0,0.0,0.0,DESCRIPTIVE_CI
50,ALS_FM,0,common_k30,actual_movie_support,183,0.8967544388436687,0.8737895112829587,0.9181362556104972,DESCRIPTIVE_CI
50,ALS_FM,0,common_k30,prediction_outside_scale,183,0.0,0.0,0.0,DESCRIPTIVE_CI
50,ALS_FM,1,eligible_k,mse,187,0.8988060121062892,0.7886381422201517,1.0277086367153272,DESCRIPTIVE_CI
50,ALS_FM,1,eligible_k,mae,187,0.7511854096132075,0.7034988539810835,0.8022477307861684,DESCRIPTIVE_CI
50,ALS_FM,1,eligible_k,pa,171,0.5543330645692464,0.5197212632370806,0.5868737219948107,DESCRIPTIVE_CI
50,ALS_FM,1,eligible_k,als_direct,187,0.8709256520878396,0.8384115647628237,0.901400916662294,DESCRIPTIVE_CI
50,ALS_FM,1,eligible_k,actual_movie_support,187,0.8989629000448738,0.8761976220263782,0.919953084922911,DESCRIPTIVE_CI
50,ALS_FM,1,eligible_k,prediction_outside_scale,187,0.0,0.0,0.0,DESCRIPTIVE_CI
50,ALS_FM,1,common_k30,mse,183,0.9032538829539193,0.7912880405483323,1.0377936226858533,DESCRIPTIVE_CI
50,ALS_FM,1,common_k30,mae,183,0.7523639658812558,0.7032198848592225,0.8060349967660914,DESCRIPTIVE_CI
50,ALS_FM,1,common_k30,pa,167,0.5541419137299278,0.5198977076030187,0.587989169991811,DESCRIPTIVE_CI
50,ALS_FM,1,common_k30,als_direct,183,0.8681043548657159,0.8352402801635183,0.8988187652140671,DESCRIPTIVE_CI
50,ALS_FM,1,common_k30,actual_movie_support,183,0.8967544388436687,0.8737895112829587,0.9181362556104972,DESCRIPTIVE_CI
50,ALS_FM,1,common_k30,prediction_outside_scale,183,0.0,0.0,0.0,DESCRIPTIVE_CI
50,ALS_FM,5,eligible_k,mse,186,0.7450468717285033,0.6587417991825033,0.8392621544516763,DESCRIPTIVE_CI
50,ALS_FM,5,eligible_k,mae,186,0.6701805091604487,0.626861790256728,0.7164070406706372,DESCRIPTIVE_CI
50,ALS_FM,5,eligible_k,pa,170,0.5722372840143826,0.5366523413568496,0.6068208524764797,DESCRIPTIVE_CI
50,ALS_FM,5,eligible_k,als_direct,186,0.8984196898300613,0.8758061422414809,0.9190901477288381,DESCRIPTIVE_CI
50,ALS_FM,5,eligible_k,actual_movie_support,186,0.8984196898300613,0.8758061422414809,0.9190901477288381,DESCRIPTIVE_CI
50,ALS_FM,5,eligible_k,prediction_outside_scale,186,0.0,0.0,0.0,DESCRIPTIVE_CI
50,ALS_FM,5,common_k30,mse,183,0.748665093840037,0.6607984632298158,0.84888899124617,DESCRIPTIVE_CI
50,ALS_FM,5,common_k30,mae,183,0.6714519397660742,0.6275821773401472,0.7196612635526375,DESCRIPTIVE_CI
50,ALS_FM,5,common_k30,pa,167,0.5762436350885858,0.5413350843277489,0.6103919436770177,DESCRIPTIVE_CI
50,ALS_FM,5,common_k30,als_direct,183,0.8967544388436687,0.8737895112829587,0.9181362556104972,DESCRIPTIVE_CI
50,ALS_FM,5,common_k30,actual_movie_support,183,0.8967544388436687,0.8737895112829587,0.9181362556104972,DESCRIPTIVE_CI
50,ALS_FM,5,common_k30,prediction_outside_scale,183,0.0,0.0,0.0,DESCRIPTIVE_CI
50,ALS_FM,10,eligible_k,mse,186,0.7037750054581278,0.6230823938985769,0.7910575264517605,DESCRIPTIVE_CI
50,ALS_FM,10,eligible_k,mae,186,0.6477104590586747,0.6055642843054853,0.6931062511354474,DESCRIPTIVE_CI
50,ALS_FM,10,eligible_k,pa,170,0.5776603488513612,0.5436092561985832,0.6103096239306357,DESCRIPTIVE_CI
50,ALS_FM,10,eligible_k,als_direct,186,0.8984196898300613,0.8758061422414809,0.9190901477288381,DESCRIPTIVE_CI
50,ALS_FM,10,eligible_k,actual_movie_support,186,0.8984196898300613,0.8758061422414809,0.9190901477288381,DESCRIPTIVE_CI
50,ALS_FM,10,eligible_k,prediction_outside_scale,186,0.0,0.0,0.0,DESCRIPTIVE_CI
50,ALS_FM,10,common_k30,mse,183,0.7067300981760268,0.6244945216187292,0.7997348438070164,DESCRIPTIVE_CI
50,ALS_FM,10,common_k30,mae,183,0.6487712842441618,0.6055025621317771,0.6957517704950255,DESCRIPTIVE_CI
50,ALS_FM,10,common_k30,pa,167,0.5775207729697077,0.5432268803430155,0.6108672967197707,DESCRIPTIVE_CI
50,ALS_FM,10,common_k30,als_direct,183,0.8967544388436687,0.8737895112829587,0.9181362556104972,DESCRIPTIVE_CI
50,ALS_FM,10,common_k30,actual_movie_support,183,0.8967544388436687,0.8737895112829587,0.9181362556104972,DESCRIPTIVE_CI
50,ALS_FM,10,common_k30,prediction_outside_scale,183,0.0,0.0,0.0,DESCRIPTIVE_CI
50,ALS_FM,30,eligible_k,mse,183,0.6587758769068881,0.5849291260859988,0.7388239180595877,DESCRIPTIVE_CI
50,ALS_FM,30,eligible_k,mae,183,0.6287568941945606,0.5886505595722522,0.671125300317854,DESCRIPTIVE_CI
50,ALS_FM,30,eligible_k,pa,167,0.5867675918619655,0.5528102872195809,0.6194363600601253,DESCRIPTIVE_CI
50,ALS_FM,30,eligible_k,als_direct,183,0.8967544388436687,0.8737895112829587,0.9181362556104972,DESCRIPTIVE_CI
50,ALS_FM,30,eligible_k,actual_movie_support,183,0.8967544388436687,0.8737895112829587,0.9181362556104972,DESCRIPTIVE_CI
50,ALS_FM,30,eligible_k,prediction_outside_scale,183,0.0,0.0,0.0,DESCRIPTIVE_CI
50,ALS_FM,30,common_k30,mse,183,0.6587758769068881,0.5849291260859988,0.7388239180595877,DESCRIPTIVE_CI
50,ALS_FM,30,common_k30,mae,183,0.6287568941945606,0.5886505595722522,0.671125300317854,DESCRIPTIVE_CI
50,ALS_FM,30,common_k30,pa,167,0.5867675918619655,0.5528102872195809,0.6194363600601253,DESCRIPTIVE_CI
50,ALS_FM,30,common_k30,als_direct,183,0.8967544388436687,0.8737895112829587,0.9181362556104972,DESCRIPTIVE_CI
50,ALS_FM,30,common_k30,actual_movie_support,183,0.8967544388436687,0.8737895112829587,0.9181362556104972,DESCRIPTIVE_CI
50,ALS_FM,30,common_k30,prediction_outside_scale,183,0.0,0.0,0.0,DESCRIPTIVE_CI
50,RIDGE,0,eligible_k,mse,271,0.9055188349124011,0.8177974016861803,1.0051573231111994,DESCRIPTIVE_CI
50,RIDGE,0,eligible_k,mae,271,0.7450180344340566,0.7078751294669701,0.7845801420634481,DESCRIPTIVE_CI
50,RIDGE,0,eligible_k,pa,255,0.5568494386480145,0.5325020230824182,0.5807111397138124,DESCRIPTIVE_CI
50,RIDGE,0,eligible_k,als_direct,271,0.0,0.0,0.0,DESCRIPTIVE_CI
50,RIDGE,0,eligible_k,actual_movie_support,271,0.9259018132326435,0.909296325992205,0.9410171062736735,DESCRIPTIVE_CI
50,RIDGE,0,eligible_k,prediction_outside_scale,271,0.0,0.0,0.0,DESCRIPTIVE_CI
50,RIDGE,0,common_k30,mse,183,0.8512467656992866,0.7398542482028724,0.9899893718768414,DESCRIPTIVE_CI
50,RIDGE,0,common_k30,mae,183,0.7123180511128692,0.6639946478072407,0.7658055004455965,DESCRIPTIVE_CI
50,RIDGE,0,common_k30,pa,167,0.5471466989289724,0.5125665280400643,0.5816444734318187,DESCRIPTIVE_CI
50,RIDGE,0,common_k30,als_direct,183,0.0,0.0,0.0,DESCRIPTIVE_CI
50,RIDGE,0,common_k30,actual_movie_support,183,0.8967544388436687,0.8737895112829587,0.9181362556104972,DESCRIPTIVE_CI
50,RIDGE,0,common_k30,prediction_outside_scale,183,0.0,0.0,0.0,DESCRIPTIVE_CI
50,RIDGE,1,eligible_k,mse,187,0.8488926741224614,0.7505142604772216,0.9569207464817423,DESCRIPTIVE_CI
50,RIDGE,1,eligible_k,mae,187,0.7253309966413889,0.679268182766809,0.7738294651496501,DESCRIPTIVE_CI
50,RIDGE,1,eligible_k,pa,171,0.5356556362040572,0.5009317688698847,0.5691104167631228,DESCRIPTIVE_CI
50,RIDGE,1,eligible_k,als_direct,187,0.8709256520878396,0.8384115647628237,0.901400916662294,DESCRIPTIVE_CI
50,RIDGE,1,eligible_k,actual_movie_support,187,0.8989629000448738,0.8761976220263782,0.919953084922911,DESCRIPTIVE_CI
50,RIDGE,1,eligible_k,prediction_outside_scale,187,0.0,0.0,0.0,DESCRIPTIVE_CI
50,RIDGE,1,common_k30,mse,183,0.8523815324917059,0.7536181985356905,0.9670628651544522,DESCRIPTIVE_CI
50,RIDGE,1,common_k30,mae,183,0.7260061221796272,0.6792747974474176,0.777865800348769,DESCRIPTIVE_CI
50,RIDGE,1,common_k30,pa,167,0.5390199585131105,0.5046679839213576,0.5727751922874139,DESCRIPTIVE_CI
50,RIDGE,1,common_k30,als_direct,183,0.8681043548657159,0.8352402801635183,0.8988187652140671,DESCRIPTIVE_CI
50,RIDGE,1,common_k30,actual_movie_support,183,0.8967544388436687,0.8737895112829587,0.9181362556104972,DESCRIPTIVE_CI
50,RIDGE,1,common_k30,prediction_outside_scale,183,0.0,0.0,0.0,DESCRIPTIVE_CI
50,RIDGE,5,eligible_k,mse,186,0.7946631041641699,0.701575327976439,0.9008149599848567,DESCRIPTIVE_CI
50,RIDGE,5,eligible_k,mae,186,0.694564873911687,0.6504387514187786,0.7421714582226044,DESCRIPTIVE_CI
50,RIDGE,5,eligible_k,pa,170,0.5451879473758013,0.5091775165871825,0.5798267635799421,DESCRIPTIVE_CI
50,RIDGE,5,eligible_k,als_direct,186,0.8984196898300613,0.8758061422414809,0.9190901477288381,DESCRIPTIVE_CI
50,RIDGE,5,eligible_k,actual_movie_support,186,0.8984196898300613,0.8758061422414809,0.9190901477288381,DESCRIPTIVE_CI
50,RIDGE,5,eligible_k,prediction_outside_scale,186,0.0,0.0,0.0,DESCRIPTIVE_CI
50,RIDGE,5,common_k30,mse,183,0.7996781017108404,0.7057262697815676,0.9100936827097701,DESCRIPTIVE_CI
50,RIDGE,5,common_k30,mae,183,0.6960723094134634,0.6514280641782868,0.7460752546231812,DESCRIPTIVE_CI
50,RIDGE,5,common_k30,pa,167,0.5486219720317634,0.5134252499184842,0.582935081621598,DESCRIPTIVE_CI
50,RIDGE,5,common_k30,als_direct,183,0.8967544388436687,0.8737895112829587,0.9181362556104972,DESCRIPTIVE_CI
50,RIDGE,5,common_k30,actual_movie_support,183,0.8967544388436687,0.8737895112829587,0.9181362556104972,DESCRIPTIVE_CI
50,RIDGE,5,common_k30,prediction_outside_scale,183,0.0,0.0,0.0,DESCRIPTIVE_CI
50,RIDGE,10,eligible_k,mse,186,0.7764851088023965,0.6855436976743804,0.8798616706580978,DESCRIPTIVE_CI
50,RIDGE,10,eligible_k,mae,186,0.6823119589424644,0.638593051780515,0.729134290898994,DESCRIPTIVE_CI
50,RIDGE,10,eligible_k,pa,170,0.5508212987901201,0.515655819460761,0.5847902504554442,DESCRIPTIVE_CI
50,RIDGE,10,eligible_k,als_direct,186,0.8984196898300613,0.8758061422414809,0.9190901477288381,DESCRIPTIVE_CI
50,RIDGE,10,eligible_k,actual_movie_support,186,0.8984196898300613,0.8758061422414809,0.9190901477288381,DESCRIPTIVE_CI
50,RIDGE,10,eligible_k,prediction_outside_scale,186,0.0,0.0,0.0,DESCRIPTIVE_CI
50,RIDGE,10,common_k30,mse,183,0.7814536072617033,0.6896787267592649,0.8886629558215854,DESCRIPTIVE_CI
50,RIDGE,10,common_k30,mae,183,0.6840178477455154,0.6393061102668495,0.7334091049473639,DESCRIPTIVE_CI
50,RIDGE,10,common_k30,pa,167,0.5525430633496479,0.5175938960902297,0.5867714031081085,DESCRIPTIVE_CI
50,RIDGE,10,common_k30,als_direct,183,0.8967544388436687,0.8737895112829587,0.9181362556104972,DESCRIPTIVE_CI
50,RIDGE,10,common_k30,actual_movie_support,183,0.8967544388436687,0.8737895112829587,0.9181362556104972,DESCRIPTIVE_CI
50,RIDGE,10,common_k30,prediction_outside_scale,183,0.0,0.0,0.0,DESCRIPTIVE_CI
50,RIDGE,30,eligible_k,mse,183,0.7764804688449947,0.6888764670319878,0.8757378820044184,DESCRIPTIVE_CI
50,RIDGE,30,eligible_k,mae,183,0.6879978249741941,0.6446309896663898,0.7357472794534098,DESCRIPTIVE_CI
50,RIDGE,30,eligible_k,pa,167,0.5566142277058318,0.5215508641641802,0.5915927751017517,DESCRIPTIVE_CI
50,RIDGE,30,eligible_k,als_direct,183,0.8967544388436687,0.8737895112829587,0.9181362556104972,DESCRIPTIVE_CI
50,RIDGE,30,eligible_k,actual_movie_support,183,0.8967544388436687,0.8737895112829587,0.9181362556104972,DESCRIPTIVE_CI
50,RIDGE,30,eligible_k,prediction_outside_scale,183,0.0,0.0,0.0,DESCRIPTIVE_CI
50,RIDGE,30,common_k30,mse,183,0.7764804688449947,0.6888764670319878,0.8757378820044184,DESCRIPTIVE_CI
50,RIDGE,30,common_k30,mae,183,0.6879978249741941,0.6446309896663898,0.7357472794534098,DESCRIPTIVE_CI
50,RIDGE,30,common_k30,pa,167,0.5566142277058318,0.5215508641641802,0.5915927751017517,DESCRIPTIVE_CI
50,RIDGE,30,common_k30,als_direct,183,0.8967544388436687,0.8737895112829587,0.9181362556104972,DESCRIPTIVE_CI
50,RIDGE,30,common_k30,actual_movie_support,183,0.8967544388436687,0.8737895112829587,0.9181362556104972,DESCRIPTIVE_CI
50,RIDGE,30,common_k30,prediction_outside_scale,183,0.0,0.0,0.0,DESCRIPTIVE_CI
50,GBT,0,eligible_k,mse,271,0.8836514320283141,0.7949555171910774,0.984737951085873,DESCRIPTIVE_CI
50,GBT,0,eligible_k,mae,271,0.7344730461112465,0.6978441839313057,0.7734005004740083,DESCRIPTIVE_CI
50,GBT,0,eligible_k,pa,255,0.5636216093642945,0.5406805928744114,0.5863701007455311,DESCRIPTIVE_CI
50,GBT,0,eligible_k,als_direct,271,0.0,0.0,0.0,DESCRIPTIVE_CI
50,GBT,0,eligible_k,actual_movie_support,271,0.9259018132326435,0.909296325992205,0.9410171062736735,DESCRIPTIVE_CI
50,GBT,0,eligible_k,prediction_outside_scale,271,0.0,0.0,0.0,DESCRIPTIVE_CI
50,GBT,0,common_k30,mse,183,0.8355586868019163,0.7231152422902293,0.9771686244413946,DESCRIPTIVE_CI
50,GBT,0,common_k30,mae,183,0.7065874437075227,0.6595687759520898,0.7593962522280833,DESCRIPTIVE_CI
50,GBT,0,common_k30,pa,167,0.5528796195938895,0.520505575421953,0.5857428044015137,DESCRIPTIVE_CI
50,GBT,0,common_k30,als_direct,183,0.0,0.0,0.0,DESCRIPTIVE_CI
50,GBT,0,common_k30,actual_movie_support,183,0.8967544388436687,0.8737895112829587,0.9181362556104972,DESCRIPTIVE_CI
50,GBT,0,common_k30,prediction_outside_scale,183,0.0,0.0,0.0,DESCRIPTIVE_CI
50,GBT,1,eligible_k,mse,187,0.8218881931311945,0.7188002330812363,0.936267688049398,DESCRIPTIVE_CI
50,GBT,1,eligible_k,mae,187,0.706717710634528,0.6602600428998523,0.7554071386789893,DESCRIPTIVE_CI
50,GBT,1,eligible_k,pa,171,0.5527366895623385,0.5203963766346938,0.583888405871555,DESCRIPTIVE_CI
50,GBT,1,eligible_k,als_direct,187,0.8709256520878396,0.8384115647628237,0.901400916662294,DESCRIPTIVE_CI
50,GBT,1,eligible_k,actual_movie_support,187,0.8989629000448738,0.8761976220263782,0.919953084922911,DESCRIPTIVE_CI
50,GBT,1,eligible_k,prediction_outside_scale,187,0.0,0.0,0.0,DESCRIPTIVE_CI
50,GBT,1,common_k30,mse,183,0.8269587740468518,0.7223039407306537,0.9501438112513326,DESCRIPTIVE_CI
50,GBT,1,common_k30,mae,183,0.7088334409419728,0.6620060381766065,0.7606278663555103,DESCRIPTIVE_CI
50,GBT,1,common_k30,pa,167,0.5520137094847662,0.5190532415501061,0.5840945631824274,DESCRIPTIVE_CI
50,GBT,1,common_k30,als_direct,183,0.8681043548657159,0.8352402801635183,0.8988187652140671,DESCRIPTIVE_CI
50,GBT,1,common_k30,actual_movie_support,183,0.8967544388436687,0.8737895112829587,0.9181362556104972,DESCRIPTIVE_CI
50,GBT,1,common_k30,prediction_outside_scale,183,0.0,0.0,0.0,DESCRIPTIVE_CI
50,GBT,5,eligible_k,mse,186,0.7602249955911066,0.6683823562750908,0.8664718557842624,DESCRIPTIVE_CI
50,GBT,5,eligible_k,mae,186,0.6792587526910073,0.6360079429594858,0.7263210229452621,DESCRIPTIVE_CI
50,GBT,5,eligible_k,pa,170,0.5631228465353838,0.5304921841069403,0.5946655923865475,DESCRIPTIVE_CI
50,GBT,5,eligible_k,als_direct,186,0.8984196898300613,0.8758061422414809,0.9190901477288381,DESCRIPTIVE_CI
50,GBT,5,eligible_k,actual_movie_support,186,0.8984196898300613,0.8758061422414809,0.9190901477288381,DESCRIPTIVE_CI
50,GBT,5,eligible_k,prediction_outside_scale,186,0.0,0.0,0.0,DESCRIPTIVE_CI
50,GBT,5,common_k30,mse,183,0.764959460667453,0.6724732435730063,0.8752654482795045,DESCRIPTIVE_CI
50,GBT,5,common_k30,mae,183,0.6807508061891752,0.6370276974038322,0.729839106587974,DESCRIPTIVE_CI
50,GBT,5,common_k30,pa,167,0.5668559352249852,0.5352471590156023,0.598057412321665,DESCRIPTIVE_CI
50,GBT,5,common_k30,als_direct,183,0.8967544388436687,0.8737895112829587,0.9181362556104972,DESCRIPTIVE_CI
50,GBT,5,common_k30,actual_movie_support,183,0.8967544388436687,0.8737895112829587,0.9181362556104972,DESCRIPTIVE_CI
50,GBT,5,common_k30,prediction_outside_scale,183,0.0,0.0,0.0,DESCRIPTIVE_CI
50,GBT,10,eligible_k,mse,186,0.7554210559332408,0.6626303067621341,0.8632227653628223,DESCRIPTIVE_CI
50,GBT,10,eligible_k,mae,186,0.6679918894723995,0.6239873529268122,0.7159637728002107,DESCRIPTIVE_CI
50,GBT,10,eligible_k,pa,170,0.5589502179340968,0.5269755493647976,0.5901217123963532,DESCRIPTIVE_CI
50,GBT,10,eligible_k,als_direct,186,0.8984196898300613,0.8758061422414809,0.9190901477288381,DESCRIPTIVE_CI
50,GBT,10,eligible_k,actual_movie_support,186,0.8984196898300613,0.8758061422414809,0.9190901477288381,DESCRIPTIVE_CI
50,GBT,10,eligible_k,prediction_outside_scale,186,0.0,0.0,0.0,DESCRIPTIVE_CI
50,GBT,10,common_k30,mse,183,0.7601143446702638,0.6669795299707448,0.870786131571866,DESCRIPTIVE_CI
50,GBT,10,common_k30,mae,183,0.6697078937050085,0.6248125594378914,0.7198227461728666,DESCRIPTIVE_CI
50,GBT,10,common_k30,pa,167,0.5586649811336003,0.5263857384417971,0.5901824699018554,DESCRIPTIVE_CI
50,GBT,10,common_k30,als_direct,183,0.8967544388436687,0.8737895112829587,0.9181362556104972,DESCRIPTIVE_CI
50,GBT,10,common_k30,actual_movie_support,183,0.8967544388436687,0.8737895112829587,0.9181362556104972,DESCRIPTIVE_CI
50,GBT,10,common_k30,prediction_outside_scale,183,0.0,0.0,0.0,DESCRIPTIVE_CI
50,GBT,30,eligible_k,mse,183,0.7042988102730036,0.6157194397797022,0.8085495712552321,DESCRIPTIVE_CI
50,GBT,30,eligible_k,mae,183,0.6460256008966769,0.6040098935396961,0.6925496882807409,DESCRIPTIVE_CI
50,GBT,30,eligible_k,pa,167,0.5528543426799898,0.5184544840457653,0.5864649411622479,DESCRIPTIVE_CI
50,GBT,30,eligible_k,als_direct,183,0.8967544388436687,0.8737895112829587,0.9181362556104972,DESCRIPTIVE_CI
50,GBT,30,eligible_k,actual_movie_support,183,0.8967544388436687,0.8737895112829587,0.9181362556104972,DESCRIPTIVE_CI
50,GBT,30,eligible_k,prediction_outside_scale,183,0.0,0.0,0.0,DESCRIPTIVE_CI
50,GBT,30,common_k30,mse,183,0.7042988102730036,0.6157194397797022,0.8085495712552321,DESCRIPTIVE_CI
50,GBT,30,common_k30,mae,183,0.6460256008966769,0.6040098935396961,0.6925496882807409,DESCRIPTIVE_CI
50,GBT,30,common_k30,pa,167,0.5528543426799898,0.5184544840457653,0.5864649411622479,DESCRIPTIVE_CI
50,GBT,30,common_k30,als_direct,183,0.8967544388436687,0.8737895112829587,0.9181362556104972,DESCRIPTIVE_CI
50,GBT,30,common_k30,actual_movie_support,183,0.8967544388436687,0.8737895112829587,0.9181362556104972,DESCRIPTIVE_CI
50,GBT,30,common_k30,prediction_outside_scale,183,0.0,0.0,0.0,DESCRIPTIVE_CI
100,ALS,0,eligible_k,mse,271,0.929412071462278,0.842384632766985,1.0281763542839257,DESCRIPTIVE_CI
100,ALS,0,eligible_k,mae,271,0.7480336047147453,0.7093894182851642,0.7887942440295153,DESCRIPTIVE_CI
100,ALS,0,eligible_k,pa,255,0.5,0.5,0.5,DESCRIPTIVE_CI
100,ALS,0,eligible_k,als_direct,271,0.0,0.0,0.0,DESCRIPTIVE_CI
100,ALS,0,eligible_k,actual_movie_support,271,0.9307631442823474,0.9141787468754791,0.9456871351958064,DESCRIPTIVE_CI
100,ALS,0,eligible_k,prediction_outside_scale,271,0.0,0.0,0.0,DESCRIPTIVE_CI
100,ALS,0,common_k30,mse,183,0.8616931755538764,0.749146254461503,0.9994125756542254,DESCRIPTIVE_CI
100,ALS,0,common_k30,mae,183,0.7066656958539836,0.6563081116394366,0.7624355560269747,DESCRIPTIVE_CI
100,ALS,0,common_k30,pa,167,0.5,0.5,0.5,DESCRIPTIVE_CI
100,ALS,0,common_k30,als_direct,183,0.0,0.0,0.0,DESCRIPTIVE_CI
100,ALS,0,common_k30,actual_movie_support,183,0.9036792786872284,0.8809058950010109,0.9249273973454918,DESCRIPTIVE_CI
100,ALS,0,common_k30,prediction_outside_scale,183,0.0,0.0,0.0,DESCRIPTIVE_CI
100,ALS,1,eligible_k,mse,187,1.652961021542354,1.3739079416651074,1.9773320770286391,DESCRIPTIVE_CI
100,ALS,1,eligible_k,mae,187,0.9954322195227326,0.9108329765582127,1.0849959354525247,DESCRIPTIVE_CI
100,ALS,1,eligible_k,pa,171,0.5645549535401633,0.5336731426311119,0.5955997971974493,DESCRIPTIVE_CI
100,ALS,1,eligible_k,als_direct,187,0.885208675323407,0.8551922515586631,0.9125553855058569,DESCRIPTIVE_CI
100,ALS,1,eligible_k,actual_movie_support,187,0.9057396149719937,0.8830703086216362,0.9266935189898152,DESCRIPTIVE_CI
100,ALS,1,eligible_k,prediction_outside_scale,187,0.01609288545256245,0.002487189255251956,0.033881869657231306,DESCRIPTIVE_CI
100,ALS,1,common_k30,mse,183,1.666527172930251,1.3857790178553908,2.002353592480895,DESCRIPTIVE_CI
100,ALS,1,common_k30,mae,183,0.9979193386819131,0.9128864398536441,1.0898644091934726,DESCRIPTIVE_CI
100,ALS,1,common_k30,pa,167,0.5647109015173045,0.5329808870262294,0.5968374259200282,DESCRIPTIVE_CI
100,ALS,1,common_k30,als_direct,183,0.882699575330476,0.8526132544834805,0.9101820191070441,DESCRIPTIVE_CI
100,ALS,1,common_k30,actual_movie_support,183,0.9036792786872284,0.8809058950010109,0.9249273973454918,DESCRIPTIVE_CI
100,ALS,1,common_k30,prediction_outside_scale,183,0.016444642511634855,0.0027618327773520847,0.03449033550959625,DESCRIPTIVE_CI
100,ALS,5,eligible_k,mse,186,0.8873962357584197,0.7630121270778534,1.030069765406918,DESCRIPTIVE_CI
100,ALS,5,eligible_k,mae,186,0.7168580104654763,0.6643509707633096,0.7733248255196976,DESCRIPTIVE_CI
100,ALS,5,eligible_k,pa,170,0.5934065798162936,0.5584551489845869,0.6277891328257014,DESCRIPTIVE_CI
100,ALS,5,eligible_k,als_direct,186,0.9052328387084022,0.8829312913573404,0.9257046972363482,DESCRIPTIVE_CI
100,ALS,5,eligible_k,actual_movie_support,186,0.9052328387084022,0.8829312913573404,0.9257046972363482,DESCRIPTIVE_CI
100,ALS,5,eligible_k,prediction_outside_scale,186,0.003550034216617881,0.0008094645284076027,0.007041091117503229,DESCRIPTIVE_CI
100,ALS,5,common_k30,mse,183,0.8845197409041864,0.7575972246531496,1.0307228026479751,DESCRIPTIVE_CI
100,ALS,5,common_k30,mae,183,0.7143216347219895,0.6610262753050641,0.7728652009454667,DESCRIPTIVE_CI
100,ALS,5,common_k30,pa,167,0.5942508814643626,0.5582048533809401,0.628602602914453,DESCRIPTIVE_CI
100,ALS,5,common_k30,als_direct,183,0.9036792786872284,0.8809058950010109,0.9249273973454918,DESCRIPTIVE_CI
100,ALS,5,common_k30,actual_movie_support,183,0.9036792786872284,0.8809058950010109,0.9249273973454918,DESCRIPTIVE_CI
100,ALS,5,common_k30,prediction_outside_scale,183,0.0036082314988575177,0.0008206550589896662,0.007280398780531867,DESCRIPTIVE_CI
100,ALS,10,eligible_k,mse,186,0.7470458637637603,0.6478536096124572,0.8562637235630031,DESCRIPTIVE_CI
100,ALS,10,eligible_k,mae,186,0.6568277554227355,0.6111309634675398,0.7056299522369258,DESCRIPTIVE_CI
100,ALS,10,eligible_k,pa,170,0.6076815194982107,0.5740863031585339,0.6402527192888497,DESCRIPTIVE_CI
100,ALS,10,eligible_k,als_direct,186,0.9052328387084022,0.8829312913573404,0.9257046972363482,DESCRIPTIVE_CI
100,ALS,10,eligible_k,actual_movie_support,186,0.9052328387084022,0.8829312913573404,0.9257046972363482,DESCRIPTIVE_CI
100,ALS,10,eligible_k,prediction_outside_scale,186,0.0035084558677299913,0.000493830483520108,0.00803025162617456,DESCRIPTIVE_CI
100,ALS,10,common_k30,mse,183,0.7414492324750942,0.6413947928758418,0.8545099595833969,DESCRIPTIVE_CI
100,ALS,10,common_k30,mae,183,0.6529259743332014,0.6058659133020077,0.7038849187463272,DESCRIPTIVE_CI
100,ALS,10,common_k30,pa,167,0.6064564069584278,0.5723400456939929,0.6384889610796985,DESCRIPTIVE_CI
100,ALS,10,common_k30,als_direct,183,0.9036792786872284,0.8809058950010109,0.9249273973454918,DESCRIPTIVE_CI
100,ALS,10,common_k30,actual_movie_support,183,0.9036792786872284,0.8809058950010109,0.9249273973454918,DESCRIPTIVE_CI
100,ALS,10,common_k30,prediction_outside_scale,183,0.0035659715376927786,0.0005227535878072398,0.008205540789537401,DESCRIPTIVE_CI
100,ALS,30,eligible_k,mse,183,0.6467242682999395,0.562232922101679,0.7426671565817127,DESCRIPTIVE_CI
100,ALS,30,eligible_k,mae,183,0.6067765402360717,0.5654881628938887,0.6520586215594844,DESCRIPTIVE_CI
100,ALS,30,eligible_k,pa,167,0.6255518301391741,0.5913356251438098,0.6578246826718758,DESCRIPTIVE_CI
100,ALS,30,eligible_k,als_direct,183,0.9036792786872284,0.8809058950010109,0.9249273973454918,DESCRIPTIVE_CI
100,ALS,30,eligible_k,actual_movie_support,183,0.9036792786872284,0.8809058950010109,0.9249273973454918,DESCRIPTIVE_CI
100,ALS,30,eligible_k,prediction_outside_scale,183,0.0029503543206717132,0.0003383804752427616,0.006659310846634733,DESCRIPTIVE_CI
100,ALS,30,common_k30,mse,183,0.6467242682999395,0.562232922101679,0.7426671565817127,DESCRIPTIVE_CI
100,ALS,30,common_k30,mae,183,0.6067765402360717,0.5654881628938887,0.6520586215594844,DESCRIPTIVE_CI
100,ALS,30,common_k30,pa,167,0.6255518301391741,0.5913356251438098,0.6578246826718758,DESCRIPTIVE_CI
100,ALS,30,common_k30,als_direct,183,0.9036792786872284,0.8809058950010109,0.9249273973454918,DESCRIPTIVE_CI
100,ALS,30,common_k30,actual_movie_support,183,0.9036792786872284,0.8809058950010109,0.9249273973454918,DESCRIPTIVE_CI
100,ALS,30,common_k30,prediction_outside_scale,183,0.0029503543206717132,0.0003383804752427616,0.006659310846634733,DESCRIPTIVE_CI
100,FM,0,eligible_k,mse,271,0.907350411514691,0.818794801501961,1.008220461971797,DESCRIPTIVE_CI
100,FM,0,eligible_k,mae,271,0.7449401316806465,0.7082215323981954,0.7840987744456706,DESCRIPTIVE_CI
100,FM,0,eligible_k,pa,255,0.5533947229336581,0.5294439754829906,0.5765468162720376,DESCRIPTIVE_CI
100,FM,0,eligible_k,als_direct,271,0.0,0.0,0.0,DESCRIPTIVE_CI
100,FM,0,eligible_k,actual_movie_support,271,0.9307631442823474,0.9141787468754791,0.9456871351958064,DESCRIPTIVE_CI
100,FM,0,eligible_k,prediction_outside_scale,271,0.0,0.0,0.0,DESCRIPTIVE_CI
100,FM,0,common_k30,mse,183,0.8582934682505593,0.7462594846960371,0.9977243793804348,DESCRIPTIVE_CI
100,FM,0,common_k30,mae,183,0.7156349085085753,0.6683108716673657,0.7686045315480432,DESCRIPTIVE_CI
100,FM,0,common_k30,pa,167,0.542410952015017,0.5086096751650759,0.5763099751377818,DESCRIPTIVE_CI
100,FM,0,common_k30,als_direct,183,0.0,0.0,0.0,DESCRIPTIVE_CI
100,FM,0,common_k30,actual_movie_support,183,0.9036792786872284,0.8809058950010109,0.9249273973454918,DESCRIPTIVE_CI
100,FM,0,common_k30,prediction_outside_scale,183,0.0,0.0,0.0,DESCRIPTIVE_CI
100,FM,1,eligible_k,mse,187,0.8484365216225526,0.7435472399536126,0.9632399853734588,DESCRIPTIVE_CI
100,FM,1,eligible_k,mae,187,0.7148832350207,0.6685156081305276,0.7639884095636291,DESCRIPTIVE_CI
100,FM,1,eligible_k,pa,171,0.5404893787161068,0.5068600270733961,0.5731097980322116,DESCRIPTIVE_CI
100,FM,1,eligible_k,als_direct,187,0.885208675323407,0.8551922515586631,0.9125553855058569,DESCRIPTIVE_CI
100,FM,1,eligible_k,actual_movie_support,187,0.9057396149719937,0.8830703086216362,0.9266935189898152,DESCRIPTIVE_CI
100,FM,1,eligible_k,prediction_outside_scale,187,0.0,0.0,0.0,DESCRIPTIVE_CI
100,FM,1,common_k30,mse,183,0.8528754821931389,0.7477627034020959,0.9747579113269665,DESCRIPTIVE_CI
100,FM,1,common_k30,mae,183,0.7161988381708624,0.6692696675234561,0.7682499226272613,DESCRIPTIVE_CI
100,FM,1,common_k30,pa,167,0.5400208741388628,0.5058789343412784,0.5737250306853153,DESCRIPTIVE_CI
100,FM,1,common_k30,als_direct,183,0.882699575330476,0.8526132544834805,0.9101820191070441,DESCRIPTIVE_CI
100,FM,1,common_k30,actual_movie_support,183,0.9036792786872284,0.8809058950010109,0.9249273973454918,DESCRIPTIVE_CI
100,FM,1,common_k30,prediction_outside_scale,183,0.0,0.0,0.0,DESCRIPTIVE_CI
100,FM,5,eligible_k,mse,186,0.7790172792832476,0.6873838316097504,0.8816499658071364,DESCRIPTIVE_CI
100,FM,5,eligible_k,mae,186,0.6866908526322927,0.643656417244636,0.7333178915126468,DESCRIPTIVE_CI
100,FM,5,eligible_k,pa,170,0.5416807910541419,0.5061901583123976,0.5758903773093088,DESCRIPTIVE_CI
100,FM,5,eligible_k,als_direct,186,0.9052328387084022,0.8829312913573404,0.9257046972363482,DESCRIPTIVE_CI
100,FM,5,eligible_k,actual_movie_support,186,0.9052328387084022,0.8829312913573404,0.9257046972363482,DESCRIPTIVE_CI
100,FM,5,eligible_k,prediction_outside_scale,186,0.0,0.0,0.0,DESCRIPTIVE_CI
100,FM,5,common_k30,mse,183,0.7844521540206765,0.6916453754288721,0.8929295493095315,DESCRIPTIVE_CI
100,FM,5,common_k30,mae,183,0.6884072140015249,0.6445068554081603,0.7373037512014846,DESCRIPTIVE_CI
100,FM,5,common_k30,pa,167,0.5451382230931312,0.5102055301609056,0.5792522024229174,DESCRIPTIVE_CI
100,FM,5,common_k30,als_direct,183,0.9036792786872284,0.8809058950010109,0.9249273973454918,DESCRIPTIVE_CI
100,FM,5,common_k30,actual_movie_support,183,0.9036792786872284,0.8809058950010109,0.9249273973454918,DESCRIPTIVE_CI
100,FM,5,common_k30,prediction_outside_scale,183,0.0,0.0,0.0,DESCRIPTIVE_CI
100,FM,10,eligible_k,mse,186,0.7507944122719271,0.6612064034916095,0.8492417801776483,DESCRIPTIVE_CI
100,FM,10,eligible_k,mae,186,0.667453330192042,0.6248519767184736,0.7135722048567544,DESCRIPTIVE_CI
100,FM,10,eligible_k,pa,170,0.5490078361297032,0.5154857386474918,0.5813537409207219,DESCRIPTIVE_CI
100,FM,10,eligible_k,als_direct,186,0.9052328387084022,0.8829312913573404,0.9257046972363482,DESCRIPTIVE_CI
100,FM,10,eligible_k,actual_movie_support,186,0.9052328387084022,0.8829312913573404,0.9257046972363482,DESCRIPTIVE_CI
100,FM,10,eligible_k,prediction_outside_scale,186,0.0,0.0,0.0,DESCRIPTIVE_CI
100,FM,10,common_k30,mse,183,0.7558350156046619,0.6652563495336677,0.8601678487962626,DESCRIPTIVE_CI
100,FM,10,common_k30,mae,183,0.6694348919562846,0.6262184900381712,0.7176478299153873,DESCRIPTIVE_CI
100,FM,10,common_k30,pa,167,0.5483498838182516,0.5148059782775241,0.5814421490440891,DESCRIPTIVE_CI
100,FM,10,common_k30,als_direct,183,0.9036792786872284,0.8809058950010109,0.9249273973454918,DESCRIPTIVE_CI
100,FM,10,common_k30,actual_movie_support,183,0.9036792786872284,0.8809058950010109,0.9249273973454918,DESCRIPTIVE_CI
100,FM,10,common_k30,prediction_outside_scale,183,0.0,0.0,0.0,DESCRIPTIVE_CI
100,FM,30,eligible_k,mse,183,0.7060852568314683,0.6236164966916978,0.7987763696029992,DESCRIPTIVE_CI
100,FM,30,eligible_k,mae,183,0.6460317726856277,0.6048649828745036,0.6904179347192603,DESCRIPTIVE_CI
100,FM,30,eligible_k,pa,167,0.5563364228210853,0.5220992391896853,0.5895756385579236,DESCRIPTIVE_CI
100,FM,30,eligible_k,als_direct,183,0.9036792786872284,0.8809058950010109,0.9249273973454918,DESCRIPTIVE_CI
100,FM,30,eligible_k,actual_movie_support,183,0.9036792786872284,0.8809058950010109,0.9249273973454918,DESCRIPTIVE_CI
100,FM,30,eligible_k,prediction_outside_scale,183,0.0,0.0,0.0,DESCRIPTIVE_CI
100,FM,30,common_k30,mse,183,0.7060852568314683,0.6236164966916978,0.7987763696029992,DESCRIPTIVE_CI
100,FM,30,common_k30,mae,183,0.6460317726856277,0.6048649828745036,0.6904179347192603,DESCRIPTIVE_CI
100,FM,30,common_k30,pa,167,0.5563364228210853,0.5220992391896853,0.5895756385579236,DESCRIPTIVE_CI
100,FM,30,common_k30,als_direct,183,0.9036792786872284,0.8809058950010109,0.9249273973454918,DESCRIPTIVE_CI
100,FM,30,common_k30,actual_movie_support,183,0.9036792786872284,0.8809058950010109,0.9249273973454918,DESCRIPTIVE_CI
100,FM,30,common_k30,prediction_outside_scale,183,0.0,0.0,0.0,DESCRIPTIVE_CI
100,ALS_FM,0,eligible_k,mse,271,0.907350411514691,0.818794801501961,1.008220461971797,DESCRIPTIVE_CI
100,ALS_FM,0,eligible_k,mae,271,0.7449401316806465,0.7082215323981954,0.7840987744456706,DESCRIPTIVE_CI
100,ALS_FM,0,eligible_k,pa,255,0.5533947229336581,0.5294439754829906,0.5765468162720376,DESCRIPTIVE_CI
100,ALS_FM,0,eligible_k,als_direct,271,0.0,0.0,0.0,DESCRIPTIVE_CI
100,ALS_FM,0,eligible_k,actual_movie_support,271,0.9307631442823474,0.9141787468754791,0.9456871351958064,DESCRIPTIVE_CI
100,ALS_FM,0,eligible_k,prediction_outside_scale,271,0.0,0.0,0.0,DESCRIPTIVE_CI
100,ALS_FM,0,common_k30,mse,183,0.8582934682505593,0.7462594846960371,0.9977243793804348,DESCRIPTIVE_CI
100,ALS_FM,0,common_k30,mae,183,0.7156349085085753,0.6683108716673657,0.7686045315480432,DESCRIPTIVE_CI
100,ALS_FM,0,common_k30,pa,167,0.542410952015017,0.5086096751650759,0.5763099751377818,DESCRIPTIVE_CI
100,ALS_FM,0,common_k30,als_direct,183,0.0,0.0,0.0,DESCRIPTIVE_CI
100,ALS_FM,0,common_k30,actual_movie_support,183,0.9036792786872284,0.8809058950010109,0.9249273973454918,DESCRIPTIVE_CI
100,ALS_FM,0,common_k30,prediction_outside_scale,183,0.0,0.0,0.0,DESCRIPTIVE_CI
100,ALS_FM,1,eligible_k,mse,187,0.8862436531998523,0.7737158745562164,1.0170702516481482,DESCRIPTIVE_CI
100,ALS_FM,1,eligible_k,mae,187,0.7408134778854941,0.6925123382759893,0.7927365678096399,DESCRIPTIVE_CI
100,ALS_FM,1,eligible_k,pa,171,0.5567487764947293,0.5217036165332773,0.5901781660418766,DESCRIPTIVE_CI
100,ALS_FM,1,eligible_k,als_direct,187,0.885208675323407,0.8551922515586631,0.9125553855058569,DESCRIPTIVE_CI
100,ALS_FM,1,eligible_k,actual_movie_support,187,0.9057396149719937,0.8830703086216362,0.9266935189898152,DESCRIPTIVE_CI
100,ALS_FM,1,eligible_k,prediction_outside_scale,187,0.0,0.0,0.0,DESCRIPTIVE_CI
100,ALS_FM,1,common_k30,mse,183,0.89050923304238,0.7754329756958513,1.0273253754543221,DESCRIPTIVE_CI
100,ALS_FM,1,common_k30,mae,183,0.7418264365120211,0.692187955727037,0.7966429586239644,DESCRIPTIVE_CI
100,ALS_FM,1,common_k30,pa,167,0.5565965786410435,0.5208795855174172,0.5917238411751345,DESCRIPTIVE_CI
100,ALS_FM,1,common_k30,als_direct,183,0.882699575330476,0.8526132544834805,0.9101820191070441,DESCRIPTIVE_CI
100,ALS_FM,1,common_k30,actual_movie_support,183,0.9036792786872284,0.8809058950010109,0.9249273973454918,DESCRIPTIVE_CI
100,ALS_FM,1,common_k30,prediction_outside_scale,183,0.0,0.0,0.0,DESCRIPTIVE_CI
100,ALS_FM,5,eligible_k,mse,186,0.7408868364828552,0.651311166128445,0.8391216021603548,DESCRIPTIVE_CI
100,ALS_FM,5,eligible_k,mae,186,0.6665417451104055,0.6226275442487883,0.7135475144672068,DESCRIPTIVE_CI
100,ALS_FM,5,eligible_k,pa,170,0.5812690733613919,0.5456796456336551,0.6154417517789907,DESCRIPTIVE_CI
100,ALS_FM,5,eligible_k,als_direct,186,0.9052328387084022,0.8829312913573404,0.9257046972363482,DESCRIPTIVE_CI
100,ALS_FM,5,eligible_k,actual_movie_support,186,0.9052328387084022,0.8829312913573404,0.9257046972363482,DESCRIPTIVE_CI
100,ALS_FM,5,eligible_k,prediction_outside_scale,186,0.0,0.0,0.0,DESCRIPTIVE_CI
100,ALS_FM,5,common_k30,mse,183,0.7446544839756066,0.6534032525434628,0.847002199711864,DESCRIPTIVE_CI
100,ALS_FM,5,common_k30,mae,183,0.6678471219513045,0.6234145083300581,0.7169699176253896,DESCRIPTIVE_CI
100,ALS_FM,5,common_k30,pa,167,0.5835548547715862,0.5480701825960608,0.6177309397348927,DESCRIPTIVE_CI
100,ALS_FM,5,common_k30,als_direct,183,0.9036792786872284,0.8809058950010109,0.9249273973454918,DESCRIPTIVE_CI
100,ALS_FM,5,common_k30,actual_movie_support,183,0.9036792786872284,0.8809058950010109,0.9249273973454918,DESCRIPTIVE_CI
100,ALS_FM,5,common_k30,prediction_outside_scale,183,0.0,0.0,0.0,DESCRIPTIVE_CI
100,ALS_FM,10,eligible_k,mse,186,0.6991340811500372,0.6143339770106019,0.791758344710608,DESCRIPTIVE_CI
100,ALS_FM,10,eligible_k,mae,186,0.6429204609318435,0.6004697512120777,0.688779909930307,DESCRIPTIVE_CI
100,ALS_FM,10,eligible_k,pa,170,0.5828313414231332,0.5492990354835308,0.6157904941598933,DESCRIPTIVE_CI
100,ALS_FM,10,eligible_k,als_direct,186,0.9052328387084022,0.8829312913573404,0.9257046972363482,DESCRIPTIVE_CI
100,ALS_FM,10,eligible_k,actual_movie_support,186,0.9052328387084022,0.8829312913573404,0.9257046972363482,DESCRIPTIVE_CI
100,ALS_FM,10,eligible_k,prediction_outside_scale,186,0.0,0.0,0.0,DESCRIPTIVE_CI
100,ALS_FM,10,common_k30,mse,183,0.7021533850712033,0.6161123541254245,0.8008800238457303,DESCRIPTIVE_CI
100,ALS_FM,10,common_k30,mae,183,0.6439443993278859,0.6005105508185924,0.6914349407863268,DESCRIPTIVE_CI
100,ALS_FM,10,common_k30,pa,167,0.5828096077234077,0.548330765346986,0.6163491472615503,DESCRIPTIVE_CI
100,ALS_FM,10,common_k30,als_direct,183,0.9036792786872284,0.8809058950010109,0.9249273973454918,DESCRIPTIVE_CI
100,ALS_FM,10,common_k30,actual_movie_support,183,0.9036792786872284,0.8809058950010109,0.9249273973454918,DESCRIPTIVE_CI
100,ALS_FM,10,common_k30,prediction_outside_scale,183,0.0,0.0,0.0,DESCRIPTIVE_CI
100,ALS_FM,30,eligible_k,mse,183,0.6510059690031981,0.5730206138749246,0.7378218316978015,DESCRIPTIVE_CI
100,ALS_FM,30,eligible_k,mae,183,0.6199156254995,0.5792640646015299,0.6638452559922677,DESCRIPTIVE_CI
100,ALS_FM,30,eligible_k,pa,167,0.591090906478379,0.5557703357143567,0.6250350127308553,DESCRIPTIVE_CI
100,ALS_FM,30,eligible_k,als_direct,183,0.9036792786872284,0.8809058950010109,0.9249273973454918,DESCRIPTIVE_CI
100,ALS_FM,30,eligible_k,actual_movie_support,183,0.9036792786872284,0.8809058950010109,0.9249273973454918,DESCRIPTIVE_CI
100,ALS_FM,30,eligible_k,prediction_outside_scale,183,0.0,0.0,0.0,DESCRIPTIVE_CI
100,ALS_FM,30,common_k30,mse,183,0.6510059690031981,0.5730206138749246,0.7378218316978015,DESCRIPTIVE_CI
100,ALS_FM,30,common_k30,mae,183,0.6199156254995,0.5792640646015299,0.6638452559922677,DESCRIPTIVE_CI
100,ALS_FM,30,common_k30,pa,167,0.591090906478379,0.5557703357143567,0.6250350127308553,DESCRIPTIVE_CI
100,ALS_FM,30,common_k30,als_direct,183,0.9036792786872284,0.8809058950010109,0.9249273973454918,DESCRIPTIVE_CI
100,ALS_FM,30,common_k30,actual_movie_support,183,0.9036792786872284,0.8809058950010109,0.9249273973454918,DESCRIPTIVE_CI
100,ALS_FM,30,common_k30,prediction_outside_scale,183,0.0,0.0,0.0,DESCRIPTIVE_CI
100,RIDGE,0,eligible_k,mse,271,0.9037309268210163,0.8158821109695797,1.0033878448557294,DESCRIPTIVE_CI
100,RIDGE,0,eligible_k,mae,271,0.7436460573773852,0.7065827574206103,0.7832861727309302,DESCRIPTIVE_CI
100,RIDGE,0,eligible_k,pa,255,0.5574481322485375,0.5330020205129721,0.5813428630587326,DESCRIPTIVE_CI
100,RIDGE,0,eligible_k,als_direct,271,0.0,0.0,0.0,DESCRIPTIVE_CI
100,RIDGE,0,eligible_k,actual_movie_support,271,0.9307631442823474,0.9141787468754791,0.9456871351958064,DESCRIPTIVE_CI
100,RIDGE,0,eligible_k,prediction_outside_scale,271,0.0,0.0,0.0,DESCRIPTIVE_CI
100,RIDGE,0,common_k30,mse,183,0.8498963308405366,0.7386667250508137,0.9884842791201612,DESCRIPTIVE_CI
100,RIDGE,0,common_k30,mae,183,0.7110509082684908,0.662697450709148,0.7645656195862501,DESCRIPTIVE_CI
100,RIDGE,0,common_k30,pa,167,0.5478511516539977,0.5131261392111401,0.5823890849488346,DESCRIPTIVE_CI
100,RIDGE,0,common_k30,als_direct,183,0.0,0.0,0.0,DESCRIPTIVE_CI
100,RIDGE,0,common_k30,actual_movie_support,183,0.9036792786872284,0.8809058950010109,0.9249273973454918,DESCRIPTIVE_CI
100,RIDGE,0,common_k30,prediction_outside_scale,183,0.0,0.0,0.0,DESCRIPTIVE_CI
100,RIDGE,1,eligible_k,mse,187,0.8495990430804603,0.7514768999517937,0.9583165363525084,DESCRIPTIVE_CI
100,RIDGE,1,eligible_k,mae,187,0.7254118347438805,0.6795829440722542,0.7737681759478339,DESCRIPTIVE_CI
100,RIDGE,1,eligible_k,pa,171,0.5357445412260959,0.5013186817700997,0.5696323596640347,DESCRIPTIVE_CI
100,RIDGE,1,eligible_k,als_direct,187,0.885208675323407,0.8551922515586631,0.9125553855058569,DESCRIPTIVE_CI
100,RIDGE,1,eligible_k,actual_movie_support,187,0.9057396149719937,0.8830703086216362,0.9266935189898152,DESCRIPTIVE_CI
100,RIDGE,1,eligible_k,prediction_outside_scale,187,0.0,0.0,0.0,DESCRIPTIVE_CI
100,RIDGE,1,common_k30,mse,183,0.853201719292537,0.7539839911411734,0.9681380172560382,DESCRIPTIVE_CI
100,RIDGE,1,common_k30,mae,183,0.7262115801475044,0.6795179380646437,0.7774436467567325,DESCRIPTIVE_CI
100,RIDGE,1,common_k30,pa,167,0.5393142053716051,0.5047284723240879,0.5728891592904612,DESCRIPTIVE_CI
100,RIDGE,1,common_k30,als_direct,183,0.882699575330476,0.8526132544834805,0.9101820191070441,DESCRIPTIVE_CI
100,RIDGE,1,common_k30,actual_movie_support,183,0.9036792786872284,0.8809058950010109,0.9249273973454918,DESCRIPTIVE_CI
100,RIDGE,1,common_k30,prediction_outside_scale,183,0.0,0.0,0.0,DESCRIPTIVE_CI
100,RIDGE,5,eligible_k,mse,186,0.7967971296937331,0.7034453026767128,0.9036013133785225,DESCRIPTIVE_CI
100,RIDGE,5,eligible_k,mae,186,0.6955869500596069,0.6512335072932206,0.7436771212703287,DESCRIPTIVE_CI
100,RIDGE,5,eligible_k,pa,170,0.548876173102218,0.5127419691531765,0.5832662512577906,DESCRIPTIVE_CI
100,RIDGE,5,eligible_k,als_direct,186,0.9052328387084022,0.8829312913573404,0.9257046972363482,DESCRIPTIVE_CI
100,RIDGE,5,eligible_k,actual_movie_support,186,0.9052328387084022,0.8829312913573404,0.9257046972363482,DESCRIPTIVE_CI
100,RIDGE,5,eligible_k,prediction_outside_scale,186,0.0,0.0,0.0,DESCRIPTIVE_CI
100,RIDGE,5,common_k30,mse,183,0.8020369255622141,0.7071966192700242,0.9134221985905903,DESCRIPTIVE_CI
100,RIDGE,5,common_k30,mae,183,0.6971641586692584,0.6522197631283042,0.7476363789010815,DESCRIPTIVE_CI
100,RIDGE,5,common_k30,pa,167,0.552478084025555,0.517019785185602,0.5865284585847553,DESCRIPTIVE_CI
100,RIDGE,5,common_k30,als_direct,183,0.9036792786872284,0.8809058950010109,0.9249273973454918,DESCRIPTIVE_CI
100,RIDGE,5,common_k30,actual_movie_support,183,0.9036792786872284,0.8809058950010109,0.9249273973454918,DESCRIPTIVE_CI
100,RIDGE,5,common_k30,prediction_outside_scale,183,0.0,0.0,0.0,DESCRIPTIVE_CI
100,RIDGE,10,eligible_k,mse,186,0.7779530257318106,0.686829156427721,0.8809864766369662,DESCRIPTIVE_CI
100,RIDGE,10,eligible_k,mae,186,0.6829269617066567,0.6392472622915617,0.7298936330830748,DESCRIPTIVE_CI
100,RIDGE,10,eligible_k,pa,170,0.55318087878855,0.5184694770268348,0.5864194856850274,DESCRIPTIVE_CI
100,RIDGE,10,eligible_k,als_direct,186,0.9052328387084022,0.8829312913573404,0.9257046972363482,DESCRIPTIVE_CI
100,RIDGE,10,eligible_k,actual_movie_support,186,0.9052328387084022,0.8829312913573404,0.9257046972363482,DESCRIPTIVE_CI
100,RIDGE,10,eligible_k,prediction_outside_scale,186,0.0,0.0,0.0,DESCRIPTIVE_CI
100,RIDGE,10,common_k30,mse,183,0.7830557106028094,0.690499565930623,0.8911323713092759,DESCRIPTIVE_CI
100,RIDGE,10,common_k30,mae,183,0.6846486160502377,0.6399767913427091,0.7341258631623874,DESCRIPTIVE_CI
100,RIDGE,10,common_k30,pa,167,0.5549815410043201,0.5204024822784573,0.5890156351651634,DESCRIPTIVE_CI
100,RIDGE,10,common_k30,als_direct,183,0.9036792786872284,0.8809058950010109,0.9249273973454918,DESCRIPTIVE_CI
100,RIDGE,10,common_k30,actual_movie_support,183,0.9036792786872284,0.8809058950010109,0.9249273973454918,DESCRIPTIVE_CI
100,RIDGE,10,common_k30,prediction_outside_scale,183,0.0,0.0,0.0,DESCRIPTIVE_CI
100,RIDGE,30,eligible_k,mse,183,0.7756214234148342,0.6871787747971757,0.8757869226693038,DESCRIPTIVE_CI
100,RIDGE,30,eligible_k,mae,183,0.6865807235713614,0.642957186996526,0.7345864235059938,DESCRIPTIVE_CI
100,RIDGE,30,eligible_k,pa,167,0.5569314434474326,0.5212715609792266,0.5929177435177537,DESCRIPTIVE_CI
100,RIDGE,30,eligible_k,als_direct,183,0.9036792786872284,0.8809058950010109,0.9249273973454918,DESCRIPTIVE_CI
100,RIDGE,30,eligible_k,actual_movie_support,183,0.9036792786872284,0.8809058950010109,0.9249273973454918,DESCRIPTIVE_CI
100,RIDGE,30,eligible_k,prediction_outside_scale,183,0.0,0.0,0.0,DESCRIPTIVE_CI
100,RIDGE,30,common_k30,mse,183,0.7756214234148342,0.6871787747971757,0.8757869226693038,DESCRIPTIVE_CI
100,RIDGE,30,common_k30,mae,183,0.6865807235713614,0.642957186996526,0.7345864235059938,DESCRIPTIVE_CI
100,RIDGE,30,common_k30,pa,167,0.5569314434474326,0.5212715609792266,0.5929177435177537,DESCRIPTIVE_CI
100,RIDGE,30,common_k30,als_direct,183,0.9036792786872284,0.8809058950010109,0.9249273973454918,DESCRIPTIVE_CI
100,RIDGE,30,common_k30,actual_movie_support,183,0.9036792786872284,0.8809058950010109,0.9249273973454918,DESCRIPTIVE_CI
100,RIDGE,30,common_k30,prediction_outside_scale,183,0.0,0.0,0.0,DESCRIPTIVE_CI
100,GBT,0,eligible_k,mse,271,0.8828857914941186,0.7938602578066656,0.9841730936255577,DESCRIPTIVE_CI
100,GBT,0,eligible_k,mae,271,0.7333419763703655,0.6966969434711209,0.7721928251144585,DESCRIPTIVE_CI
100,GBT,0,eligible_k,pa,255,0.567763068569498,0.5449135963466943,0.5899788476908745,DESCRIPTIVE_CI
100,GBT,0,eligible_k,als_direct,271,0.0,0.0,0.0,DESCRIPTIVE_CI
100,GBT,0,eligible_k,actual_movie_support,271,0.9307631442823474,0.9141787468754791,0.9456871351958064,DESCRIPTIVE_CI
100,GBT,0,eligible_k,prediction_outside_scale,271,0.0,0.0,0.0,DESCRIPTIVE_CI
100,GBT,0,common_k30,mse,183,0.8355258975125989,0.7227709931839231,0.9775591624040698,DESCRIPTIVE_CI
100,GBT,0,common_k30,mae,183,0.705675125527334,0.6584460618907385,0.7585497560192068,DESCRIPTIVE_CI
100,GBT,0,common_k30,pa,167,0.5580267342948694,0.5261041681070955,0.5904699728508847,DESCRIPTIVE_CI
100,GBT,0,common_k30,als_direct,183,0.0,0.0,0.0,DESCRIPTIVE_CI
100,GBT,0,common_k30,actual_movie_support,183,0.9036792786872284,0.8809058950010109,0.9249273973454918,DESCRIPTIVE_CI
100,GBT,0,common_k30,prediction_outside_scale,183,0.0,0.0,0.0,DESCRIPTIVE_CI
100,GBT,1,eligible_k,mse,187,0.8271526015617232,0.7243054981113429,0.9401932662930839,DESCRIPTIVE_CI
100,GBT,1,eligible_k,mae,187,0.7111885518197824,0.664702963275941,0.7595433763421002,DESCRIPTIVE_CI
100,GBT,1,eligible_k,pa,171,0.5556173800722872,0.5235337104473413,0.5871077383895829,DESCRIPTIVE_CI
100,GBT,1,eligible_k,als_direct,187,0.885208675323407,0.8551922515586631,0.9125553855058569,DESCRIPTIVE_CI
100,GBT,1,eligible_k,actual_movie_support,187,0.9057396149719937,0.8830703086216362,0.9266935189898152,DESCRIPTIVE_CI
100,GBT,1,eligible_k,prediction_outside_scale,187,0.0,0.0,0.0,DESCRIPTIVE_CI
100,GBT,1,common_k30,mse,183,0.8324427382049987,0.7287309601659032,0.9536756817001106,DESCRIPTIVE_CI
100,GBT,1,common_k30,mae,183,0.7132589313093772,0.666600535772856,0.7650345242737353,DESCRIPTIVE_CI
100,GBT,1,common_k30,pa,167,0.5548458303918262,0.5218281573660707,0.5869357558505343,DESCRIPTIVE_CI
100,GBT,1,common_k30,als_direct,183,0.882699575330476,0.8526132544834805,0.9101820191070441,DESCRIPTIVE_CI
100,GBT,1,common_k30,actual_movie_support,183,0.9036792786872284,0.8809058950010109,0.9249273973454918,DESCRIPTIVE_CI
100,GBT,1,common_k30,prediction_outside_scale,183,0.0,0.0,0.0,DESCRIPTIVE_CI
100,GBT,5,eligible_k,mse,186,0.7566190694849539,0.6629072134157085,0.8645678690671048,DESCRIPTIVE_CI
100,GBT,5,eligible_k,mae,186,0.6738574124642693,0.6290942257927845,0.7217009189611917,DESCRIPTIVE_CI
100,GBT,5,eligible_k,pa,170,0.5555165416742829,0.5227051326006764,0.5873243873969737,DESCRIPTIVE_CI
100,GBT,5,eligible_k,als_direct,186,0.9052328387084022,0.8829312913573404,0.9257046972363482,DESCRIPTIVE_CI
100,GBT,5,eligible_k,actual_movie_support,186,0.9052328387084022,0.8829312913573404,0.9257046972363482,DESCRIPTIVE_CI
100,GBT,5,eligible_k,prediction_outside_scale,186,0.0,0.0,0.0,DESCRIPTIVE_CI
100,GBT,5,common_k30,mse,183,0.7620948813049686,0.667663634433852,0.8736091951899225,DESCRIPTIVE_CI
100,GBT,5,common_k30,mae,183,0.6757298826148848,0.6308243020910149,0.7258809435916685,DESCRIPTIVE_CI
100,GBT,5,common_k30,pa,167,0.5586559891009952,0.5267049942759078,0.5897227587227117,DESCRIPTIVE_CI
100,GBT,5,common_k30,als_direct,183,0.9036792786872284,0.8809058950010109,0.9249273973454918,DESCRIPTIVE_CI
100,GBT,5,common_k30,actual_movie_support,183,0.9036792786872284,0.8809058950010109,0.9249273973454918,DESCRIPTIVE_CI
100,GBT,5,common_k30,prediction_outside_scale,183,0.0,0.0,0.0,DESCRIPTIVE_CI
100,GBT,10,eligible_k,mse,186,0.7388061284526218,0.6473749731576459,0.8428545226036811,DESCRIPTIVE_CI
100,GBT,10,eligible_k,mae,186,0.6591925866701924,0.6146884420109576,0.7072629753565199,DESCRIPTIVE_CI
100,GBT,10,eligible_k,pa,170,0.5596119759574647,0.528425400371534,0.5908422018560513,DESCRIPTIVE_CI
100,GBT,10,eligible_k,als_direct,186,0.9052328387084022,0.8829312913573404,0.9257046972363482,DESCRIPTIVE_CI
100,GBT,10,eligible_k,actual_movie_support,186,0.9052328387084022,0.8829312913573404,0.9257046972363482,DESCRIPTIVE_CI
100,GBT,10,eligible_k,prediction_outside_scale,186,0.0,0.0,0.0,DESCRIPTIVE_CI
100,GBT,10,common_k30,mse,183,0.7437247979480061,0.6518183951135188,0.8520205031241086,DESCRIPTIVE_CI
100,GBT,10,common_k30,mae,183,0.6611580472220234,0.6155425600126249,0.7111379421150591,DESCRIPTIVE_CI
100,GBT,10,common_k30,pa,167,0.5591949953700438,0.5273353235897994,0.5905622747117321,DESCRIPTIVE_CI
100,GBT,10,common_k30,als_direct,183,0.9036792786872284,0.8809058950010109,0.9249273973454918,DESCRIPTIVE_CI
100,GBT,10,common_k30,actual_movie_support,183,0.9036792786872284,0.8809058950010109,0.9249273973454918,DESCRIPTIVE_CI
100,GBT,10,common_k30,prediction_outside_scale,183,0.0,0.0,0.0,DESCRIPTIVE_CI
100,GBT,30,eligible_k,mse,183,0.6951782705391837,0.60809737686593,0.7971402988786236,DESCRIPTIVE_CI
100,GBT,30,eligible_k,mae,183,0.6405060676617936,0.5985792253528228,0.6872401502815472,DESCRIPTIVE_CI
100,GBT,30,eligible_k,pa,167,0.5604594854403621,0.526461111055577,0.593158764363916,DESCRIPTIVE_CI
100,GBT,30,eligible_k,als_direct,183,0.9036792786872284,0.8809058950010109,0.9249273973454918,DESCRIPTIVE_CI
100,GBT,30,eligible_k,actual_movie_support,183,0.9036792786872284,0.8809058950010109,0.9249273973454918,DESCRIPTIVE_CI
100,GBT,30,eligible_k,prediction_outside_scale,183,0.0,0.0,0.0,DESCRIPTIVE_CI
100,GBT,30,common_k30,mse,183,0.6951782705391837,0.60809737686593,0.7971402988786236,DESCRIPTIVE_CI
100,GBT,30,common_k30,mae,183,0.6405060676617936,0.5985792253528228,0.6872401502815472,DESCRIPTIVE_CI
100,GBT,30,common_k30,pa,167,0.5604594854403621,0.526461111055577,0.593158764363916,DESCRIPTIVE_CI
100,GBT,30,common_k30,als_direct,183,0.9036792786872284,0.8809058950010109,0.9249273973454918,DESCRIPTIVE_CI
100,GBT,30,common_k30,actual_movie_support,183,0.9036792786872284,0.8809058950010109,0.9249273973454918,DESCRIPTIVE_CI
100,GBT,30,common_k30,prediction_outside_scale,183,0.0,0.0,0.0,DESCRIPTIVE_CI
