dimension,group,movies,mapped,en_plot,ko_plot,any_plot,both_plots
release_decade,1870,1,1,0,0,0,0
release_decade,1880,5,4,0,0,0,0
release_decade,1890,165,125,37,1,37,1
release_decade,1900,287,226,99,2,99,2
release_decade,1910,376,359,265,24,266,23
release_decade,1920,718,695,547,36,547,36
release_decade,1930,2574,2514,2226,74,2228,72
release_decade,1940,2749,2708,2394,103,2397,100
release_decade,1950,3587,3517,3073,175,3074,174
release_decade,1960,4294,4124,3168,191,3171,188
release_decade,1970,5884,5538,4050,251,4052,249
release_decade,1980,6249,5809,4343,467,4348,462
release_decade,1990,8035,7351,5384,839,5393,830
release_decade,2000,15034,13334,9059,1584,9111,1532
release_decade,2010,27523,22399,12810,2227,12948,2089
release_decade,2020,8036,6327,3647,560,3682,525
original_language,ab,1,1,0,0,0,0
original_language,af,12,12,5,0,5,0
original_language,ak,3,2,2,0,2,0
original_language,am,7,7,5,0,5,0
original_language,ar,213,197,114,2,114,2
original_language,as,2,2,2,0,2,0
original_language,ay,2,2,2,0,2,0
original_language,az,14,13,4,0,4,0
original_language,bg,33,32,15,0,15,0
original_language,bm,4,4,2,1,2,1
original_language,bn,103,94,81,1,81,1
original_language,bo,7,7,5,1,5,1
original_language,bs,19,18,10,1,10,1
original_language,ca,46,46,18,2,19,1
original_language,ce,1,1,0,0,0,0
original_language,cn,748,691,560,68,564,64
original_language,cr,1,1,0,0,0,0
original_language,cs,360,336,159,2,160,1
original_language,cy,2,2,2,0,2,0
original_language,da,383,377,162,17,164,15
original_language,de,2177,2033,861,51,864,48
original_language,dz,4,4,3,1,3,1
original_language,el,275,207,100,3,100,3
original_language,en,53670,45341,33595,4876,33666,4805
original_language,eo,2,2,1,0,1,0
original_language,es,2793,2508,1470,69,1477,62
original_language,et,98,87,24,0,24,0
original_language,eu,18,16,8,0,8,0
original_language,fa,283,254,147,5,147,5
original_language,ff,3,3,3,0,3,0
original_language,fi,655,625,172,6,174,4
original_language,fo,3,3,1,0,1,0
original_language,fr,5110,4840,2681,252,2707,226
original_language,ga,4,3,3,0,3,0
original_language,gl,8,8,4,0,4,0
original_language,gu,11,11,10,0,10,0
original_language,he,224,217,139,2,139,2
original_language,hi,1219,1214,1169,19,1169,19
original_language,hr,54,47,24,0,24,0
original_language,ht,2,2,0,0,0,0
original_language,hu,233,216,77,6,78,5
original_language,hy,22,20,9,0,9,0
original_language,id,89,87,58,1,58,1
original_language,ig,2,2,2,0,2,0
original_language,ik,1,1,1,0,1,0
original_language,is,79,69,37,3,37,3
original_language,it,3257,3184,1994,77,1999,72
original_language,iu,4,4,3,0,3,0
original_language,ja,2944,2590,1602,341,1662,281
original_language,jv,1,1,1,0,1,0
original_language,ka,55,51,32,1,32,1
original_language,kk,22,19,5,0,5,0
original_language,kl,1,1,0,0,0,0
original_language,km,5,5,5,0,5,0
original_language,kn,29,29,27,0,27,0
original_language,ko,1047,1027,848,529,898,479
original_language,ks,2,2,0,0,0,0
original_language,ku,16,15,8,0,8,0
original_language,ky,8,7,4,0,4,0
original_language,la,2,2,2,0,2,0
original_language,lb,4,4,0,0,0,0
original_language,lg,1,1,1,0,1,0
original_language,li,1,1,1,0,1,0
original_language,ln,4,3,2,1,2,1
original_language,lo,4,4,4,0,4,0
original_language,lt,35,31,13,0,13,0
original_language,lv,39,39,17,0,17,0
original_language,mi,2,2,2,0,2,0
original_language,mk,14,14,8,0,8,0
original_language,ml,239,238,231,0,231,0
original_language,mn,6,6,5,0,5,0
original_language,mo,3,3,1,0,1,0
original_language,mr,50,47,46,0,46,0
original_language,ms,27,22,17,0,17,0
original_language,mt,3,3,1,0,1,0
original_language,my,2,2,1,0,1,0
original_language,nb,2,2,0,0,0,0
original_language,ne,9,9,8,0,8,0
original_language,nl,581,542,214,7,214,7
original_language,no,279,265,119,7,119,7
original_language,om,1,1,1,0,1,0
original_language,or,1,1,1,0,1,0
original_language,os,1,1,1,0,1,0
original_language,pa,14,14,12,0,12,0
original_language,pl,656,593,202,9,202,9
original_language,ps,5,5,1,0,1,0
original_language,pt,868,746,279,5,279,5
original_language,qu,3,3,1,0,1,0
original_language,ro,147,139,45,1,45,1
original_language,ru,2149,2015,1239,34,1246,27
original_language,rw,2,2,2,0,2,0
original_language,sa,2,1,0,0,0,0
original_language,sc,1,1,0,0,0,0
original_language,se,2,2,2,0,2,0
original_language,sh,48,46,26,2,26,2
original_language,si,4,4,2,0,2,0
original_language,sk,36,34,15,0,15,0
original_language,sl,26,23,6,1,7,0
original_language,sm,1,1,1,0,1,0
original_language,sn,1,1,1,0,1,0
original_language,so,2,2,1,0,1,0
original_language,sq,19,16,5,0,5,0
original_language,sr,83,82,48,3,48,3
original_language,st,1,1,1,0,1,0
original_language,su,1,1,0,0,0,0
original_language,sv,849,799,317,26,318,25
original_language,sw,8,7,7,0,7,0
original_language,ta,424,422,419,0,419,0
original_language,te,260,259,252,1,252,1
original_language,tg,2,2,2,0,2,0
original_language,th,209,183,126,12,128,10
original_language,tl,159,132,110,1,110,1
original_language,tn,1,1,1,1,1,1
original_language,tr,444,412,150,6,150,6
original_language,tt,1,1,0,0,0,0
original_language,ug,1,1,0,0,0,0
original_language,uk,116,115,52,0,52,0
original_language,ur,24,23,22,0,22,0
original_language,uz,7,6,1,0,1,0
original_language,vi,39,30,21,1,21,1
original_language,wo,12,11,11,0,11,0
original_language,xh,3,3,3,0,3,0
original_language,xx,138,102,44,1,44,1
original_language,yi,4,3,2,0,2,0
original_language,zh,1040,943,700,78,707,71
original_language,zu,4,1,1,0,1,0
vote_count_band,0,854,278,65,1,66,0
vote_count_band,1-9,18521,12830,5876,48,5898,26
vote_count_band,10-49,35295,31567,19277,513,19394,396
vote_count_band,50-499,23413,22937,18621,2115,18719,2017
vote_count_band,500-4999,6387,6374,6219,2995,6231,2983
vote_count_band,5000+,1047,1045,1044,862,1045,861
