requirement_id,decision_ids,business_rule_ids,scenario_ids,screen_ids,operation_ids,entities,acceptance_ids,task_ids,test_ids,status
FR-14,DEC-CAT-001|DEC-CAT-006,BR-CAT-001|BR-CAT-010|BR-CAT-011|BR-CAT-012|BR-CAT-015|BR-CAT-016|BR-CAT-017|BR-CAT-018,SCN-CAT-001|SCN-CAT-002,SCR-CAT-001|SCR-CAT-002,searchMovies,MOVIE_IDENTITY|MOVIE_CATALOG_PROJECTION|MOVIE_LOCALIZATION|PERSON|MOVIE_CREDIT|MOVIE_SEARCH_DOCUMENT,AC-CAT-001|AC-CAT-002|AC-CAT-003|AC-CAT-006|AC-CAT-007|AC-CAT-008|AC-CAT-009|AC-CAT-010|AC-CAT-045|AC-CAT-046,TASK-CAT-004|TASK-CAT-009,TEST-BE-CAT-001|TEST-FE-CAT-001|TEST-E2E-CAT-001,APPROVED
FR-15,DEC-CAT-007|DEC-CAT-009,BR-CAT-013|BR-CAT-014|BR-CAT-016|BR-CAT-017,SCN-CAT-002,SCR-CAT-002|SCR-CAT-003,searchMovies|listGenres|listCountries|listOttProviders,MOVIE_CATALOG_PROJECTION|GENRE|MOVIE_GENRE|COUNTRY|MOVIE_COUNTRY|OTT_PROVIDER|MOVIE_AVAILABILITY_SNAPSHOT|MOVIE_OTT_OFFER,AC-CAT-004|AC-CAT-005|AC-CAT-006|AC-CAT-007|AC-CAT-009|AC-CAT-033|AC-CAT-034|AC-CAT-035|AC-CAT-036,TASK-CAT-004|TASK-CAT-009,TEST-BE-CAT-001|TEST-FE-CAT-001|TEST-E2E-CAT-001,APPROVED
FR-08,DEC-CAT-004|DEC-CAT-005|DEC-CAT-008|DEC-CAT-014,BR-CAT-004|BR-CAT-005|BR-CAT-020|BR-CAT-021|BR-CAT-022|BR-CAT-023|BR-CAT-024|BR-CAT-025|BR-CAT-026|BR-CAT-050,SCN-CAT-003,SCR-CAT-004,getMovie,MOVIE_IDENTITY|MOVIE_CATALOG_PROJECTION|MOVIE_LOCALIZATION|GENRE|MOVIE_GENRE|COUNTRY|MOVIE_COUNTRY|PERSON|MOVIE_CREDIT,AC-CAT-011|AC-CAT-012|AC-CAT-013|AC-CAT-014|AC-CAT-015|AC-CAT-016|AC-CAT-017|AC-CAT-047|AC-CAT-049,TASK-CAT-005|TASK-CAT-010,TEST-BE-CAT-001|TEST-FE-CAT-001|TEST-E2E-CAT-001,APPROVED
FR-16,DEC-CAT-009|DEC-CAT-010|DEC-CAT-011|DEC-CAT-012,BR-CAT-030|BR-CAT-031|BR-CAT-032|BR-CAT-033|BR-CAT-034|BR-CAT-035|BR-CAT-036|BR-CAT-037|BR-CAT-038,SCN-CAT-004,SCR-CAT-002|SCR-CAT-004|SCR-CAT-005,getMovie|searchMovies|getMovieOttOffers|listOttProviders,MOVIE_CATALOG_PROJECTION|OTT_PROVIDER|MOVIE_AVAILABILITY_SNAPSHOT|MOVIE_OTT_OFFER|USER_OTT_SUBSCRIPTION,AC-CAT-018|AC-CAT-019|AC-CAT-020|AC-CAT-021|AC-CAT-022|AC-CAT-023|AC-CAT-024|AC-CAT-025|AC-CAT-026|AC-CAT-027|AC-CAT-035|AC-CAT-036|AC-CAT-048|AC-CAT-050,TASK-CAT-006|TASK-CAT-010,TEST-BE-CAT-001|TEST-FE-CAT-001|TEST-E2E-CAT-001,APPROVED
FR-11,DEC-CAT-003|DEC-CAT-004,BR-CAT-002|BR-CAT-040|BR-CAT-041|BR-CAT-042|BR-CAT-043|BR-CAT-044,SCN-CAT-005,SCR-CAT-004,getSimilarMovies,MOVIE_IDENTITY|MOVIE_CATALOG_PROJECTION|MOVIE_SIMILARITY|GENRE|MOVIE_GENRE|PERSON|MOVIE_CREDIT,AC-CAT-028|AC-CAT-029|AC-CAT-030|AC-CAT-031|AC-CAT-032,TASK-CAT-007|TASK-CAT-010,TEST-BE-CAT-001|TEST-FE-CAT-001|TEST-E2E-CAT-001,APPROVED
NFR-01,DEC-CAT-003,BR-CAT-002,SCN-CAT-001|SCN-CAT-002|SCN-CAT-003,SCR-CAT-001|SCR-CAT-002|SCR-CAT-004,searchMovies|getMovie|listGenres|listCountries|listOttProviders,MOVIE_SEARCH_DOCUMENT|CATALOG_VERSION,AC-CAT-041|AC-CAT-042,TASK-CAT-008|TASK-CAT-013,TEST-PERF-CAT-001,APPROVED
NFR-05,DEC-CAT-003|DEC-CAT-011,BR-CAT-002|BR-CAT-038,SCN-CAT-001|SCN-CAT-003|SCN-CAT-004|SCN-CAT-005,SCR-CAT-001|SCR-CAT-002|SCR-CAT-004|SCR-CAT-005,searchMovies|getMovie|getMovieOttOffers|getSimilarMovies|listGenres|listCountries|listOttProviders,CATALOG_VERSION|CATALOG_SYNC_RUN|MOVIE_AVAILABILITY_SNAPSHOT,AC-CAT-037|AC-CAT-038|AC-CAT-039|AC-CAT-040,TASK-CAT-002|TASK-CAT-003|TASK-CAT-008|TASK-CAT-012|TASK-CAT-013,TEST-BE-CAT-002|TEST-E2E-CAT-001|TEST-IMPORT-CAT-001,APPROVED
NFR-07,DEC-CAT-001,BR-CAT-001|BR-CAT-050|BR-CAT-051|BR-CAT-052|BR-CAT-053|BR-CAT-054,SCN-CAT-001|SCN-CAT-002|SCN-CAT-003|SCN-CAT-004|SCN-CAT-005,SCR-CAT-001|SCR-CAT-002|SCR-CAT-004|SCR-CAT-005,searchMovies|getMovie|getMovieOttOffers|getSimilarMovies|listGenres|listCountries|listOttProviders,MOVIE_IDENTITY|MOVIE_CATALOG_PROJECTION|USER_OTT_SUBSCRIPTION,AC-CAT-010|AC-CAT-017|AC-CAT-020|AC-CAT-043|AC-CAT-044,TASK-CAT-002|TASK-CAT-008|TASK-CAT-009|TASK-CAT-010,TEST-CONTRACT-CAT-001|TEST-BE-CAT-001|TEST-FE-CAT-001|TEST-E2E-CAT-001,APPROVED
DATA-CAT-001,DEC-CAT-002|DEC-CAT-003|DEC-CAT-004|DEC-CAT-005|DEC-CAT-015,BR-CAT-002|BR-CAT-003|BR-CAT-004|BR-CAT-005,SCN-CAT-003,,getMovie|searchMovies,MOVIE_IDENTITY|MOVIE_EXTERNAL_ID|MOVIE_CATALOG_PROJECTION|MOVIE_LOCALIZATION|CATALOG_SYNC_RUN|CATALOG_VERSION,AC-CAT-011|AC-CAT-012|AC-CAT-016|AC-CAT-017|AC-CAT-039|AC-CAT-040,TASK-CAT-003|TASK-CAT-011|TASK-CAT-012,TEST-DATA-CAT-001|TEST-IMPORT-CAT-001,APPROVED
