kobis_movie_code,kobis_title,kobis_nation_filter,kobis_open_date,kobis_audience_cumulative,kobis_sales_krw_cumulative,tmdb_id,tmdb_title,tmdb_release_date,tmdb_count,tmdb_mean_10,tmdb_mean_5_rescaled,service_movie_id,movieId,ml_year,ml_count,ml_mean_5,audience_per_tmdb_vote,tmdb_votes_per_million_audience,audience_band,kobis_open_year,ml_halfstar_sum,ml_halfstar_square_sum,ml_within_film_sample_sd_5,ml_within_film_sd_supported
20129370,명량,K,2014-07-30,17616791,135765176310,282631.0,명량,2014-07-30,338.0,6.993,3.4965,57227.0,132381.0,2014.0,83.0,3.5060240963855422,52120.68343195266,19.186241126434435,"1,000만 이상",2014,582,4364,0.9288531346524846,True
20182530,극한직업,K,2019-01-23,16266641,139658409516,567646.0,극한직업,2019-01-23,368.0,7.174,3.587,76119.0,199992.0,2019.0,75.0,3.7133333333333334,44202.828804347824,22.622986515777903,"1,000만 이상",2019,557,4389,0.9233214621801675,True
20150976,신과함께-죄와 벌,K,2017-12-20,14414658,115727528087,397567.0,신과함께-죄와 벌,2017-12-20,1254.0,8.1,4.05,65942.0,183397.0,2017.0,88.0,3.5170454545454546,11494.942583732058,86.99477989696321,"1,000만 이상",2017,619,4585,0.8145546122274064,True
20137048,국제시장,K,2014-12-17,14269712,110982017230,313108.0,국제시장,2014-12-17,143.0,7.399,3.6995,59652.0,152846.0,2014.0,24.0,3.625,99788.1958041958,10.021225375816975,"1,000만 이상",2014,174,1322,0.8109307588519342,True
20148048,베테랑,K,2015-08-05,13414649,105171985250,346646.0,베테랑,2015-08-05,259.0,6.894,3.447,62671.0,141536.0,2015.0,60.0,3.5416666666666665,51794.01158301158,19.30725134887987,"1,000만 이상",2015,425,3153,0.7772815877574012,True
20127593,7번방의 선물,K,2013-01-23,12812473,91439584170,158445.0,7번방의 선물,2013-01-23,506.0,7.892,3.946,140173.0,105340.0,2013.0,102.0,3.8676470588235294,25321.092885375496,39.49276615060965,"1,000만 이상",2013,789,6387,0.8382161356361311,True
20148851,암살,K,2015-07-22,12707491,98473432681,291549.0,암살,2015-07-22,288.0,7.288,3.644,58219.0,141538.0,2015.0,53.0,3.5660377358490565,44123.23263888889,22.663797283035652,"1,000만 이상",2015,378,2792,0.6796332144921472,True
20204548,범죄도시2,K,2022-05-18,12693415,131298796478,619803.0,범죄도시 2,2022-05-18,458.0,7.334,3.667,78536.0,276885.0,2022.0,26.0,3.3461538461538463,27714.879912663757,36.081700629814755,"1,000만 이상",2022,174,1214,0.7038356451506383,True
20124079,"광해, 왕이 된 남자",K,2012-09-13,12324238,88914959969,133200.0,"광해, 왕이 된 남자",2012-09-13,177.0,7.7,3.85,42590.0,106109.0,2012.0,65.0,3.5307692307692307,69628.46327683616,14.361942701853048,"1,000만 이상",2012,459,3509,1.022699106061241,True
20186202,신과함께-인과 연,K,2018-08-01,12278010,102689349539,518068.0,신과함께-인과 연,2018-08-01,776.0,8.053,4.0265,74127.0,192749.0,2018.0,41.0,3.6951219512195124,15822.177835051547,63.20242449712942,"1,000만 이상",2018,303,2321,0.7148255799536678,True
20162869,택시운전사,K,2017-08-02,12189988,95873490149,437068.0,택시운전사,2017-08-02,1215.0,8.032,4.016,68859.0,179779.0,2017.0,232.0,3.7974137931034484,10032.911934156378,99.67196030053516,"1,000만 이상",2017,1762,14036,0.8412484236449523,True
20156564,부산행,K,2016-07-20,11567816,93188170548,396535.0,부산행,2016-07-20,8682.0,7.75,3.875,65874.0,162082.0,2016.0,3201.0,3.836144954701656,1332.39069338862,750.5306100996073,"1,000만 이상",2016,24559,197283,0.831942010588219,True
20134803,변호인,K,2013-12-18,11375399,82876713788,242452.0,변호인,2013-12-18,231.0,7.797,3.8985,53364.0,121316.0,2013.0,54.0,3.861111111111111,49244.15151515151,20.306980001316877,"1,000만 이상",2013,417,3313,0.6617349029339515,True
20090074,해운대,K,2009-07-22,11325117,81028720000,33196.0,해운대,2009-07-22,505.0,6.9,3.45,15635.0,104590.0,2009.0,32.0,2.640625,22425.974257425743,44.59115080223896,"1,000만 이상",2009,169,1057,1.1516774231948694,True
20060151,괴물,K,2006-07-27,10900281,66618683300,1255.0,괴물,2006-07-27,3232.0,6.979,3.4895,863.0,51709.0,2006.0,2243.0,3.5115916183682567,3372.6116955445545,296.5061175945831,"1,000만 이상",2006,15753,117247,0.8585765603868328,True
20226411,범죄도시3,K,2023-05-31,10682813,104687737771,955555.0,범죄도시 3,2023-05-31,565.0,7.228,3.614,86974.0,288001.0,2023.0,6.0,3.3333333333333335,18907.633628318585,52.88869139617066,"1,000만 이상",2023,40,272,0.5163977794943222,True
20050333,왕의 남자,K,2005-12-29,10513207,66014697400,45035.0,왕의 남자,2005-12-29,121.0,6.975,3.4875,20962.0,76117.0,2005.0,47.0,3.648936170212766,86886.00826446281,11.509332975180646,"1,000만 이상",2005,343,2589,0.6829833343264113,True
20183782,기생충,K,2019-05-30,10317318,87506223295,496243.0,기생충,2019-05-30,21242.0,8.49,4.245,72564.0,202439.0,2019.0,11670.0,4.312253641816624,485.70370021655214,2058.8683997139565,"1,000만 이상",2019,100648,896058,0.7747763039265461,True
20145507,검사외전,K,2016-02-03,9707581,77320403264,378348.0,검사외전,2016-02-03,123.0,7.0,3.5,64995.0,159419.0,2016.0,18.0,3.1666666666666665,78923.42276422764,12.670509779933848,"500만~1,000만 미만",2016,114,754,0.6859943405700354,True
20184621,엑시트,K,2019-07-31,9429024,79260774062,572164.0,엑시트,2019-07-31,314.0,7.6,3.8,76335.0,206741.0,2019.0,43.0,3.372093023255814,30028.738853503186,33.30143183430226,"500만~1,000만 미만",2019,290,2164,1.113194797781282,True
20126674,설국열차,K,2013-08-01,9354928,67045274880,110415.0,설국열차,2013-08-01,10645.0,6.91,3.455,39417.0,107406.0,2013.0,8582.0,3.5414821719878815,878.809581963363,1137.9029320161524,"500만~1,000만 미만",2013,60786,461904,0.9558322220848718,True
20126091,관상,K,2013-09-11,9135853,66010541500,220176.0,관상,2013-09-11,108.0,6.954,3.477,51646.0,151583.0,2013.0,22.0,3.2045454545454546,84591.23148148147,11.821556235635578,"500만~1,000만 미만",2013,141,967,0.8682095822944359,True
20131102,수상한 그녀,K,2014-01-22,8666271,62759320849,253065.0,수상한 그녀,2014-01-22,126.0,7.3,3.65,54320.0,120301.0,2014.0,44.0,3.5568181818181817,68779.92857142857,14.539125305451446,"500만~1,000만 미만",2014,313,2383,0.9536704436075235,True
20136064,해적: 바다로 간 산적,K,2014-08-06,8666208,66372140706,285213.0,해적: 바다로 간 산적,2014-08-06,242.0,7.023,3.5115,57925.0,131258.0,2014.0,28.0,3.4642857142857144,35810.776859504134,27.9245547764374,"500만~1,000만 미만",2014,194,1426,0.870595490418201,True
20192206,백두산,K,2019-12-19,8253570,69832288800,581387.0,백두산,2019-12-19,639.0,6.852,3.426,77099.0,212967.0,2019.0,24.0,3.3333333333333335,12916.384976525822,77.42104325764488,"500만~1,000만 미만",2019,160,1144,0.9168313422570846,True
20081672,과속스캔들,K,2008-12-03,8223342,53801341400,18384.0,과속스캔들,2008-12-03,107.0,7.2,3.6,8743.0,189183.0,2008.0,9.0,3.2777777777777777,76853.66355140187,13.011741454994818,"500만~1,000만 미만",2008,59,407,0.7949493345141213,True
20070316,디워,K,2007-08-01,7855474,49340084700,10253.0,디 워,2007-08-01,484.0,4.581,2.2905,4221.0,57223.0,2007.0,291.0,1.8264604810996563,16230.318181818182,61.613086619598,"500만~1,000만 미만",2007,1063,5285,1.0993513044856273,True
20151228,공조,K,2017-01-18,7817686,63783534886,434119.0,공조,2017-01-18,151.0,6.775,3.3875,68651.0,174471.0,2017.0,20.0,3.325,51772.75496688742,19.315178430036713,"500만~1,000만 미만",2017,133,925,0.730446871154191,True
20159646,밀정,K,2016-09-07,7500457,61270079831,363579.0,밀정,2016-09-07,385.0,7.195,3.5975,63582.0,171467.0,2016.0,81.0,3.5864197530864197,19481.706493506492,51.33020561280466,"500만~1,000만 미만",2016,581,4313,0.6744911204789417,True
20110302,최종병기 활,K,2011-08-10,7470754,55828707500,79224.0,최종병기 활,2011-08-10,298.0,7.195,3.5975,32112.0,96302.0,2011.0,105.0,3.657142857142857,25069.644295302012,39.88887868614065,"500만~1,000만 미만",2011,768,5866,0.7730878573388895,True
20110193,써니,K,2011-05-04,7363587,54042547200,77117.0,써니,2011-05-04,195.0,7.8,3.9,32013.0,100060.0,2011.0,61.0,3.8278688524590163,37761.984615384616,26.481659006677045,"500만~1,000만 미만",2011,467,3833,1.0363608038936027,True
20209343,한산: 용의 출현,K,2022-07-27,7267202,73717915977,588108.0,한산: 용의 출현,2022-07-27,96.0,6.526,3.263,77180.0,278082.0,2022.0,10.0,3.05,75700.02083333333,13.210035994595994,"500만~1,000만 미만",2022,61,453,1.499073788117924,True
20170590,1987,K,2017-12-27,7233076,58175937145,437103.0,1987,2017-12-27,185.0,8.024,4.012,68881.0,184383.0,2017.0,30.0,4.083333333333333,39097.708108108105,25.576946792761476,"500만~1,000만 미만",2017,245,2031,0.5099583034566334,True
20124083,베를린,K,2013-01-30,7166944,52360129137,160704.0,베를린,2013-01-30,231.0,6.675,3.3375,46313.0,121314.0,2013.0,64.0,3.2265625,31025.7316017316,32.231310862761035,"500만~1,000만 미만",2013,413,2833,0.8161547836975416,True
20161725,마스터,K,2016-12-21,7150586,58068236865,382220.0,마스터,2016-12-21,110.0,6.927,3.4635,64940.0,167860.0,2016.0,15.0,3.1666666666666665,65005.32727272727,15.383354594994032,"500만~1,000만 미만",2016,95,683,1.2051476890327395,True
20154910,터널,K,2016-08-10,7120905,57530903417,390497.0,터널,2016-08-10,664.0,7.3,3.65,65783.0,163496.0,2016.0,88.0,3.5625,10724.25451807229,93.24657469801942,"500만~1,000만 미만",2016,627,4697,0.8123065640649401,True
20149314,내부자들,K,2015-11-19,7073581,56605193557,293413.0,내부자들,2015-11-19,148.0,6.997,3.4985,58407.0,159719.0,2015.0,33.0,3.606060606060606,47794.46621621621,20.922924329275368,"500만~1,000만 미만",2015,238,1824,0.9164944741852628,True
20156250,인천상륙작전,K,2016-07-27,7051866,55118976303,407887.0,인천상륙작전,2016-07-27,231.0,5.814,2.907,66528.0,162676.0,2016.0,23.0,3.152173913043478,30527.55844155844,32.75728722014854,"500만~1,000만 미만",2016,145,1007,1.0272954630384807,True
20215601,공조2: 인터내셔날,K,2022-09-07,6983077,70918411586,736820.0,공조 2: 인터내셔날,2022-09-07,70.0,7.0,3.5,81674.0,280964.0,2022.0,2.0,3.5,99758.24285714286,10.024234302442892,"500만~1,000만 미만",2022,14,100,0.7071067811865476,True
20153444,럭키,K,2016-10-13,6975677,56445897256,421928.0,럭키,2016-10-13,152.0,7.168,3.584,67731.0,174695.0,2016.0,20.0,3.275,45892.61184210526,21.789999737659873,"500만~1,000만 미만",2016,131,913,0.8503095411610255,True
20126672,은밀하게 위대하게,K,2013-06-05,6959083,48700887413,199584.0,은밀하게 위대하게,2013-06-05,218.0,6.989,3.4945,49891.0,144580.0,2013.0,39.0,3.217948717948718,31922.39908256881,31.325966366545707,"500만~1,000만 미만",2013,251,1801,1.1049819705296922,True
20172742,범죄도시,K,2017-10-03,6880546,56322153349,479718.0,범죄도시,2017-10-03,568.0,7.654,3.827,71666.0,191873.0,2017.0,49.0,3.673469387755102,12113.637323943662,82.55158820244789,"500만~1,000만 미만",2017,360,2744,0.7184402985530767,True
20140194,곡성,K,2016-05-12,6879989,55864308382,293670.0,곡성,2016-05-12,2146.0,7.38,3.69,58434.0,159061.0,2016.0,983.0,3.7833163784333674,3205.9594594594596,311.9191033590315,"500만~1,000만 미만",2016,7438,59642,0.9250675037879493,True
20072152,"좋은 놈, 나쁜 놈, 이상한 놈",K,2008-07-17,6686082,43756029300,15067.0,"좋은 놈, 나쁜 놈, 이상한 놈",2008-07-16,843.0,7.156,3.578,7216.0,66785.0,2008.0,677.0,3.5745937961595273,7931.295373665481,126.08280903524667,"500만~1,000만 미만",2008,4840,37100,0.9611406971843095,True
20124054,늑대소년,K,2012-10-31,6655821,46602781400,128246.0,늑대소년,2012-10-31,293.0,7.655,3.8275,42012.0,109781.0,2012.0,60.0,3.591666666666667,22716.11262798635,44.02161656691188,"500만~1,000만 미만",2012,431,3365,1.0675953760698151,True
20161481,군함도,K,2017-07-26,6592178,50510748168,436391.0,군함도,2017-07-26,298.0,7.164,3.582,69160.0,183417.0,2017.0,28.0,3.4107142857142856,22121.40268456376,45.20509003245968,"500만~1,000만 미만",2017,191,1381,0.8504200642707612,True
20050180,웰컴 투 동막골,K,2005-08-04,6430103,40285363500,14968.0,웰컴 투 동막골,2005-08-04,204.0,7.439,3.7195,7169.0,72178.0,2005.0,96.0,3.640625,31520.11274509804,31.72577484373112,"500만~1,000만 미만",2005,699,5417,0.9282216301815219,True
20148846,사도,K,2015-09-16,6247872,48847984501,315439.0,사도,2015-09-16,103.0,7.073,3.5365,59884.0,160638.0,2015.0,16.0,3.25,60658.95145631068,16.48561302152157,"500만~1,000만 미만",2015,104,740,1.0327955589886444,True
20100214,아저씨,K,2010-08-04,6179701,47112062000,51608.0,아저씨,2010-08-04,1550.0,7.7,3.85,23637.0,86892.0,2010.0,1074.0,3.8538175046554937,3986.903870967742,250.82119668896604,"500만~1,000만 미만",2010,8278,67150,0.8829699460671845,True
20060387,미녀는 괴로워,K,2006-12-14,6074814,36258492900,18377.0,미녀는 괴로워,2006-12-14,354.0,6.8,3.4,8727.0,158336.0,2006.0,39.0,2.948717948717949,17160.491525423728,58.27338911117279,"500만~1,000만 미만",2006,230,1518,1.0310627615977488,True
20090077,전우치,K,2009-12-23,6065505,44093417200,40171.0,전우치,2009-12-23,147.0,6.8,3.4,18111.0,95298.0,2009.0,51.0,3.5686274509803924,41261.93877551021,24.235409912282652,"500만~1,000만 미만",2009,364,2762,0.9056467735443949,True
20134798,연평해전,K,2015-06-24,6046312,45576432830,343843.0,연평해전,2015-06-24,53.0,6.6,3.3,62473.0,144626.0,2015.0,11.0,3.6363636363636362,114081.35849056604,8.765674017483716,"500만~1,000만 미만",2015,80,604,0.7446780878644507,True
20060277,타짜,K,2006-09-28,5692238,36259534300,38015.0,타짜,2006-09-28,102.0,6.931,3.4655,17057.0,144258.0,2006.0,22.0,3.7045454545454546,55806.25490196078,17.919138307287923,"500만~1,000만 미만",2006,163,1241,0.6297976037148931,True
20162442,청년경찰,K,2017-08-09,5653444,44382020516,453127.0,청년경찰,2017-08-09,259.0,7.548,3.774,69862.0,189461.0,2017.0,38.0,3.6710526315789473,21827.969111969112,45.812782438456985,"500만~1,000만 미만",2017,279,2129,0.7377496443208836,True
20136049,숨바꼭질,K,2013-08-14,5604106,39602995500,214209.0,숨바꼭질,2013-08-14,105.0,6.557,3.2785,51546.0,160652.0,2013.0,21.0,3.2142857142857144,53372.438095238096,18.736262304817217,"500만~1,000만 미만",2013,135,949,1.0071175275436894,True
20150979,덕혜옹주,K,2016-08-03,5599943,44397248609,408360.0,덕혜옹주,2016-08-03,70.0,6.607,3.3035,66693.0,285649.0,2016.0,1.0,3.5,79999.18571428572,12.500127233437913,"500만~1,000만 미만",2016,7,49,,False
20136052,더 테러 라이브,K,2013-07-31,5584295,39870954381,209764.0,더 테러 라이브,2013-07-31,286.0,7.191,3.5955,51158.0,141139.0,2013.0,58.0,3.5948275862068964,19525.50699300699,51.21505937634026,"500만~1,000만 미만",2013,417,3093,0.6452042825673077,True
20122783,감시자들,K,2013-07-03,5509019,39389732679,204553.0,감시자들,2013-07-03,386.0,7.5,3.75,50306.0,144532.0,2013.0,63.0,3.7142857142857144,14272.069948186529,70.0669211705387,"500만~1,000만 미만",2013,468,3680,0.905691171258643,True
20145503,검은 사제들,K,2015-11-05,5443366,42414560592,360551.0,검은 사제들,2015-11-05,141.0,6.855,3.4275,63233.0,149110.0,2015.0,24.0,2.7708333333333335,38605.43262411348,25.903090110053228,"500만~1,000만 미만",2015,133,827,0.9888417320352599,True
20176122,안시성,K,2018-09-19,5441279,46344120526,535389.0,안시성,2018-09-19,197.0,6.734,3.367,74717.0,197713.0,2018.0,22.0,3.6136363636363638,27620.705583756346,36.204723190999765,"500만~1,000만 미만",2018,159,1191,0.7059579473145857,True
20090904,의형제,K,2010-02-04,5416923,40154381000,50090.0,의형제,2010-02-04,149.0,6.436,3.218,23110.0,96197.0,2010.0,44.0,3.3295454545454546,36355.18791946309,27.50639062065309,"500만~1,000만 미만",2010,293,2101,0.9335054079773959,True
20151229,더 킹,K,2017-01-18,5318202,43494687535,434724.0,더 킹,2017-01-18,90.0,7.306,3.653,68707.0,169966.0,2017.0,17.0,3.4705882352941178,59091.13333333333,16.923012702413335,"500만~1,000만 미만",2017,118,896,1.0964514956681581,True
20112695,완득이,K,2011-10-20,5311497,38534841000,91078.0,완득이,2011-10-20,56.0,6.9,3.45,35930.0,202413.0,2011.0,13.0,3.3846153846153846,94848.16071428571,10.54316702052171,"500만~1,000만 미만",2011,88,622,0.7403221751892368,True
20177538,완벽한 타인,K,2018-10-31,5294154,44356976474,548352.0,완벽한 타인,2018-10-31,60.0,7.2,3.6,75312.0,197159.0,2018.0,14.0,3.642857142857143,88235.9,11.333255511645486,"500만~1,000만 미만",2018,102,764,0.6333236937766509,True
20124039,타워,K,2012-12-25,5181244,37656008000,154030.0,타워,2012-12-25,321.0,7.011,3.5055,45193.0,144348.0,2012.0,45.0,3.3444444444444446,16140.947040498442,61.95423338487822,"500만~1,000만 미만",2012,301,2181,0.9759740019720057,True
20179383,독전,K,2018-05-22,5064323,43491762113,518963.0,독전,2018-05-22,196.0,7.179,3.5895,74182.0,198947.0,2018.0,16.0,3.125,25838.382653061224,38.702112799677266,"500만~1,000만 미만",2018,100,676,0.9219544457292888,True
20080046,추격자,K,2008-02-14,5046096,33986959000,13855.0,추격자,2008-02-14,1613.0,7.779,3.8895,6504.0,73808.0,2008.0,960.0,3.900520833333333,3128.3918164910106,319.6530545594059,"500만~1,000만 미만",2008,7489,60803,0.7878441298068078,True
20179101,공작,K,2018-08-08,4975637,42796890816,517991.0,공작,2018-08-08,225.0,7.342,3.671,73664.0,190509.0,2018.0,42.0,3.7261904761904763,22113.942222222224,45.220340631762326,300만~500만 미만,2018,313,2417,0.7174002943588114,True
20124067,바람과 함께 사라지다,K,2012-08-08,4909950,34614720161,132711.0,바람과 함께 사라지다,2012-08-08,32.0,6.375,3.1875,42632.0,203473.0,2012.0,4.0,3.125,153435.9375,6.517377977372478,300만~500만 미만,2012,25,171,1.1086778913041726,True
20141111,"님아, 그 강을 건너지 마오",K,2014-11-27,4804099,37370473379,306598.0,"님아, 그 강을 건너지 마오",2014-11-27,30.0,7.967,3.9835,59738.0,157348.0,2014.0,11.0,4.0,160136.63333333333,6.244667314308053,300만~500만 미만,2014,88,746,1.02469507659596,True
20184462,봉오동 전투,K,2019-08-07,4788285,40594714038,573791.0,봉오동 전투,2019-08-07,53.0,7.538,3.769,76687.0,213563.0,2019.0,2.0,3.25,90345.0,11.068681166638996,300만~500만 미만,2019,13,85,0.3535533905932738,True
20102414,조선명탐정 : 각시투구꽃의 비밀,K,2011-01-27,4786369,35842409500,64931.0,조선명탐정: 각시투구꽃의 비밀,2011-01-27,50.0,6.5,3.25,28620.0,145925.0,2011.0,3.0,3.8333333333333335,95727.38,10.446332073436043,300만~500만 미만,2011,23,181,0.7637626158259734,True
20123501,군도: 민란의 시대,K,2014-07-23,4776071,36993362499,281780.0,군도: 민란의 시대,2014-07-23,135.0,6.6,3.3,57159.0,144422.0,2014.0,37.0,3.3783783783783785,35378.30370370371,28.265911457346423,300만~500만 미만,2014,250,1800,0.8772226168536237,True
20180939,남산의 부장들,K,2020-01-22,4750917,41229996550,566397.0,남산의 부장들,2020-01-22,159.0,7.101,3.5505,76037.0,216515.0,2020.0,16.0,3.40625,29879.98113207547,33.46722327500144,300만~500만 미만,2020,109,819,1.1286976270610891,True
20113557,범죄와의 전쟁: 나쁜놈들 전성시대,K,2012-02-02,4720172,36540977500,89501.0,범죄와의 전쟁: 나쁜놈들 전성시대,2012-02-02,193.0,6.891,3.4455,35194.0,99964.0,2012.0,76.0,3.598684210526316,24456.84974093264,40.8883405096255,300만~500만 미만,2012,547,4133,0.8083717661328245,True
20124401,신세계,K,2013-02-21,4690270,34931269185,165213.0,신세계,2013-02-21,561.0,7.431,3.7155,46411.0,103849.0,2013.0,325.0,3.7753846153846156,8360.552584670231,119.6093188665045,300만~500만 미만,2013,2454,19550,0.8873303644576291,True
20112534,도가니,K,2011-09-22,4663377,35570402000,81481.0,도가니,2011-09-22,808.0,8.2,4.1,32849.0,142184.0,2011.0,98.0,3.8469387755102042,5771.506188118812,173.26499658938147,300만~500만 미만,2011,754,6174,0.9802381450214974,True
20113554,내 아내의 모든 것,K,2012-05-17,4598985,34224467500,116488.0,내 아내의 모든 것,2012-05-17,53.0,6.575,3.2875,40398.0,149484.0,2012.0,18.0,3.111111111111111,86773.30188679245,11.52428198830829,300만~500만 미만,2012,112,820,1.3455324285723735,True
20144641,판도라,K,2016-12-07,4585116,36069197064,429450.0,판도라,2016-12-07,518.0,7.537,3.7685,68291.0,170605.0,2016.0,46.0,3.608695652173913,8851.57528957529,112.9742410006639,300만~500만 미만,2016,332,2518,0.8226855986358936,True
20188750,나쁜 녀석들: 더 무비,K,2019-09-11,4573902,39560195124,585831.0,나쁜 녀석들: 더 무비,2019-09-11,174.0,7.046,3.523,76850.0,222569.0,2019.0,9.0,2.5555555555555554,26286.793103448275,38.04191694531277,300만~500만 미만,2019,46,308,1.509230856356236,True
20124062,연가시,K,2012-07-05,4516063,32176550664,121491.0,연가시,2012-07-05,119.0,6.559,3.2795,40783.0,144440.0,2012.0,23.0,3.239130434782609,37950.10924369748,26.350385280276207,300만~500만 미만,2012,149,1017,0.7667754978033796,True
20170402,강철비,K,2017-12-14,4452900,35490646466,435841.0,강철비,2017-12-14,220.0,7.073,3.5365,68650.0,187479.0,2017.0,34.0,3.735294117647059,20240.454545454544,49.406005075344154,300만~500만 미만,2017,254,2002,0.8896313001841717,True
20197922,다만 악에서 구하소서,K,2020-08-05,4357873,38602897990,581526.0,다만 악에서 구하소서,2020-08-05,243.0,6.868,3.434,76792.0,226290.0,2020.0,29.0,3.6379310344827585,17933.633744855968,55.761147697512065,300만~500만 미만,2020,211,1633,0.934426406604397,True
20211792,헌트,K,2022-08-10,4352513,44602463153,727340.0,헌트,2022-08-10,218.0,6.734,3.367,81582.0,275465.0,2022.0,9.0,3.5,19965.655963302754,50.086007784468414,300만~500만 미만,2022,63,479,1.0897247358851685,True
20144444,아가씨,K,2016-06-01,4290099,35231532391,290098.0,아가씨,2016-06-01,4474.0,8.177,4.0885,58398.0,158783.0,2016.0,2710.0,4.1001845018450185,958.8956191327671,1042.8663767432872,300만~500만 미만,2016,22223,189941,0.8431974134751637,True
20040785,말아톤,K,2005-01-27,4194959,26272557000,59423.0,말아톤,2005-01-27,61.0,7.238,3.619,26438.0,175001.0,2005.0,7.0,3.357142857142857,68769.81967213115,14.541262501016101,300만~500만 미만,2005,47,361,1.3758114488755873,True
20124938,용의자,K,2013-12-24,4131338,30037521000,242454.0,용의자,2013-12-24,215.0,6.909,3.4545,53435.0,113216.0,2013.0,67.0,3.2313432835820897,19215.525581395348,52.041251526745086,300만~500만 미만,2013,433,3055,0.9859941845092315,True
20124074,건축학개론,K,2012-03-22,4114968,30252336900,107235.0,건축학개론,2012-03-22,143.0,7.297,3.6485,38455.0,148693.0,2012.0,34.0,3.2794117647058822,28776.0,34.75118154017237,300만~500만 미만,2012,223,1647,1.1818781693263163,True
20081737,7급 공무원,K,2009-04-22,4039891,26380710000,18374.0,7급 공무원,2009-04-04,105.0,6.267,3.1335,8700.0,114453.0,2009.0,24.0,3.2291666666666665,38475.15238095238,25.990800246838344,300만~500만 미만,2009,155,1075,0.8966018779459655,True
20070382,우리 생애 최고의 순간,K,2008-01-10,4018872,26119898000,18431.0,우리 생애 최고의 순간,2008-01-10,19.0,6.6,3.3,8744.0,211918.0,2008.0,2.0,3.0,211519.57894736843,4.727694736234446,300만~500만 미만,2008,12,72,0.0,True
20165748,꾼,K,2017-11-22,4018341,31313568795,478187.0,꾼,2017-11-22,105.0,6.695,3.3475,71898.0,187171.0,2017.0,16.0,3.25,38269.91428571429,26.130186562066285,300만~500만 미만,2017,104,720,0.8563488385776752,True
20134804,타짜-신의 손,K,2014-09-03,4015361,32373120927,290865.0,타짜: 신의 손,2014-09-03,103.0,6.932,3.466,58479.0,132402.0,2014.0,11.0,3.5,38984.087378640776,25.651491858390813,300만~500만 미만,2014,77,551,0.5477225575051661,True
20149570,조선명탐정 : 사라진 놉의 딸,K,2015-02-11,3872015,30456879428,328716.0,조선명탐정: 사라진 놉의 딸,2015-02-11,25.0,6.44,3.22,61199.0,160577.0,2015.0,4.0,2.25,154880.6,6.456586557645051,300만~500만 미만,2015,18,110,1.5545631755148024,True
20139183,역린,K,2014-04-30,3849700,29895031890,269340.0,역린,2014-04-30,60.0,7.15,3.575,56140.0,144380.0,2014.0,15.0,4.033333333333333,64161.666666666664,15.585630049094735,300만~500만 미만,2014,121,991,0.5163977794943222,True
20204264,콘크리트 유토피아,K,2023-08-09,3849424,37414386232,729854.0,콘크리트 유토피아,2023-08-09,318.0,6.869,3.4345,81676.0,289835.0,2023.0,2.0,3.75,12105.106918238993,82.60976187606249,300만~500만 미만,2023,15,117,1.0606601717798212,True
20165450,남한산성,K,2017-10-03,3849159,31225655792,437081.0,남한산성,2017-10-03,165.0,6.794,3.397,68741.0,198945.0,2017.0,19.0,3.3421052631578947,23328.236363636363,42.86650668366778,300만~500만 미만,2017,127,929,1.054785807363374,True
20193450,반도,K,2020-07-15,3813140,33081232380,581392.0,반도,2020-07-15,2657.0,6.7,3.35,76640.0,218525.0,2020.0,161.0,2.9254658385093166,1435.1298456906286,696.8010615922835,300만~500만 미만,2020,942,5978,0.8536890170830352,True
20179189,암수살인,K,2018-10-03,3789553,32998321048,544627.0,암수살인,2018-10-03,92.0,6.598,3.299,75493.0,196231.0,2018.0,17.0,3.1470588235294117,41190.79347826087,24.27726964103682,300만~500만 미만,2018,107,697,0.6063390625908325,True
20177552,국가부도의 날,K,2018-11-28,3755495,30895253837,554137.0,국가부도의 날,2018-11-28,65.0,6.838,3.419,75447.0,203623.0,2018.0,7.0,3.642857142857143,57776.846153846156,17.30797138592915,300만~500만 미만,2018,51,385,0.7480132415430957,True
20081716,쌍화점,K,2008-12-30,3749034,25411823400,17903.0,쌍화점,2008-12-30,164.0,6.9,3.45,8517.0,135759.0,2008.0,30.0,3.6166666666666667,22859.963414634145,43.7446019427938,300만~500만 미만,2008,217,1645,0.8060475443037842,True
20081001,신기전,K,2008-09-04,3728440,24326413000,50341.0,신기전,2008-09-04,43.0,6.407,3.2035,23280.0,141072.0,2008.0,10.0,3.35,86707.90697674418,11.532973576080076,300만~500만 미만,2008,67,457,0.4743416490252569,True
20191029,82년생 김지영,K,2019-10-23,3679265,30307992310,586048.0,82년생 김지영,2019-10-23,117.0,7.427,3.7135,76861.0,214542.0,2019.0,17.0,3.264705882352941,31446.709401709402,31.799829585528634,300만~500만 미만,2019,111,835,1.3124124620667983,True
20204117,모가디슈,K,2021-07-28,3620185,34610382926,607844.0,모가디슈,2021-07-28,216.0,7.069,3.5345,77994.0,257553.0,2021.0,24.0,3.375,16760.11574074074,59.66545908565446,300만~500만 미만,2021,162,1202,1.085977820255532,True
20161364,귀향,K,2016-02-24,3587356,27251331990,384641.0,귀향,2016-02-24,28.0,7.1,3.55,65103.0,162680.0,2016.0,2.0,3.0,128119.85714285714,7.805191344265804,300만~500만 미만,2016,12,72,0.0,True
20139201,신의 한 수,K,2014-07-03,3566852,28812027456,281298.0,신의 한 수,2014-07-03,108.0,6.7,3.35,57561.0,125545.0,2014.0,35.0,3.2285714285714286,33026.40740740741,30.27880046606924,300만~500만 미만,2014,226,1564,0.87735277919413,True
20113535,부러진 화살,K,2012-01-18,3460373,25938515113,116323.0,부러진 화살,2011-10-09,34.0,6.735,3.3675,40367.0,166641.0,2012.0,2.0,4.0,101775.67647058824,9.825530369124948,300만~500만 미만,2012,16,136,1.4142135623730951,True
20130442,끝까지 간다,K,2014-05-29,3450388,27007718900,269494.0,끝까지 간다,2014-05-29,524.0,7.082,3.541,56100.0,134204.0,2014.0,162.0,3.734567901234568,6584.7099236641225,151.86697843836694,300만~500만 미만,2014,1210,9338,0.6829167430730344,True
20124086,스파이,K,2013-09-05,3435962,24512137805,221518.0,스파이,2013-09-05,31.0,5.968,2.984,51831.0,176973.0,2013.0,5.0,2.8,110837.48387096774,9.02221852278925,300만~500만 미만,2013,28,158,0.27386127875258304,True
20176104,그것만이 내 세상,K,2018-01-17,3420766,27461392382,438623.0,그것만이 내 세상,2018-01-17,49.0,8.02,4.01,68871.0,212931.0,2018.0,3.0,1.8333333333333333,69811.55102040817,14.324277077122492,300만~500만 미만,2018,11,83,2.309401076758503,True
20176103,돈,K,2019-03-20,3389277,28871436062,571078.0,돈,2019-03-20,31.0,6.71,3.355,76250.0,205315.0,2019.0,7.0,3.357142857142857,109331.51612903226,9.14649348518873,300만~500만 미만,2019,47,345,1.1073348527841416,True
20188941,악인전,K,2019-05-15,3364924,29135221150,581528.0,악인전,2019-05-15,1563.0,7.873,3.9365,76648.0,205329.0,2019.0,82.0,3.5060975609756095,2152.862444017914,464.497860872935,300만~500만 미만,2019,575,4215,0.7515165836823119,True
20100209,이끼,K,2010-07-14,3350415,25438057000,49087.0,이끼,2010-07-14,97.0,6.907,3.4535,22631.0,141520.0,2010.0,36.0,3.4583333333333335,34540.36082474227,28.95163733447946,300만~500만 미만,2010,249,1841,0.9209854970162591,True
20100296,포화속으로,K,2010-06-16,3330331,23832002600,51200.0,포화 속으로,2010-06-16,219.0,7.568,3.784,23487.0,85129.0,2010.0,43.0,3.3372093023255816,15206.990867579909,65.75922933786461,300만~500만 미만,2010,287,2133,1.137671652315744,True
20227762,올빼미,K,2022-11-23,3329988,32864111124,806128.0,올빼미,2022-11-23,67.0,7.336,3.668,83888.0,281980.0,2022.0,1.0,2.5,49701.31343283582,20.12019262531877,300만~500만 미만,2022,5,25,,False
20060147,한반도,K,2006-07-13,3329188,20582898600,32157.0,한반도,2006-07-13,31.0,6.339,3.1695,14835.0,144326.0,2006.0,9.0,3.5,107393.16129032258,9.311579880739687,300만~500만 미만,2006,63,441,0.0,True
20198414,시동,K,2019-12-18,3318938,28116288860,581530.0,시동,2019-12-18,74.0,6.9,3.45,77112.0,225862.0,2019.0,2.0,3.5,44850.51351351351,22.29628875260701,300만~500만 미만,2019,14,100,0.7071067811865476,True
20174142,아이 캔 스피크,K,2017-09-21,3293570,25620931886,470524.0,아이 캔 스피크,2017-09-21,72.0,7.875,3.9375,71379.0,185519.0,2017.0,15.0,3.466666666666667,45744.02777777778,21.860777211354247,300만~500만 미만,2017,104,800,1.1872336794093274,True
20185341,마녀,K,2018-06-27,3189091,27242029463,530254.0,마녀,2018-06-27,790.0,7.918,3.959,74764.0,192265.0,2018.0,88.0,3.5738636363636362,4036.824050632911,247.71949122806467,300만~500만 미만,2018,629,4839,0.9929052134017718,True
20040786,공공의 적 2,K,2005-01-27,3131774,20073214000,32213.0,공공의 적 2,2005-01-27,39.0,7.2,3.6,14854.0,144290.0,2005.0,11.0,3.8636363636363638,80301.89743589744,12.453005868239535,300만~500만 미만,2005,85,665,0.45226701686664544,True
20110290,퀵,K,2011-07-20,3125069,22960890000,77175.0,퀵,2011-07-20,86.0,5.9,2.95,31620.0,144514.0,2011.0,18.0,2.75,36338.01162790698,27.51939237181643,300만~500만 미만,2011,99,589,0.8089572082044157,True
20050148,친절한 금자씨,K,2005-07-29,3121973,20505884493,4550.0,친절한 금자씨,2005-07-29,2014.0,7.519,3.7595,2178.0,42632.0,2005.0,1983.0,3.811396873424105,1550.1355511420059,645.1048743855248,300만~500만 미만,2005,15116,120926,0.8479102436947974,True
20124937,감기,K,2013-08-14,3117859,21774884000,200085.0,감기,2013-08-14,1297.0,7.5,3.75,49952.0,121143.0,2013.0,78.0,3.2628205128205128,2403.9005397070164,415.9905884133952,300만~500만 미만,2013,509,3667,1.0590499263900388,True
20148845,스물,K,2015-03-25,3044859,23563705686,331251.0,스물,2015-03-25,117.0,7.1,3.55,61060.0,140245.0,2015.0,18.0,3.388888888888889,26024.4358974359,38.4254246255738,300만~500만 미만,2015,122,876,0.8498365855987975,True
20090297,거북이 달린다,K,2009-06-11,3024666,20618276000,26781.0,거북이 달린다,2009-06-11,41.0,6.341,3.1705,12292.0,144256.0,2009.0,11.0,3.4545454545454546,73772.34146341463,13.555215683318423,300만~500만 미만,2009,76,526,0.15075567228888181,True
20101223,헬로우 고스트,K,2010-12-22,3019960,22057866500,62439.0,헬로우 고스트,2010-12-23,125.0,7.584,3.792,27336.0,166524.0,2010.0,25.0,3.54,24159.68,41.39127670565173,300만~500만 미만,2010,177,1339,0.9456038635002856,True
20113381,오싹한 연애,K,2011-12-01,3009406,22011287000,92499.0,오싹한 연애,2011-12-01,212.0,7.5,3.75,36215.0,149508.0,2011.0,35.0,3.2,14195.311320754718,70.44579561548026,300만~500만 미만,2011,224,1554,0.9409006948913677,True
20090927,방자전,K,2010-06-02,2985556,22490392000,50727.0,방자전,2010-06-02,41.0,5.671,2.8355,23325.0,217587.0,2010.0,2.0,4.0,72818.43902439025,13.732785451018168,300만 미만,2010,16,136,1.4142135623730951,True
20154661,형,K,2016-11-23,2982614,23134206693,426166.0,형,2016-11-24,129.0,7.981,3.9905,67893.0,171457.0,2016.0,17.0,3.7941176470588234,23121.038759689924,43.2506519449047,300만 미만,2016,129,1025,0.8488746876271654,True
20090248,마더,K,2009-05-28,2982177,19991782300,30018.0,마더,2009-05-28,1739.0,7.707,3.8535,13816.0,76091.0,2009.0,1051.0,3.8710751665080876,1714.8803910293273,583.1310482241665,300만 미만,2009,8137,65585,0.7848449559121888,True
20137044,친구 2,K,2013-11-14,2971475,21804687513,238010.0,친구 2,2013-11-14,35.0,6.629,3.3145,52964.0,176963.0,2013.0,3.0,1.5,84899.28571428571,11.77866211225065,300만 미만,2013,9,41,1.3228756555322954,True
20070015,그놈 목소리,K,2007-02-01,2969657,17585453600,104176.0,그놈 목소리,2007-02-01,80.0,6.625,3.3125,37755.0,144378.0,2007.0,21.0,3.380952380952381,37120.7125,26.939138089011628,300만 미만,2007,142,980,0.4976133515281193,True
20070435,식객,K,2007-11-01,2965368,18984583500,82406.0,식객,2007-10-31,22.0,5.955,2.9775,33504.0,165133.0,2007.0,3.0,3.6666666666666665,134789.45454545456,7.4189780155447815,300만 미만,2007,22,172,1.1547005383792515,True
20088506,26년,K,2012-11-29,2963652,21242367145,140380.0,26년,2012-11-29,74.0,6.8,3.4,43473.0,162880.0,2012.0,10.0,3.15,40049.35135135135,24.969193414071558,300만 미만,2012,63,435,1.028753290800731,True
20119515,고지전,K,2011-07-20,2945151,21968680600,79553.0,고지전,2011-07-20,207.0,7.181,3.5905,32249.0,112811.0,2011.0,38.0,3.3684210526315788,14227.782608695652,70.28502103966825,300만 미만,2011,256,1854,0.9349390103414882,True
20081727,워낭소리,K,2009-01-15,2935003,19078062900,47748.0,워낭소리,2009-01-15,19.0,7.7,3.85,22139.0,168918.0,2008.0,5.0,4.2,154473.84210526315,6.473587931596662,300만 미만,2009,42,356,0.4472135954999579,True
20162181,프리즌,K,2017-03-23,2931953,23791396987,438798.0,프리즌,2017-03-23,111.0,7.104,3.552,68893.0,195977.0,2017.0,14.0,3.1785714285714284,26413.99099099099,37.85872420192274,300만 미만,2017,89,599,0.7992097745500012,True
20195920,가장 보통의 연애,K,2019-10-02,2924563,24885803430,579188.0,가장 보통의 연애,2019-10-02,44.0,6.739,3.3695,76734.0,222368.0,2019.0,2.0,4.75,66467.34090909091,15.04498278888162,300만 미만,2019,19,181,0.3535533905932738,True
20184105,말모이,K,2019-01-09,2868762,24007753520,564863.0,말모이,2019-01-09,29.0,7.81,3.905,75798.0,226192.0,2019.0,2.0,2.25,98922.8275862069,10.108890176319958,300만 미만,2019,9,41,0.3535533905932738,True
20148855,극비수사,K,2015-06-18,2860786,22389535897,344476.0,극비수사,2015-06-18,50.0,6.6,3.3,62511.0,142803.0,2015.0,12.0,3.4166666666666665,57215.72,17.477714166666082,300만 미만,2015,82,584,0.7334022006230877,True
20139164,표적,K,2014-04-30,2841884,22256881300,267467.0,표적,2014-04-30,135.0,7.0,3.5,55840.0,144274.0,2014.0,15.0,3.033333333333333,21050.992592592593,47.50369825087864,300만 미만,2014,91,575,0.6399404734221844,True
20153446,너의 결혼식,K,2018-08-22,2821630,23681223769,532444.0,너의 결혼식,2018-08-22,194.0,7.534,3.767,74401.0,196039.0,2018.0,14.0,3.4642857142857144,14544.484536082475,68.75458511569553,300만 미만,2018,97,707,0.8195750708161497,True
20124075,내가 살인범이다,K,2012-11-08,2729827,20392518000,140212.0,내가 살인범이다,2012-11-08,339.0,7.106,3.553,43916.0,131433.0,2012.0,118.0,3.5508474576271185,8052.587020648967,124.18369369194458,300만 미만,2012,838,6324,0.8924896286320101,True
20100213,부당거래,K,2010-10-28,2726324,21014430600,61062.0,부당거래,2010-10-28,121.0,6.612,3.306,26933.0,144362.0,2010.0,28.0,3.267857142857143,22531.603305785124,44.38210572184377,300만 미만,2010,183,1287,0.917748279628954,True
20134582,소원,K,2013-10-02,2711144,18530314600,255709.0,소원,2013-10-02,908.0,8.388,4.194,54641.0,168798.0,2013.0,37.0,3.8783783783783785,2985.84140969163,334.91396989610286,300만 미만,2013,287,2391,1.0698221906090373,True
20050239,너는 내 운명,K,2005-09-23,2701818,17655430000,112283.0,너는 내 운명,2005-09-23,36.0,6.153,3.0765,39740.0,164524.0,2005.0,3.0,4.166666666666667,75050.5,13.324361596525007,300만 미만,2005,25,209,0.28867513459481287,True
20180804,곤지암,K,2018-03-28,2690447,21594723144,508642.0,곤지암,2018-03-28,993.0,7.251,3.6255,73139.0,187959.0,2018.0,99.0,3.3686868686868685,2709.4128902316215,369.08365041199477,300만 미만,2018,667,4869,0.9782999065065411,True
20100834,시라노; 연애조작단,K,2010-09-16,2684950,19840128000,53514.0,시라노; 연애조작단,2010-09-16,63.0,6.8,3.4,24358.0,149790.0,2010.0,9.0,3.3333333333333335,42618.25396825397,23.464124099145238,300만 미만,2010,60,422,0.82915619758885,True
20154909,살인자의 기억법,K,2017-09-06,2658661,21376279492,432836.0,살인자의 기억법,2017-09-07,393.0,7.411,3.7055,68414.0,177737.0,2017.0,99.0,3.696969696969697,6765.040712468193,147.81877042616566,300만 미만,2017,732,5672,0.8138413004619895,True
20113533,후궁 : 제왕의 첩,K,2012-06-06,2636385,19330736000,122126.0,후궁: 제왕의 첩,2012-06-06,115.0,5.809,2.9045,40913.0,136600.0,2012.0,14.0,3.142857142857143,22925.08695652174,43.62033618003441,300만 미만,2012,88,604,0.9889499370655614,True
20156557,탐정 : 더 비기닝,K,2015-09-24,2625686,20463956973,359460.0,탐정: 더 비기닝,2015-09-24,56.0,6.973,3.4865,63226.0,149112.0,2015.0,13.0,3.076923076923077,46887.25,21.32775967880394,300만 미만,2015,80,508,0.5717718748968657,True
20170669,지금 만나러 갑니다,K,2018-03-14,2602273,20800916128,499028.0,지금 만나러 갑니다,2018-03-14,225.0,8.2,4.1,72550.0,197103.0,2018.0,17.0,3.588235294117647,11565.657777777778,86.46287303445872,300만 미만,2018,122,960,1.1488485283867802,True
20153443,아수라,K,2016-09-28,2594943,20584694662,408620.0,아수라,2016-09-28,125.0,6.808,3.404,67082.0,164399.0,2016.0,24.0,2.875,20759.544,48.17061492294821,300만 미만,2016,138,926,1.2000905762917846,True
20162722,보안관,K,2017-05-03,2588628,20844488409,452408.0,보안관,2017-05-03,27.0,6.0,3.0,69686.0,198949.0,2017.0,2.0,3.0,95875.11111111111,10.430235630612046,300만 미만,2017,12,72,0.0,True
20030371,태극기 휘날리며,K,2004-02-05,2571660,15889179200,11658.0,태극기 휘날리며,2004-02-05,794.0,7.987,3.9935,5332.0,27869.0,2004.0,603.0,3.755389718076285,3238.866498740554,308.74999027865266,300만 미만,2004,4529,36149,0.9410974573759555,True
20149265,기술자들,K,2014-12-24,2564340,19894297783,300433.0,기술자들,2014-12-24,99.0,6.9,3.45,59386.0,144264.0,2014.0,16.0,3.125,25902.424242424244,38.60642504504083,300만 미만,2014,100,678,0.939858145324779,True
20090605,굿모닝 프레지던트,K,2009-10-22,2554960,18567863300,136707.0,굿모닝 프레지던트,2009-10-22,10.0,6.2,3.1,43101.0,245290.0,2009.0,1.0,0.5,255496.0,3.913955600087673,300만 미만,2009,1,1,,False
20101209,라스트 갓파더,K,2010-12-29,2541603,18511991000,70829.0,라스트 갓파더,2010-12-29,20.0,3.975,1.9875,29776.0,100180.0,2010.0,8.0,1.8125,127080.15,7.869049572258138,300만 미만,2010,29,133,0.9977653603356423,True
20185881,증인,K,2019-02-13,2535695,20489940331,570508.0,증인,2019-02-13,86.0,7.767,3.8835,76540.0,204074.0,2019.0,12.0,3.4166666666666665,29484.825581395347,33.91575090852803,300만 미만,2019,82,580,0.6685579234215214,True
20170670,목격자,K,2018-08-15,2524720,21737061097,529569.0,목격자,2018-08-15,106.0,6.726,3.363,74728.0,205313.0,2018.0,13.0,3.423076923076923,23818.11320754717,41.984853765962164,300만 미만,2018,89,631,0.6722522420364822,True
20150964,조작된 도시,K,2017-02-09,2515780,20146252587,435366.0,조작된 도시,2017-02-09,366.0,7.649,3.8245,68748.0,171455.0,2017.0,28.0,3.5714285714285716,6873.715846994535,145.4817193872278,300만 미만,2017,200,1508,0.8575836609041333,True
20195002,블랙머니,K,2019-11-13,2480329,20872938010,603314.0,블랙머니,2019-11-13,30.0,7.1,3.55,77793.0,213307.0,2019.0,5.0,2.9,82677.63333333333,12.095169632738237,300만 미만,2019,29,175,0.6519202405202649,True
20124399,반창꼬,K,2012-12-19,2475797,17911274787,146724.0,반창꼬,2012-12-19,104.0,7.332,3.666,44312.0,166167.0,2012.0,15.0,3.6333333333333333,23805.740384615383,42.00667502222517,300만 미만,2012,109,863,1.1254628677422756,True
20060244,우리들의 행복한 시간,K,2006-09-14,2472174,14939018000,63963.0,우리들의 행복한 시간,2006-09-14,49.0,7.041,3.5205,27818.0,140333.0,2006.0,11.0,3.3181818181818183,50452.5306122449,19.820611332373854,300만 미만,2006,73,521,0.9558432735738447,True
20184889,어벤져스: 엔드게임,F,2019-04-24,13977409,122490648020,299534.0,어벤져스: 엔드게임,2019-04-24,28571.0,8.242,4.121,58868.0,122914.0,2019.0,11811.0,3.870544407755482,489.21665324979875,2044.0841360512525,"1,000만 이상",2019,91430,763416,1.0853524967913053,True
20197803,겨울왕국 2,F,2019-11-21,13768797,115033955041,330457.0,겨울왕국 2,2019-11-20,10452.0,7.226,3.613,60913.0,206959.0,2019.0,1442.0,3.2389042995839112,1317.3361079219287,759.1077128960504,"1,000만 이상",2019,9341,66961,1.0579816159967956,True
20090834,아바타,F,2009-12-17,13337833,125297849000,19995.0,아바타,2009-12-16,34599.0,7.609,3.8045,9487.0,72998.0,2009.0,35043.0,3.59431270153811,385.49764444059076,2594.0495731203114,"1,000만 이상",2009,251911,1974237,1.079508516457614,True
20183867,알라딘,F,2019-05-23,12800870,109083614867,420817.0,알라딘,2019-05-22,10789.0,7.078,3.539,67626.0,200540.0,2019.0,1728.0,3.212673611111111,1186.47418667161,842.8333386715121,"1,000만 이상",2019,11103,79759,1.1039205932806309,True
20177478,어벤져스: 인피니티 워,F,2018-04-25,11233176,100081428549,299536.0,어벤져스: 인피니티 워,2018-04-25,32814.0,8.242,4.121,58952.0,122912.0,2018.0,14645.0,3.8967224308637762,342.32876211373195,2921.1685101346225,"1,000만 이상",2018,114135,956359,1.0683274739929527,True
20225061,아바타: 물의 길,F,2022-12-14,10824614,137976685459,76600.0,아바타: 물의 길,2022-12-14,14589.0,7.586,3.793,31453.0,280218.0,2022.0,1059.0,3.4475920679886687,741.9709370073343,1347.7616846198857,"1,000만 이상",2022,7302,54502,0.9906659652002843,True
20148493,어벤져스: 에이지 오브 울트론,F,2015-04-23,10504487,88645598646,99861.0,어벤져스: 에이지 오브 울트론,2015-04-22,24964.0,7.277,3.6385,37471.0,122892.0,2015.0,12099.0,3.4871063724274736,420.78541099182826,2376.5082483323554,"1,000만 이상",2015,84381,641735,1.0489344897264552,True
20149120,인터스텔라,F,2014-11-06,10387691,83702019500,157336.0,인터스텔라,2014-11-05,41055.0,8.5,4.25,45504.0,109487.0,2014.0,37157.0,4.133447264310897,253.01890147363292,3952.2738980202625,"1,000만 이상",2014,307173,2658389,0.8948897354437015,True
20136803,겨울왕국,F,2014-01-16,10329222,82778068337,109445.0,겨울왕국,2013-11-20,17852.0,7.249,3.6245,38814.0,106696.0,2013.0,11102.0,3.4398306611421368,578.603069684069,1728.3005438357313,"1,000만 이상",2014,76378,577792,1.0856611810919572,True
20185485,보헤미안 랩소디,F,2018-10-31,9962571,86436204285,424694.0,보헤미안 랩소디,2018-10-24,18013.0,7.951,3.9755,67915.0,192803.0,2018.0,5193.0,3.695744271134219,553.0767223671793,1808.0674155295858,"500만~1,000만 미만",2018,38384,303326,0.9717480583883473,True
20121621,아이언맨 3,F,2013-04-25,9006173,70853737320,68721.0,아이언맨 3,2013-04-18,23829.0,6.932,3.466,29220.0,102125.0,2013.0,12709.0,3.4626249114800536,377.95010281589657,2645.8519062425294,"500만~1,000만 미만",2013,88013,662643,1.0223635197835845,True
20159364,캡틴 아메리카: 시빌 워,F,2016-04-27,8678761,72686676527,271110.0,캡틴 아메리카: 시빌 워,2016-04-27,24524.0,7.453,3.7265,56339.0,122920.0,2016.0,10997.0,3.6957352005092297,353.8884765943566,2825.7489749976985,"500만~1,000만 미만",2016,81284,645514,1.0081709638419116,True
20194376,탑건: 매버릭,F,2022-06-22,8281086,88920238884,361743.0,탑건: 매버릭,2022-05-21,11495.0,8.159,4.0795,63422.0,274053.0,2022.0,3115.0,3.8696629213483145,720.4076555023923,1388.1029613748726,"500만~1,000만 미만",2022,24108,197692,0.9445246917928422,True
20196309,스파이더맨: 파 프롬 홈,F,2019-07-02,8023606,69033177100,429617.0,스파이더맨: 파 프롬 홈,2019-06-28,17549.0,7.393,3.6965,68176.0,201773.0,2019.0,5724.0,3.685185185185185,457.21157900735085,2187.1712045681206,"500만~1,000만 미만",2019,42188,330756,0.9303645207564547,True
20210028,스파이더맨: 노 웨이 홈,F,2021-12-15,7552467,75198679210,634649.0,스파이더맨: 노 웨이 홈,2021-12-15,23020.0,7.946,3.973,79065.0,263007.0,2021.0,3971.0,3.779148829010325,328.0828410078193,3048.0106698910436,"500만~1,000만 미만",2021,30014,242358,0.9880665193245287,True
20112207,미션임파서블:고스트프로토콜,F,2011-12-15,7508991,57302764500,56292.0,미션 임파서블: 고스트 프로토콜,2011-12-07,10975.0,7.115,3.5575,25953.0,91630.0,2011.0,9542.0,3.653950953678474,684.1905239179954,1461.5811898029976,"500만~1,000만 미만",2011,69732,541696,0.917138523836544,True
20070061,트랜스포머,F,2007-06-28,7405449,47740418203,1858.0,트랜스포머,2007-06-27,12501.0,6.846,3.423,1200.0,53996.0,2007.0,13390.0,3.0468259895444363,592.3885289176866,1688.081303375393,"500만~1,000만 미만",2007,81594,574382,1.2004349830463936,True
20090303,트랜스포머: 패자의 역습,F,2009-06-24,7393443,50699866000,8373.0,트랜스포머: 패자의 역습,2009-06-19,9375.0,6.225,3.1125,3100.0,69526.0,2009.0,5626.0,2.664415215072876,788.63392,1268.015456398325,"500만~1,000만 미만",2009,29980,195716,1.2641670723661025,True
20228930,엘리멘탈,F,2023-06-14,7241486,71152108486,976573.0,엘리멘탈,2023-06-14,5526.0,7.596,3.798,87152.0,286903.0,2023.0,179.0,3.388268156424581,1310.439015562794,763.1030426627905,"500만~1,000만 미만",2023,1213,8881,0.9635647856929398,True
20124721,어벤져스,F,2012-04-26,7087971,59644552758,24428.0,어벤져스,2012-04-25,39604.0,8.073,4.0365,11147.0,89745.0,2012.0,26315.0,3.733574007220217,178.97108877891122,5587.494644094904,"500만~1,000만 미만",2012,196498,1583502,1.0508032187803331,True
20181181,미션 임파서블: 폴아웃,F,2018-07-25,6589061,55923873912,353081.0,미션 임파서블: 폴아웃,2018-07-25,9341.0,7.451,3.7255,62763.0,189333.0,2018.0,4002.0,3.794352823588206,705.3913927844984,1417.6526822258893,"500만~1,000만 미만",2018,30370,243066,0.8871957587672968,True
20112703,다크 나이트 라이즈,F,2012-07-19,6428574,47910613000,49026.0,다크 나이트 라이즈,2012-07-17,24873.0,7.797,3.8985,22604.0,91529.0,2012.0,30369.0,3.963564819388192,258.455916053552,3869.131785680619,"500만~1,000만 미만",2012,240739,2014609,0.9352019511482048,True
20140110,킹스맨 : 시크릿 에이전트,F,2015-02-11,6129681,50369009795,207703.0,킹스맨: 시크릿 에이전트,2015-01-24,18103.0,7.617,3.8085,50962.0,119145.0,2015.0,15392.0,3.802364864864865,338.600287245208,2953.3347657080362,"500만~1,000만 미만",2015,117052,944650,0.9408914469231023,True
20157881,미션 임파서블: 로그네이션,F,2015-07-30,6126488,48547353607,177677.0,미션 임파서블: 로그네이션,2015-07-28,9912.0,7.2,3.6,47665.0,111781.0,2015.0,6151.0,3.6498130385303202,618.0879741727199,1617.8926654226696,"500만~1,000만 미만",2015,44900,348516,0.918703335521463,True
20100312,인셉션,F,2010-07-21,6014915,45149690940,27205.0,인셉션,2010-07-15,40104.0,8.373,4.1865,12515.0,79132.0,2010.0,57931.0,4.157169736410557,149.9829194095352,6667.42589047393,"500만~1,000만 미만",2010,481658,4169904,0.8444431489633911,True
20128274,레미제라블,F,2012-12-19,5945987,43259985554,82695.0,레미제라블,2012-12-18,5671.0,7.297,3.6485,33189.0,99149.0,2012.0,3455.0,3.517221418234443,1048.490037030506,953.752505681563,"500만~1,000만 미만",2012,24304,187038,1.078588974769992,True
20212855,닥터 스트레인지: 대혼돈의 멀티버스,F,2022-05-04,5884587,62648728870,453395.0,닥터 스트레인지: 대혼돈의 멀티버스,2022-05-04,10771.0,7.224,3.612,69754.0,272525.0,2022.0,1393.0,3.2164393395549173,546.3361804846346,1830.37484193878,"500만~1,000만 미만",2022,8961,62667,0.9497025922564621,True
20181877,캡틴 마블,F,2019-03-06,5802810,51507488723,299537.0,캡틴 마블,2019-03-06,17105.0,6.772,3.386,59314.0,122910.0,2018.0,4172.0,3.2508389261744965,339.24641917567965,2947.7098164509953,"500만~1,000만 미만",2019,27125,193907,1.0255951326478,True
20179086,쥬라기 월드: 폴른 킹덤,F,2018-06-06,5661128,49770711037,351286.0,쥬라기 월드: 폴른 킹덤,2018-06-06,12980.0,6.526,3.263,62658.0,187031.0,2018.0,2013.0,2.9307004470938898,436.1423728813559,2292.829273600597,"500만~1,000만 미만",2018,11799,78143,1.056571481919875,True
20226270,스즈메의 문단속,F,2023-03-08,5593118,57338491841,916224.0,스즈메의 문단속,2022-11-11,1835.0,7.889,3.9445,85872.0,281188.0,2022.0,113.0,3.7610619469026547,3048.0207084468666,328.08176047778716,"500만~1,000만 미만",2023,850,6628,0.7230186754551295,True
20098169,쥬라기 월드,F,2015-06-11,5547463,47804159826,135397.0,쥬라기 월드,2015-06-06,21880.0,6.703,3.3515,42860.0,117529.0,2015.0,8820.0,3.2677437641723355,253.54035648994517,3944.145278661615,"500만~1,000만 미만",2015,57643,412633,1.0089166533202738,True
20180522,앤트맨과 와스프,F,2018-07-04,5448357,47470638985,363088.0,앤트맨과 와스프,2018-07-04,14464.0,6.897,3.4485,63526.0,188301.0,2018.0,4638.0,3.4634540750323417,376.6839740044248,2654.7452745846135,"500만~1,000만 미만",2018,32127,237621,0.9016859900744644,True
20163181,닥터 스트레인지,F,2016-10-26,5447269,47490572396,284052.0,닥터 스트레인지,2016-10-25,23855.0,7.425,3.7125,57358.0,122922.0,2016.0,12404.0,3.750564334085779,228.3491511213582,4379.258670721053,"500만~1,000만 미만",2016,93044,740220,0.9232083393266427,True
20170561,블랙 팬서,F,2018-02-14,5400241,45896080357,284054.0,블랙 팬서,2018-02-13,23917.0,7.362,3.681,57805.0,122906.0,2017.0,8828.0,3.6185432714091528,225.7909018689635,4428.876414959998,"500만~1,000만 미만",2018,63889,497473,0.9970895942963577,True
20090685,2012,F,2009-11-12,5397597,38941723000,14161.0,2012,2009-10-10,12993.0,5.894,2.947,6692.0,72378.0,2009.0,8099.0,2.74564761081615,415.42345878549986,2407.182307237832,"500만~1,000만 미만",2009,44474,285042,1.1226101961685209,True
20122021,트랜스포머: 사라진 시대,F,2014-06-25,5295836,44012752845,91314.0,트랜스포머: 사라진 시대,2014-06-25,8931.0,5.972,2.986,35978.0,112370.0,2014.0,2167.0,2.5272265805260727,592.9723435225619,1686.4192924403249,"500만~1,000만 미만",2014,10953,68491,1.2310228223607849,True
20199950,조커,F,2019-10-02,5284344,45778663951,475557.0,조커,2019-10-01,28254.0,8.116,4.058,71749.0,204698.0,2019.0,11635.0,3.902019767941556,187.02994266298577,5346.737456910451,"500만~1,000만 미만",2019,90800,750214,0.9455614822496906,True
20122122,월드 워 Z,F,2013-06-20,5244336,38589794000,72190.0,월드워 Z,2013-06-19,16988.0,6.851,3.4255,30128.0,103249.0,2013.0,9609.0,3.2844728899989595,308.7082646574052,3239.304270359489,"500만~1,000만 미만",2013,63121,452409,0.9913574993021177,True
20164721,미녀와 야수,F,2017-03-16,5156757,42256976659,321612.0,미녀와 야수,2017-03-16,16145.0,6.967,3.4835,60679.0,168366.0,2017.0,3030.0,3.381023102310231,319.4027253019511,3130.843667832322,"500만~1,000만 미만",2017,20489,152773,1.0835604633686946,True
20060107,미션 임파서블 3,F,2006-05-03,5124671,32141243900,956.0,미션 임파서블 3,2006-04-25,7818.0,6.767,3.3835,786.0,45186.0,2006.0,7870.0,3.3693138500635325,655.496418521361,1525.5613482309402,"500만~1,000만 미만",2006,53033,386029,0.9542088808175476,True
20110511,쿵푸팬더 2,F,2011-05-26,5064796,44310427500,49444.0,쿵푸팬더 2,2011-05-25,8112.0,7.085,3.5425,23298.0,87222.0,2011.0,4814.0,3.4957415870378066,624.3584812623275,1601.643975394073,"500만~1,000만 미만",2011,33657,255081,1.013329272717328,True
20180290,아쿠아맨,F,2018-12-19,5041187,44145008504,297802.0,아쿠아맨,2018-12-07,15176.0,6.9,3.45,58809.0,143347.0,2018.0,2600.0,3.1117307692307694,332.18153663679493,3010.402113629191,"500만~1,000만 미만",2018,16181,111997,1.0423491780491723,True
20151225,인사이드 아웃,F,2015-07-09,4972640,38055237936,150540.0,인사이드 아웃,2015-06-17,23838.0,7.906,3.953,44851.0,134853.0,2015.0,21483.0,3.9099753293301682,208.6013927342898,4793.831847871554,300만~500만 미만,2015,167996,1393410,0.9630157446312196,True
20175222,킹스맨: 골든 서클,F,2017-09-27,4945484,40987484736,343668.0,킹스맨: 골든 서클,2017-09-20,11343.0,6.941,3.4705,62108.0,176101.0,2017.0,3771.0,3.4197825510474673,435.9943577536807,2293.6076630720067,300만~500만 미만,2017,25792,190934,0.9815248546198754,True
20228555,더 퍼스트 슬램덩크,F,2023-01-04,4921209,51557295105,783675.0,더 퍼스트 슬램덩크,2022-12-03,562.0,7.757,3.8785,82983.0,283149.0,2022.0,6.0,3.75,8756.599644128113,114.19957981869902,300만~500만 미만,2023,45,347,0.689202437604511,True
20151383,마션,F,2015-10-08,4887144,39702034175,286217.0,마션,2015-09-30,21755.0,7.707,3.8535,57694.0,134130.0,2015.0,28104.0,4.024782949046399,224.64463341760515,4451.475135580208,300만~500만 미만,2015,226225,1895557,0.8143289550374526,True
20175121,토르: 라그나로크,F,2017-10-25,4858572,39261266595,284053.0,토르: 라그나로크,2017-10-02,22438.0,7.58,3.79,57443.0,122916.0,2017.0,13286.0,3.8786316423302725,216.53320260272753,4618.22938921148,300만~500만 미만,2017,103063,851509,0.9894263543059812,True
20126077,어메이징 스파이더맨,F,2012-06-28,4853273,41165656235,1930.0,어메이징 스파이더맨,2012-06-23,19050.0,6.76,3.38,1256.0,95510.0,2012.0,9198.0,3.2349423787779954,254.76498687664042,3925.186157877375,300만~500만 미만,2012,59510,424868,1.040721887086468,True
20175771,라이온 킹,F,2019-07-17,4743295,41519732430,420818.0,라이온 킹,2019-07-12,10887.0,7.091,3.5455,67977.0,203222.0,2019.0,1207.0,3.0405965202982603,435.6843023789841,2295.239912339418,300만~500만 미만,2019,7340,50574,1.109476282149029,True
20155501,주토피아,F,2016-02-17,4711015,37147956842,269149.0,주토피아,2016-02-11,18487.0,7.765,3.8825,56120.0,152081.0,2016.0,14431.0,3.850460813526436,254.82852815491967,3924.207416023936,300만~500만 미만,2016,111132,903210,0.9061197357079063,True
20148807,엣지 오브 투모로우,F,2014-06-04,4706213,38786998201,137113.0,엣지 오브 투모로우,2014-05-27,15458.0,7.643,3.8215,43500.0,111759.0,2014.0,19760.0,3.9581983805668015,304.4516108164057,3284.594216198884,300만~500만 미만,2014,156428,1292104,0.8247239763983013,True
20162365,신비한 동물사전,F,2016-11-16,4669702,39365960288,259316.0,신비한 동물사전,2016-11-16,19950.0,7.309,3.6545,55023.0,135143.0,2016.0,8005.0,3.614615865084322,234.07027568922305,4272.221225251633,300만~500만 미만,2016,57870,449046,0.9790783654796313,True
20080653,쿵푸 팬더,F,2008-06-05,4654267,29998156500,9502.0,쿵푸팬더,2008-06-04,12956.0,7.337,3.6685,3631.0,59784.0,2008.0,16390.0,3.6194020744356314,359.2364155603581,2783.6821566102676,300만~500만 미만,2008,118644,922386,0.984544984585329,True
20070056,스파이더맨 3,F,2007-05-01,4582342,29453324000,559.0,스파이더맨 3,2007-05-01,15714.0,6.48,3.24,435.0,52722.0,2007.0,11399.0,2.872401087814721,291.60888379788724,3429.2508066835694,300만~500만 미만,2007,65485,429057,1.0767468935662512,True
20081169,맘마미아!,F,2008-09-03,4579143,29693828850,11631.0,맘마미아!,2008-07-03,7156.0,6.962,3.481,5347.0,60397.0,2008.0,4208.0,3.102899239543726,639.90259921744,1562.7378310745046,300만~500만 미만,2008,26114,186422,1.203250552425761,True
20070057,캐리비안의 해적: 세상의 끝에서,F,2007-05-23,4569391,29122818500,285.0,캐리비안의 해적: 세상의 끝에서,2007-05-19,15784.0,7.278,3.639,239.0,53125.0,2007.0,15453.0,3.390636122435773,289.4951216421693,3454.2896416612193,300만~500만 미만,2007,104791,781395,1.0701112899378624,True
20111009,해리 포터와 죽음의 성물2,F,2011-07-13,4446294,34951269260,12445.0,해리 포터와 죽음의 성물 2,2011-07-12,22382.0,8.08,4.04,5776.0,88125.0,2011.0,20227.0,3.891531121767934,198.65490125994103,5033.855161174677,300만~500만 미만,2011,157428,1308816,1.0161851307573124,True
20090933,아이언맨 2,F,2010-04-29,4426968,32659489520,10138.0,아이언맨 2,2010-04-28,22859.0,6.854,3.427,4125.0,77561.0,2010.0,17099.0,3.422510088309258,193.66411479067327,5163.579226233394,300만~500만 미만,2010,117043,870703,1.0083673178644519,True
20147669,엑스맨: 데이즈 오브 퓨처 패스트,F,2014-05-22,4313871,34654558766,127585.0,엑스맨: 데이즈 오브 퓨처 패스트,2014-05-15,16612.0,7.535,3.7675,41872.0,111362.0,2014.0,13151.0,3.692837046612425,259.68402359739946,3850.8337407400454,300만~500만 미만,2014,97129,765653,0.9581535335740551,True
20080396,아이언맨,F,2008-04-30,4306392,27941118520,1726.0,아이언맨,2008-04-30,28751.0,7.664,3.832,1109.0,59315.0,2008.0,36468.0,3.815139300208402,149.78233800563459,6676.354591035837,300만~500만 미만,2008,278261,2247827,0.9242946836951691,True
20081056,다크 나이트,F,2008-08-06,4283639,28786695189,155.0,다크 나이트,2008-07-16,36614.0,8.535,4.2675,123.0,58559.0,2008.0,59334.0,4.173349175851957,116.99456492052221,8547.40560537431,300만~500만 미만,2008,495243,4324613,0.8970225586981938,True
20060319,박물관이 살아있다!,F,2006-12-21,4244803,24399290200,1593.0,박물관이 살아있다!,2006-12-20,11175.0,6.6,3.3,1024.0,46972.0,2006.0,8711.0,3.068763632189186,379.8481431767338,2632.6310078465362,300만~500만 미만,2006,53464,361900,0.984425828464118,True
20135661,어메이징 스파이더맨 2,F,2014-04-23,4168353,34869101800,102382.0,어메이징 스파이더맨 2,2014-04-16,14692.0,6.56,3.28,37423.0,110553.0,2014.0,4304.0,3.012546468401487,283.71583174516746,3524.6535022345756,300만~500만 미만,2014,25932,176824,1.0935046318599728,True
20080996,미이라 3:황제의 무덤,F,2008-07-30,4090885,26217311000,1735.0,미이라 3: 황제의 무덤,2008-07-01,4917.0,5.521,2.7605,1130.0,60937.0,2008.0,2191.0,2.649703331811958,831.9880008135042,1201.9404114268673,300만~500만 미만,2008,11611,71841,1.0848473383680473,True
20232631,미션 임파서블: 데드 레코닝 PART ONE,F,2023-07-12,4022291,40430706769,575264.0,미션 임파서블: 데드 레코닝 PART ONE,2023-07-08,5340.0,7.502,3.751,76785.0,288265.0,2023.0,424.0,3.768867924528302,753.2380149812734,1327.6016081382475,300만~500만 미만,2023,3196,25250,0.8277815871576812,True
20148973,혹성탈출: 반격의 서막,F,2014-07-10,4002560,31514053095,119450.0,혹성탈출: 반격의 서막,2014-07-08,12472.0,7.343,3.6715,40514.0,112623.0,2014.0,7168.0,3.55908203125,320.9236690186017,3116.0057563159576,300만~500만 미만,2014,51023,390449,0.9751144340987784,True
20151803,쿵푸팬더3,F,2016-01-28,3984814,31340813156,140300.0,쿵푸팬더 3,2016-01-23,6756.0,6.94,3.47,43576.0,149406.0,2016.0,2850.0,3.531052631578947,589.8185316755477,1695.436725528469,300만~500만 미만,2016,20127,154177,1.0277821767841424,True
20161872,너의 이름은.,F,2017-01-04,3979592,32693376297,372058.0,너의 이름은.,2016-07-01,12953.0,8.485,4.2425,64509.0,163134.0,2016.0,3764.0,4.143597236981934,307.2332278236702,3254.856276723845,300만~500만 미만,2017,31193,269939,0.8716663375030756,True
20147790,캡틴 아메리카: 윈터 솔져,F,2014-03-26,3964965,31728426385,100402.0,캡틴 아메리카: 윈터 솔져,2014-03-20,20417.0,7.654,3.827,37585.0,110102.0,2014.0,13830.0,3.6850325379609545,194.1991967478082,5149.351885830013,300만~500만 미만,2014,101928,807978,1.0129861027014369,True
20144741,매드 맥스: 분노의 도로,F,2015-05-14,3950169,34094583006,76341.0,매드 맥스: 분노의 도로,2015-05-13,24543.0,7.637,3.8185,31381.0,122882.0,2015.0,21315.0,3.868707482993197,160.9489060017113,6213.151892994958,300만~500만 미만,2015,164923,1367973,1.038207593221467,True
20060146,캐리비안의 해적 : 망자의 함,F,2006-07-06,3911617,23832939000,58.0,캐리비안의 해적: 망자의 함,2006-07-06,17536.0,7.391,3.6955,37.0,45722.0,2006.0,21481.0,3.4652716353987243,223.0621008211679,4483.056495561809,300만~500만 미만,2006,148875,1117817,1.000653711842691,True
20177221,베놈,F,2018-10-03,3888096,34100211207,335983.0,베놈,2018-09-28,17545.0,6.824,3.412,61362.0,192389.0,2018.0,3263.0,3.257585044437634,221.60706754060985,4512.491461116187,300만~500만 미만,2018,21259,150969,0.9773256735341808,True
20167904,라라랜드,F,2016-12-07,3802166,31494217978,313369.0,라라랜드,2016-12-01,18434.0,7.9,3.95,59664.0,164909.0,2016.0,7231.0,3.7294979947448486,206.2583270044483,4848.289106788078,300만~500만 미만,2016,53936,436314,1.0843663387118065,True
20176848,데드풀 2,F,2018-05-16,3784602,34185664639,383498.0,데드풀 2,2018-05-15,19609.0,7.488,3.744,65027.0,187593.0,2018.0,9815.0,3.782883341823739,193.00331480442654,5181.258161360164,300만~500만 미만,2018,74258,597966,0.9595881912480994,True
20149629,비긴 어게인,F,2014-08-13,3752677,30033481921,198277.0,비긴 어게인,2014-06-27,4063.0,7.232,3.616,49685.0,111622.0,2013.0,1981.0,3.754416961130742,923.622200344573,1082.6937676757154,300만~500만 미만,2014,14875,116863,0.8078759566970318,True
20070063,해리 포터와 불사조 기사단,F,2007-07-11,3702538,23010956770,675.0,해리 포터와 불사조 기사단,2007-07-08,21173.0,7.673,3.8365,544.0,54001.0,2007.0,21073.0,3.754947088691691,174.87073159212204,5718.509843788233,300만~500만 미만,2007,158256,1274092,1.007789205850326,True
20166488,미이라,F,2017-06-06,3689325,30504689978,282035.0,미이라,2017-06-06,7771.0,5.521,2.7605,57257.0,170827.0,2017.0,1256.0,2.604697452229299,474.7555012224939,2106.3473670657913,300만~500만 미만,2017,6543,39763,1.0635137900839287,True
20167542,분노의 질주: 더 익스트림,F,2017-04-12,3659683,30044577348,337339.0,분노의 질주: 더 익스트림,2017-04-12,10964.0,6.851,3.4255,61596.0,170875.0,2017.0,1561.0,3.1947469570787956,333.7908609996352,2995.88789520841,300만~500만 미만,2017,9974,72062,1.1556153109169462,True
20196850,분노의 질주: 홉스&쇼,F,2019-08-14,3657627,32242734793,384018.0,분노의 질주: 홉스 & 쇼,2019-07-31,7903.0,6.824,3.412,65056.0,203519.0,2019.0,960.0,3.1234375,462.8150069593825,2160.6905242114626,300만~500만 미만,2019,5997,41335,1.0047450800897442,True
20152022,인턴,F,2015-09-24,3611168,28522216348,257211.0,인턴,2015-09-23,7470.0,7.226,3.613,55230.0,140110.0,2015.0,4934.0,3.6719700040535064,483.4227576974565,2068.582796480252,300만~500만 미만,2015,36235,283969,0.9514180579606967,True
20112173,리얼 스틸,F,2011-10-12,3579899,26567842000,39254.0,리얼 스틸,2011-09-28,9509.0,7.141,3.5705,17782.0,90249.0,2011.0,3982.0,3.290431943746861,376.47481333473553,2656.2201894522723,300만~500만 미만,2011,26205,188465,1.002805090733836,True
20179985,코코,F,2018-01-11,3534618,27962691905,354912.0,코코,2017-10-27,21354.0,8.197,4.0985,63268.0,177765.0,2017.0,9638.0,4.018624195891264,165.52486653554368,6041.388348047794,300만~500만 미만,2018,77463,654157,0.9049405489877174,True
20050310,해리 포터와 불의 잔,F,2005-12-01,3499259,22097745900,674.0,해리 포터와 불의 잔,2005-11-16,22575.0,7.802,3.901,543.0,40815.0,2005.0,26211.0,3.7621418488420892,155.0059357696567,6451.365846312033,300만~500만 미만,2005,197219,1585885,0.9861367041440318,True
20050324,킹콩,F,2005-12-14,3468785,21468338672,254.0,킹콩,2005-12-12,8698.0,6.902,3.451,214.0,41569.0,2005.0,10934.0,3.187259923175416,398.80259829845943,2507.506230567764,300만~500만 미만,2005,69699,488837,1.0091883418063916,True
20135428,어바웃 타임,F,2013-12-05,3455557,25372276300,122906.0,어바웃 타임,2013-09-04,9477.0,7.904,3.952,41064.0,104374.0,2013.0,7969.0,3.9705734722047934,364.6256199219162,2742.539046527087,300만~500만 미만,2013,63283,530221,0.9319430003641391,True
20184047,토이 스토리 4,F,2019-06-20,3400623,28763352540,301528.0,토이 스토리 4,2019-06-19,10944.0,7.465,3.7325,59146.0,201588.0,2019.0,2802.0,3.589043540328337,310.7294407894737,3218.233835388398,300만~500만 미만,2019,20113,154285,0.9405828247569717,True
20113885,맨 인 블랙 3,F,2012-05-24,3379762,27301520070,41154.0,맨 인 블랙 3,2012-05-23,11172.0,6.547,3.2735,18550.0,94777.0,2012.0,7712.0,3.34426867219917,302.5207662012173,3305.558202027243,300만~500만 미만,2012,51582,375346,0.9917613335735174,True
20173403,슈퍼배드 3,F,2017-07-26,3326109,24226551419,324852.0,슈퍼배드 3,2017-06-15,7770.0,6.47,3.235,60949.0,172547.0,2017.0,1319.0,3.12054586808188,428.07065637065637,2336.062949229866,300만~500만 미만,2017,8232,57216,1.0524316834776946,True
20153781,데드풀,F,2016-02-17,3322773,27633406151,293660.0,데드풀,2016-02-09,33242.0,7.626,3.813,58767.0,122904.0,2016.0,23147.0,3.8502829740355122,99.95707237831658,10004.294605740446,300만~500만 미만,2016,178245,1467805,1.0141231501630055,True
20139221,그래비티,F,2013-10-17,3313307,32738315110,49047.0,그래비티,2013-10-03,16625.0,7.174,3.587,22615.0,104841.0,2013.0,18126.0,3.59748427672956,199.29666165413533,5017.645512474395,300만~500만 미만,2013,130416,1007040,0.973447348218056,True
20143580,분노의 질주: 더 세븐,F,2015-04-01,3248904,26466421694,168259.0,분노의 질주: 더 세븐,2015-04-01,11464.0,7.2,3.6,46699.0,130634.0,2015.0,3520.0,3.3197443181818183,283.400558269365,3528.5745592975354,300만~500만 미만,2015,23371,175913,1.2138934480335772,True
20141384,터미네이터 제니시스,F,2015-07-02,3240370,26556715129,87101.0,터미네이터 제니시스,2015-06-23,9148.0,5.959,2.9795,34656.0,120799.0,2015.0,3094.0,2.979961215255333,354.2162221250547,2823.134395146233,300만~500만 미만,2015,18440,124304,1.0789640700162255,True
20226431,오펜하이머,F,2023-08-15,3238225,34450632556,872585.0,오펜하이머,2023-07-19,12412.0,8.022,4.011,85027.0,287699.0,2023.0,1152.0,4.082899305555555,260.89469867869803,3832.964046661365,300만~500만 미만,2023,9407,79599,0.7775259367892855,True
20050144,아일랜드,F,2005-07-21,3217826,20357393500,1635.0,아일랜드,2005-07-21,6039.0,6.697,3.3485,1056.0,34319.0,2005.0,9298.0,3.404388040438804,532.8408676933267,1876.7329246516126,300만~500만 미만,2005,63308,463246,0.9304639990441725,True
20110294,캐리비안의 해적: 낯선 조류,F,2011-05-19,3130046,27279967500,1865.0,캐리비안의 해적: 낯선 조류,2011-05-15,15206.0,6.573,3.2865,1204.0,86880.0,2011.0,7972.0,3.224849473156046,205.84282520057872,4858.075568218486,300만~500만 미만,2011,51417,369777,1.0938983679317136,True
20150203,나우 유 씨 미 2,F,2016-07-13,3100113,25116690113,291805.0,나우 유 씨 미 2,2016-06-02,11779.0,6.824,3.412,58243.0,159093.0,2016.0,4622.0,3.4558632626568584,263.18982935733084,3799.5389200329146,300만~500만 미만,2016,31946,242048,1.0721127218201834,True
20218256,이터널스,F,2021-11-03,3050514,31731747450,524434.0,이터널스,2021-11-03,9383.0,6.757,3.3785,74496.0,260665.0,2021.0,1022.0,2.8943248532289627,325.1107321752105,3075.8750820353557,300만~500만 미만,2021,5916,38344,1.0017551121651433,True
20170982,캐리비안의 해적: 죽은 자는 말이 없다,F,2017-05-24,3049894,24975495122,166426.0,캐리비안의 해적: 죽은 자는 말이 없다,2017-05-23,13029.0,6.664,3.332,46910.0,122896.0,2017.0,3064.0,3.1969647519582245,234.08504106224575,4271.951746519715,300만~500만 미만,2017,19591,141029,1.1343596069971302,True
20138355,토르: 다크 월드,F,2013-10-30,3040115,22527732000,76338.0,토르: 다크 월드,2013-10-30,18678.0,6.508,3.254,31328.0,106072.0,2013.0,8247.0,3.185643264217291,162.76448227861655,6143.846532121318,300만~500만 미만,2013,52544,371360,1.0532038920986362,True
20183361,인크레더블 2,F,2018-07-18,3033105,24555055588,260513.0,인크레더블 2,2018-06-14,13915.0,7.453,3.7265,55253.0,187541.0,2018.0,6303.0,3.648183404727907,217.97376931369027,4587.707975820158,300만~500만 미만,2018,45989,356565,0.9129952084822469,True
20060117,다빈치 코드,F,2006-05-18,3022377,18869739800,591.0,다빈치 코드,2006-05-17,10285.0,6.735,3.3675,464.0,45447.0,2006.0,13183.0,3.1727983008419933,293.8626154594069,3402.9507238838833,300만~500만 미만,2006,83654,585822,1.021200897101585,True
20090379,해리 포터와 혼혈 왕자,F,2009-07-15,3013595,20913886000,767.0,해리 포터와 혼혈왕자,2009-07-15,21145.0,7.682,3.841,606.0,69844.0,2009.0,21033.0,3.8167879047211524,142.52045400803974,7016.5367277288415,300만~500만 미만,2009,160557,1311255,1.0088930875081967,True
20136962,레드: 더 레전드,F,2013-07-18,3004649,21511371970,146216.0,레드: 더 레전드,2013-07-18,4413.0,6.531,3.2655,44310.0,103810.0,2013.0,2504.0,3.4554712460063897,680.8631316564695,1468.7239674251468,300만~500만 미만,2013,17305,129391,0.9892116911197862,True
20131248,드래곤 길들이기 2,F,2014-07-23,3000115,23980525189,82702.0,드래곤 길들이기 2,2014-06-05,10653.0,7.7,3.85,33125.0,112175.0,2014.0,7656.0,3.725052246603971,281.62160893644983,3550.8638835511306,300만~500만 미만,2014,57038,453420,0.9644385593164836,True
20191951,블랙 위도우,F,2021-07-07,2962088,29996075620,497698.0,블랙 위도우,2021-07-07,11579.0,7.151,3.5755,72489.0,242774.0,2021.0,1609.0,3.1721566190180237,255.81552811123586,3909.0668474400486,300만 미만,2021,10208,70354,0.9323553255423432,True
20050113,미스터 & 미세스 스미스,F,2005-06-16,2961173,18886452500,787.0,미스터 & 미세스 스미스,2005-06-07,11466.0,6.695,3.3475,626.0,33679.0,2005.0,17358.0,3.241905749510312,258.2568463282749,3872.114192585168,300만 미만,2005,112546,797846,0.9905277532911991,True
20185046,서치,F,2018-08-29,2951700,25295502445,489999.0,서치,2018-08-24,4351.0,7.565,3.7825,72267.0,190555.0,2018.0,2005.0,3.7640897755610974,678.3957710871064,1474.0657925940984,300만 미만,2018,15094,119222,0.8352018365070745,True
20150523,엑스맨: 아포칼립스,F,2016-05-25,2938818,24467887950,246655.0,엑스맨: 아포칼립스,2016-05-18,14069.0,6.527,3.2635,53755.0,122924.0,2016.0,4733.0,3.171350095077118,208.8860615537707,4787.298839193172,300만 미만,2016,30020,210530,1.031061861128356,True
20070033,300,F,2007-03-14,2929184,18681491500,1271.0,300,2007-03-07,15054.0,7.209,3.6045,860.0,51662.0,2007.0,24833.0,3.5482221237868963,194.57845091005711,5139.315249571212,300만 미만,2007,176226,1360958,1.0541669129825113,True
20070551,황금 나침반,F,2007-12-18,2907002,18336916000,2268.0,황금나침반,2007-12-04,4921.0,6.087,3.0435,1482.0,56171.0,2007.0,4095.0,3.058363858363858,590.7339971550498,1692.8092928728636,300만 미만,2007,25048,170380,1.0239023025758305,True
20101224,해리 포터와 죽음의 성물1,F,2010-12-15,2896646,20704263000,12444.0,해리 포터와 죽음의 성물 1,2010-11-17,20746.0,7.7,3.85,5766.0,81834.0,2010.0,20969.0,3.831036291668654,139.62431312060156,7162.07641527477,300만 미만,2010,160666,1317760,1.0168684483794903,True
20100370,솔트,F,2010-07-29,2870228,21362092000,27576.0,솔트,2010-07-21,6053.0,6.417,3.2085,12673.0,79293.0,2010.0,5686.0,3.233380232149138,474.1827193127375,2108.891697802405,300만 미만,2010,36770,259976,0.9879043704710465,True
20155702,앤트맨,F,2015-09-03,2847913,23601275937,102899.0,앤트맨,2015-07-14,21199.0,7.067,3.5335,37498.0,122900.0,2015.0,10595.0,3.5421897121283625,134.34185574791263,7443.6964893239365,300만 미만,2015,75059,568485,0.9311102622321794,True
20140226,호빗: 다섯 군대 전투,F,2014-12-17,2841382,24318975775,122917.0,호빗: 다섯 군대 전투,2014-12-10,15711.0,7.338,3.669,40997.0,118696.0,2014.0,8616.0,3.473885793871866,180.85303290688054,5529.351562021579,300만 미만,2014,59862,460598,1.13880655084954,True
20206061,쥬라기 월드: 도미니언,F,2022-06-01,2837410,29237071310,507086.0,쥬라기 월드: 도미니언,2022-06-01,7256.0,6.594,3.297,73222.0,274195.0,2022.0,507.0,2.5473372781065087,391.0432745314223,2557.2617281252974,300만 미만,2022,2583,15223,1.0096998980104825,True
20125048,호빗: 뜻밖의 여정,F,2012-12-13,2830614,23563723316,49051.0,호빗: 뜻밖의 여정,2012-12-12,20019.0,7.381,3.6905,22713.0,98809.0,2012.0,16149.0,3.6211220509009845,141.39637344522703,7072.317172175366,300만 미만,2012,116955,918697,1.0534420876964006,True
20070116,슈렉3,F,2007-06-06,2826957,17898427500,810.0,슈렉 3,2007-05-17,9971.0,6.3,3.15,644.0,53121.0,2007.0,6368.0,2.886463567839196,283.5179019155551,3527.1141372153875,300만 미만,2007,36762,242584,1.091819831715202,True
20164621,덩케르크,F,2017-07-20,2823120,24961181348,374720.0,덩케르크,2017-07-19,17935.0,7.451,3.7255,64345.0,174055.0,2017.0,8681.0,3.789194793226587,157.40841929188738,6352.900337215563,300만 미만,2017,65788,525574,0.881957295929828,True
20140431,메이즈 러너,F,2014-09-18,2812427,21489367677,198663.0,메이즈 러너,2014-09-10,18423.0,7.19,3.595,49745.0,114180.0,2014.0,7209.0,3.323484533222361,152.65847039027304,6550.57002368417,300만 미만,2014,47918,348550,1.020743107345759,True
20149951,빅 히어로,F,2015-01-21,2801949,21993119765,177572.0,빅 히어로,2014-10-24,16885.0,7.725,3.8625,47657.0,115617.0,2014.0,15680.0,3.858769132653061,165.9430855789162,6026.162503314657,300만 미만,2015,121011,988243,0.9307961202400514,True
20110896,혹성탈출: 진화의 시작,F,2011-08-17,2773794,20629757000,61791.0,혹성탈출: 진화의 시작,2011-08-03,13043.0,7.354,3.677,27216.0,88744.0,2011.0,11128.0,3.5371585190510424,212.66533772905007,4702.22374120068,300만 미만,2011,78723,599123,0.9738600663392645,True
20150622,메이즈 러너: 스코치 트라이얼,F,2015-09-16,2744413,21596946349,294254.0,메이즈 러너: 스코치 트라이얼,2015-09-09,11220.0,6.732,3.366,58819.0,117895.0,2015.0,2822.0,3.173458540042523,244.6000891265597,4088.3059510357957,300만 미만,2015,17911,126969,1.085227094383462,True
20163603,가디언즈 오브 갤럭시 VOL. 2,F,2017-05-03,2736686,23461577086,283995.0,가디언즈 오브 갤럭시 Vol. 2,2017-04-25,23387.0,7.609,3.8045,57435.0,122918.0,2017.0,13115.0,3.812619138391155,117.0174028306324,8545.737435716044,300만 미만,2017,100005,809877,0.9497341373084524,True
20080873,핸콕,F,2008-07-02,2722576,17844704000,8960.0,핸콕,2008-07-01,10447.0,6.357,3.1785,3313.0,60074.0,2008.0,10948.0,3.123492875411034,260.6084043266009,3837.1747932840076,300만 미만,2008,68392,467050,0.9534491497306816,True
20138881,나우 유 씨 미 : 마술사기단,F,2013-08-22,2718237,19146757869,75656.0,나우 유 씨 미: 마술사기단,2013-05-29,17091.0,7.326,3.663,31605.0,102903.0,2013.0,10821.0,3.6140375196377414,159.04493593119184,6287.531219683935,300만 미만,2013,78215,609485,1.0098991412447018,True
20164501,미스 페레그린과 이상한 아이들의 집,F,2016-09-28,2718158,21841214586,283366.0,미스 페레그린과 이상한 아이들의 집,2016-09-28,10607.0,6.84,3.42,57730.0,162600.0,2016.0,2289.0,3.372870249017038,256.26077118883757,3902.274996523381,300만 미만,2016,15441,112713,0.9666658423298375,True
20224662,토르: 러브 앤 썬더,F,2022-07-06,2716306,29505081721,616037.0,토르: 러브 앤 썬더,2022-07-06,8906.0,6.361,3.1805,78654.0,274971.0,2022.0,1095.0,2.9273972602739726,304.99730518751403,3278.717493537179,300만 미만,2022,6411,41893,0.9979311699307527,True
20090427,지.아이.조 : 전쟁의 서막,F,2009-08-06,2665886,19583593500,14869.0,지.아이.조: 전쟁의 서막,2009-08-03,5015.0,5.783,2.8915,7146.0,70336.0,2009.0,2689.0,2.7335440684269243,531.5824526420738,1881.1757141903292,300만 미만,2009,14701,93799,1.1175071782933486,True
20126469,브레이킹 던 part2,F,2012-11-15,2654817,18909583065,50620.0,브레이킹 던 Part 2,2012-11-13,9486.0,6.452,3.226,23799.0,98203.0,2012.0,2362.0,2.544030482641829,279.86685641998736,3573.1276393062117,300만 미만,2012,12018,81212,1.457563025911591,True
20100018,타이탄,F,2010-04-01,2643970,21799976500,18823.0,타이탄,2010-03-26,6826.0,5.924,2.962,8979.0,76175.0,2010.0,3281.0,2.711673270344407,387.3381189569294,2581.7236958059284,300만 미만,2010,17794,111110,1.0551475035229887,True
20050137,우주전쟁,F,2005-07-07,2642023,16752200690,74.0,우주전쟁,2005-06-28,9478.0,6.57,3.285,50.0,34048.0,2005.0,13793.0,3.1564199231494237,278.75321797847647,3587.4025320748533,300만 미만,2005,87073,599679,0.9520201539546072,True
20145361,미니언즈,F,2015-07-29,2627228,19009240278,211672.0,미니언즈,2015-06-17,11287.0,6.424,3.212,50959.0,135887.0,2015.0,3225.0,3.0337984496124033,232.76583680340215,4296.16310423001,300만 미만,2015,19568,136128,1.161483282143927,True
20166967,트랜스포머: 최후의 기사,F,2017-06-21,2614601,21501959228,335988.0,트랜스포머: 최후의 기사,2017-06-16,6876.0,6.063,3.0315,61810.0,174585.0,2017.0,839.0,2.3539928486293205,380.250290866783,2629.8467720313733,300만 미만,2017,3950,24160,1.2883098972517875,True
20040756,하울의 움직이는 성,F,2004-12-23,2613654,16489087817,4935.0,하울의 움직이는 성,2004-09-09,11392.0,8.386,4.193,2321.0,31658.0,2004.0,16009.0,4.112218127303392,229.42889747191012,4358.648849465155,300만 미만,2004,131665,1132447,0.8799132114952214,True
20161907,제이슨 본,F,2016-07-27,2611966,21253434663,324668.0,제이슨 본,2016-07-27,6343.0,6.384,3.192,60594.0,160438.0,2016.0,3251.0,3.519993848046755,411.7871669556992,2428.438961303478,300만 미만,2016,22887,173723,0.9844483656228632,True
20159058,도리를 찾아서,F,2016-07-06,2601761,20704149933,127380.0,도리를 찾아서,2016-06-16,12831.0,7.044,3.522,41740.0,157296.0,2016.0,5624.0,3.5376066856330013,202.77149092042708,4931.659748916215,300만 미만,2016,39791,301999,0.9539733344733039,True
20100190,드래곤 길들이기,F,2010-05-20,2593854,27340084500,10191.0,드래곤 길들이기,2010-03-18,14682.0,7.867,3.9335,4190.0,76093.0,2010.0,20142.0,3.899736868235528,176.6689824274622,5660.303162784027,300만 미만,2010,157097,1294529,0.9271612872094896,True
20136961,퍼시픽 림,F,2013-07-11,2539113,20477374512,68726.0,퍼시픽 림,2013-07-11,13764.0,6.9,3.45,29286.0,103228.0,2013.0,7911.0,3.3272026292504107,184.47493461203138,5420.790646182348,300만 미만,2013,52643,383791,1.0287145387808165,True
20162967,정글북,F,2016-06-09,2537438,21517647134,278927.0,정글북,2016-04-07,8620.0,6.879,3.4395,57013.0,137857.0,2016.0,3286.0,3.465611685940353,294.36635730858467,3397.1273386778316,300만 미만,2016,22776,168748,0.9100511167858897,True
20110561,엑스맨: 퍼스트 클래스,F,2011-06-02,2534979,19081006000,49538.0,엑스맨: 퍼스트 클래스,2011-06-01,13820.0,7.305,3.6525,22865.0,87232.0,2011.0,15387.0,3.6911028790537466,183.42829232995658,5451.721690791127,300만 미만,2011,113590,891912,0.931203380789065,True
20156082,마이펫의 이중생활,F,2016-08-03,2520700,19406716655,328111.0,마이펫의 이중생활,2016-06-18,8648.0,6.326,3.163,60817.0,135436.0,2016.0,2630.0,3.205513307984791,291.4777983348751,3430.7930336811205,300만 미만,2016,16861,118559,0.9974616046408412,True
20070550,나는 전설이다,F,2007-12-12,2460225,16084527000,6479.0,나는 전설이다,2007-12-12,17265.0,7.223,3.6115,2738.0,56174.0,2007.0,20415.0,3.5128092089150136,142.49782797567332,7017.650824619699,300만 미만,2007,143428,1078320,0.9301667426290874,True
20174061,보스 베이비,F,2017-05-03,2452245,18936306704,295693.0,보스 베이비,2017-03-23,7564.0,6.451,3.2255,58590.0,168418.0,2017.0,1288.0,2.9906832298136647,324.1994976203067,3084.520510797249,300만 미만,2017,7704,52826,1.1446942564544138,True
20176814,신비한 동물들과 그린델왈드의 범죄,F,2018-11-14,2414195,20817381118,338952.0,신비한 동물들과 그린델왈드의 범죄,2018-11-14,11644.0,6.83,3.415,62065.0,135426.0,2018.0,2254.0,3.1781277728482697,207.3338199931295,4823.13980436543,300만 미만,2018,14327,101615,1.0819160107961079,True
20192083,터미네이터: 다크 페이트,F,2019-10-30,2410227,20167141830,290859.0,터미네이터: 다크 페이트,2019-10-23,5833.0,6.422,3.211,58148.0,207830.0,2019.0,977.0,2.963664278403275,413.2053831647523,2420.1039985030457,300만 미만,2019,5791,38287,1.0073805922625927,True
20227890,슈퍼 마리오 브라더스,F,2023-04-26,2395569,23559187482,502356.0,슈퍼 마리오 브라더스,2023-04-05,11101.0,7.595,3.7975,72968.0,286131.0,2023.0,538.0,3.2881040892193307,215.7975858030808,4633.972137725944,300만 미만,2023,3538,24906,0.8736190125503178,True
20113461,007 스카이폴,F,2012-10-26,2376266,17487818000,37724.0,007 스카이폴,2012-10-24,16371.0,7.266,3.633,16918.0,96079.0,2012.0,15512.0,3.738138215575039,145.15093763362043,6889.380229317761,300만 미만,2012,115972,916352,0.89152187778491,True
20080337,테이큰,F,2008-04-09,2361605,15984259000,8681.0,테이큰,2008-02-18,12349.0,7.41,3.705,3185.0,59369.0,2008.0,16133.0,3.7247567098493772,191.23856182686856,5229.070907285512,300만 미만,2008,120183,947469,0.8991080301161675,True
20158621,스파이,F,2015-05-21,2318748,18417637358,238713.0,스파이,2015-05-06,6516.0,6.829,3.4145,53490.0,134368.0,2015.0,3756.0,3.514110756123536,355.8545119705341,2810.1371947274997,300만 미만,2015,26398,200970,1.0138524082458187,True
20060129,포세이돈,F,2006-05-31,2314324,14574278300,503.0,포세이돈,2006-05-03,2392.0,5.901,2.9505,393.0,45442.0,2006.0,1367.0,2.72713972201902,967.5267558528428,1033.5631484614946,300만 미만,2006,7456,45746,0.9641157185855034,True
20165443,모아나,F,2017-01-12,2314299,18095097807,277834.0,모아나,2016-10-13,13987.0,7.565,3.7825,57211.0,166461.0,2016.0,8278.0,3.816380768301522,165.46071351969687,6043.730736607499,300만 미만,2017,63184,510710,0.9268522343790091,True
20128447,테이큰 2,F,2012-09-27,2308646,17581248553,82675.0,테이큰 2,2012-09-27,7251.0,6.37,3.185,33179.0,96861.0,2012.0,2809.0,3.1315414738341047,318.39001517032136,3140.8020112221625,300만 미만,2012,17593,121561,1.006327103789484,True
20175054,메이즈 러너: 데스 큐어,F,2018-01-17,2299732,18902873104,336843.0,메이즈 러너: 데스 큐어,2018-01-10,8560.0,7.079,3.5395,61460.0,183635.0,2018.0,1192.0,3.2156040268456376,268.66028037383177,3722.1728444879664,300만 미만,2018,7666,54980,1.091755903609051,True
20181942,맘마미아!2,F,2018-08-08,2295241,19616072003,458423.0,맘마미아! 2,2018-07-18,3631.0,7.07,3.535,70568.0,188751.0,2018.0,704.0,3.1292613636363638,632.1236573946571,1581.9689522799567,300만 미만,2018,4406,31434,1.171458353559308,True
20205041,분노의 질주: 더 얼티메이트,F,2021-05-19,2292415,22059658060,385128.0,분노의 질주: 더 얼티메이트,2021-05-19,7839.0,6.987,3.4935,65144.0,249964.0,2021.0,403.0,2.73697270471464,292.4371731088149,3419.5379108930974,300만 미만,2021,2206,13930,1.0739093816284646,True
20081366,이글 아이,F,2008-10-09,2292172,14869812500,13027.0,이글 아이,2008-09-25,3215.0,6.501,3.2505,6058.0,62081.0,2008.0,2711.0,3.2530431575064553,712.9617418351478,1402.5998049012028,300만 미만,2008,17638,124532,0.9497353280465534,True
20134267,호빗: 스마우그의 폐허,F,2013-12-12,2288265,17907231786,57158.0,호빗: 스마우그의 폐허,2013-12-11,14532.0,7.581,3.7905,26241.0,106489.0,2013.0,12175.0,3.5856673511293633,157.46387283236993,6350.663056944891,300만 미만,2013,87311,683403,1.0844362819812658,True
20205362,미니언즈2,F,2022-07-20,2269066,21999850172,438148.0,미니언즈 2,2022-06-29,4154.0,7.3,3.65,68936.0,276317.0,2022.0,287.0,3.054006968641115,546.2363986519018,1830.709199291691,300만 미만,2022,1753,11727,0.9440888825386551,True
20131381,컨저링,F,2013-09-17,2264314,16367862867,138843.0,컨저링,2013-07-18,13028.0,7.543,3.7715,43361.0,103688.0,2013.0,5031.0,3.672927847346452,173.80365366902058,5753.618976873349,300만 미만,2013,36957,289709,0.9518270359281537,True
20171122,레디 플레이어 원,F,2018-03-28,2260096,20007243071,333339.0,레디 플레이어 원,2018-03-28,17325.0,7.587,3.7935,61210.0,140956.0,,5971.0,3.5334952269301625,130.45287157287157,7665.603584980461,300만 미만,2018,42197,321959,0.9973416050455172,True
20152781,배트맨 대 슈퍼맨: 저스티스의 시작,F,2016-03-24,2256913,18906246428,209112.0,배트맨 대 슈퍼맨: 저스티스의 시작,2016-03-23,19310.0,6.011,3.0055,51094.0,136864.0,2016.0,4547.0,2.702881020453046,116.87793889176592,8555.934588528668,300만 미만,2016,24580,156326,1.1356608339797027,True
20100310,나잇&데이,F,2010-06-24,2243484,16777869600,37834.0,나잇 & 데이,2010-06-15,5021.0,6.239,3.1195,16967.0,79185.0,2010.0,3204.0,3.2473470661672907,446.8201553475403,2238.0369104482133,300만 미만,2010,20809,148067,1.0041635848659864,True
20112134,배틀쉽,F,2012-04-11,2241687,16545921500,44833.0,배틀쉽,2012-04-11,6152.0,5.934,2.967,21321.0,94018.0,2012.0,2118.0,2.717894239848914,364.38345253576074,2744.36172400518,300만 미만,2012,11513,74109,1.166711119444359,True
20112621,셜록홈즈 : 그림자 게임,F,2011-12-21,2239156,16670913500,58574.0,셜록 홈즈: 그림자 게임,2011-11-22,11124.0,7.146,3.573,26266.0,91542.0,2011.0,12627.0,3.714817454660648,201.29054297015463,4967.943278628198,300만 미만,2011,93814,741390,0.937478344614265,True
20100333,슈렉 포에버,F,2010-07-01,2224138,22811183100,10192.0,슈렉 포에버,2010-05-16,8105.0,6.4,3.2,4208.0,78637.0,2010.0,3381.0,2.9679089026915113,274.4155459592844,3644.1084141361735,300만 미만,2010,20069,137185,1.1557379511884034,True
20200703,극장판 귀멸의 칼날: 무한열차편,F,2021-01-27,2221338,21354334320,635302.0,극장판 귀멸의 칼날: 무한열차편,2020-10-16,4666.0,8.226,4.113,79070.0,231413.0,2020.0,195.0,3.81025641025641,476.0690098585512,2100.535803196092,300만 미만,2021,1486,11986,0.9235729788798198,True
20081484,007 퀀텀 오브 솔러스,F,2008-11-05,2205016,14388438000,10764.0,007 퀀텀 오브 솔러스,2008-10-29,8732.0,6.343,3.1715,4672.0,63113.0,2008.0,9919.0,3.2977114628490773,252.52130096197894,3960.061967804315,300만 미만,2008,65420,466270,0.936551256859879,True
20090856,셜록 홈즈,F,2009-12-23,2184425,16036809500,10528.0,셜록 홈즈,2009-12-23,15005.0,7.223,3.6115,4457.0,73017.0,2009.0,20352.0,3.7379127358490565,145.57980673108963,6869.084541698617,300만 미만,2009,152148,1204206,0.905693328634933,True
20137961,맨 오브 스틸,F,2013-06-13,2182227,17092964063,49521.0,맨 오브 스틸,2013-06-12,16558.0,6.661,3.3305,23338.0,103042.0,2013.0,7372.0,3.092919153553988,131.79290977171155,7587.661595241925,300만 미만,2013,45602,315566,1.0656035083646929,True
20161827,로건,F,2017-03-01,2176825,18443667463,263115.0,로건,2017-02-28,20788.0,7.821,3.9105,55436.0,168252.0,2017.0,12727.0,3.906026557711951,104.71546084279392,9549.688192665924,300만 미만,2017,99424,818364,0.9046394017488767,True
20050338,"나니아 연대기-사자,마녀 그리고 옷장",F,2005-12-29,2168613,13232904500,411.0,"나니아 연대기: 사자, 마녀 그리고 옷장",2005-12-07,11743.0,7.144,3.572,329.0,41566.0,2005.0,16536.0,3.389392839864538,184.67282636464276,5414.981834010955,300만 미만,2005,112094,825824,0.9986595038365673,True
20168261,원더 우먼,F,2017-05-31,2165401,17468588886,297762.0,원더 우먼,2017-05-30,21171.0,7.204,3.602,58721.0,143355.0,2017.0,7710.0,3.540142671854734,102.28146993528884,9776.942007508078,300만 미만,2017,54589,417591,1.0040342701064466,True
20090930,이상한 나라의 앨리스,F,2010-03-04,2147012,20334399500,12155.0,이상한 나라의 앨리스,2010-03-03,15030.0,6.645,3.3225,5645.0,74789.0,2010.0,9384.0,3.046728473998295,142.8484364604125,7000.426639441233,300만 미만,2010,57181,392723,1.0863427790077422,True
20175262,겟 아웃,F,2017-05-17,2141199,17450135035,419430.0,겟 아웃,2017-02-24,19283.0,7.625,3.8125,67886.0,168250.0,2017.0,11679.0,3.991137939892114,111.04076129233003,9005.70194549876,300만 미만,2017,93225,779049,0.8643840894829659,True
