k,method,cohort,metric,users,mean,ci95_low,ci95_high,users_total,users_valid,observations_total,observations_valid,movies_total,movies_valid,comparable_pairs_total,comparable_pairs_valid,reference_pairs_total,reference_pairs_valid,status
1,ALS,eligible_k,mse,118,1.4763366804760614,1.193677517279379,1.7953661418115965,118,118,482,482,317,317,1804,1804,2361,2361,DESCRIPTIVE
1,ALS,eligible_k,mae,118,0.97829027046227,0.8731011266229859,1.0883321050383414,118,118,482,482,317,317,1804,1804,2361,2361,DESCRIPTIVE
1,ALS,eligible_k,pa,72,0.6379298464023437,0.5569386910422661,0.715177824331096,118,72,482,427,317,299,1804,1804,2361,2348,DESCRIPTIVE
1,ALS,eligible_k,als_mae,118,0.0,0.0,0.0,118,118,482,482,317,317,1804,1804,2361,2361,DESCRIPTIVE
1,ALS,eligible_k,als_order,78,1.0,1.0,1.0,118,78,482,442,317,307,1804,1804,2361,2361,DESCRIPTIVE
1,ALS,eligible_k,outside_scale,118,0.01059322033898305,0.0,0.029661016949152543,118,118,482,482,317,317,1804,1804,2361,2361,DESCRIPTIVE
1,ALS,common_k30,mse,113,1.4743946141370394,1.1838122349689268,1.8006420080200773,113,113,450,450,309,309,1651,1651,2137,2137,DESCRIPTIVE
1,ALS,common_k30,mae,113,0.9717366897764999,0.862176891205557,1.0850101505899465,113,113,450,450,309,309,1651,1651,2137,2137,DESCRIPTIVE
1,ALS,common_k30,pa,68,0.6530344965641997,0.5726911268008058,0.7298224407822469,113,68,450,396,309,289,1651,1651,2137,2124,DESCRIPTIVE
1,ALS,common_k30,als_mae,113,0.0,0.0,0.0,113,113,450,450,309,309,1651,1651,2137,2137,DESCRIPTIVE
1,ALS,common_k30,als_order,74,1.0,1.0,1.0,113,74,450,411,309,298,1651,1651,2137,2137,DESCRIPTIVE
1,ALS,common_k30,outside_scale,113,0.011061946902654867,0.0,0.030973451327433628,113,113,450,450,309,309,1651,1651,2137,2137,DESCRIPTIVE
1,BASE__FM,eligible_k,mse,118,0.8093533552464078,0.6502905466700705,0.9836985583910622,118,118,482,482,317,317,1804,1804,2361,2361,DESCRIPTIVE
1,BASE__FM,eligible_k,mae,118,0.6826362618736118,0.6061705013790575,0.7619549370452432,118,118,482,482,317,317,1804,1804,2361,2361,DESCRIPTIVE
1,BASE__FM,eligible_k,pa,72,0.591768635761212,0.5150657269970828,0.667414885230239,118,72,482,427,317,299,1804,1804,2361,2348,DESCRIPTIVE
1,BASE__FM,eligible_k,als_mae,118,0.8082451030533632,0.7128583924521444,0.9086530689033568,118,118,482,482,317,317,1804,1804,2361,2361,DESCRIPTIVE
1,BASE__FM,eligible_k,als_order,78,0.5928491558178977,0.5189107882857882,0.6656933950516544,118,78,482,442,317,307,1804,1804,2361,2361,DESCRIPTIVE
1,BASE__FM,eligible_k,outside_scale,118,0.0,0.0,0.0,118,118,482,482,317,317,1804,1804,2361,2361,DESCRIPTIVE
1,BASE__FM,common_k30,mse,113,0.8158155790357775,0.6513734555530176,0.9960573998185259,113,113,450,450,309,309,1651,1651,2137,2137,DESCRIPTIVE
1,BASE__FM,common_k30,mae,113,0.6826718006232204,0.6037114706908391,0.7652112489536954,113,113,450,450,309,309,1651,1651,2137,2137,DESCRIPTIVE
1,BASE__FM,common_k30,pa,68,0.579963242720088,0.5003492750351096,0.6581914213583018,113,68,450,396,309,289,1651,1651,2137,2124,DESCRIPTIVE
1,BASE__FM,common_k30,als_mae,113,0.819414027737321,0.7197720204253087,0.9220746475778181,113,113,450,450,309,309,1651,1651,2137,2137,DESCRIPTIVE
1,BASE__FM,common_k30,als_order,74,0.5987689300062525,0.523296975952909,0.6716292020855915,113,74,450,411,309,298,1651,1651,2137,2137,DESCRIPTIVE
1,BASE__FM,common_k30,outside_scale,113,0.0,0.0,0.0,113,113,450,450,309,309,1651,1651,2137,2137,DESCRIPTIVE
1,BASE__GBT,eligible_k,mse,118,0.8117815816149166,0.6464413735808794,0.9976590319668994,118,118,482,482,317,317,1804,1804,2361,2361,DESCRIPTIVE
1,BASE__GBT,eligible_k,mae,118,0.6895018347000547,0.6107816811435368,0.7710315463452748,118,118,482,482,317,317,1804,1804,2361,2361,DESCRIPTIVE
1,BASE__GBT,eligible_k,pa,72,0.6203927794186088,0.540340455256972,0.6999721824552905,118,72,482,427,317,299,1804,1804,2361,2348,DESCRIPTIVE
1,BASE__GBT,eligible_k,als_mae,118,0.814887058619233,0.719417971167688,0.9154847414169021,118,118,482,482,317,317,1804,1804,2361,2361,DESCRIPTIVE
1,BASE__GBT,eligible_k,als_order,78,0.6074773165400927,0.5312116950042458,0.6814670051352185,118,78,482,442,317,307,1804,1804,2361,2361,DESCRIPTIVE
1,BASE__GBT,eligible_k,outside_scale,118,0.0,0.0,0.0,118,118,482,482,317,317,1804,1804,2361,2361,DESCRIPTIVE
1,BASE__GBT,common_k30,mse,113,0.8129630569989228,0.6414632626195256,1.006931131706032,113,113,450,450,309,309,1651,1651,2137,2137,DESCRIPTIVE
1,BASE__GBT,common_k30,mae,113,0.686345937184371,0.6044965510721102,0.7716913254479874,113,113,450,450,309,309,1651,1651,2137,2137,DESCRIPTIVE
1,BASE__GBT,common_k30,pa,68,0.613329049356398,0.5292896488673401,0.6956531256492243,113,68,450,396,309,289,1651,1651,2137,2124,DESCRIPTIVE
1,BASE__GBT,common_k30,als_mae,113,0.8290121185139927,0.7292049448643282,0.9335045198093618,113,113,450,450,309,309,1651,1651,2137,2137,DESCRIPTIVE
1,BASE__GBT,common_k30,als_order,74,0.6170835550145896,0.5388062396467568,0.6922163009663008,113,74,450,411,309,298,1651,1651,2137,2137,DESCRIPTIVE
1,BASE__GBT,common_k30,outside_scale,113,0.0,0.0,0.0,113,113,450,450,309,309,1651,1651,2137,2137,DESCRIPTIVE
1,BASE__RIDGE,eligible_k,mse,118,0.8493920460843726,0.6782456480683371,1.0355763716502009,118,118,482,482,317,317,1804,1804,2361,2361,DESCRIPTIVE
1,BASE__RIDGE,eligible_k,mae,118,0.7083354729863115,0.6271614885997737,0.7913093585480188,118,118,482,482,317,317,1804,1804,2361,2361,DESCRIPTIVE
1,BASE__RIDGE,eligible_k,pa,72,0.6062765607236238,0.527048063482983,0.6837212527041562,118,72,482,427,317,299,1804,1804,2361,2348,DESCRIPTIVE
1,BASE__RIDGE,eligible_k,als_mae,118,0.7938363263204009,0.6975878060845782,0.8957532649724987,118,118,482,482,317,317,1804,1804,2361,2361,DESCRIPTIVE
1,BASE__RIDGE,eligible_k,als_order,78,0.6282460775170678,0.556919663569676,0.6969781193496,118,78,482,442,317,307,1804,1804,2361,2361,DESCRIPTIVE
1,BASE__RIDGE,eligible_k,outside_scale,118,0.0,0.0,0.0,118,118,482,482,317,317,1804,1804,2361,2361,DESCRIPTIVE
1,BASE__RIDGE,common_k30,mse,113,0.8556624062655106,0.6789679098428205,1.0504885298198487,113,113,450,450,309,309,1651,1651,2137,2137,DESCRIPTIVE
1,BASE__RIDGE,common_k30,mae,113,0.7074939226171977,0.6239468055790356,0.7951878577976282,113,113,450,450,309,309,1651,1651,2137,2137,DESCRIPTIVE
1,BASE__RIDGE,common_k30,pa,68,0.5919515591602142,0.5087530170670206,0.6721668645860965,113,68,450,396,309,289,1651,1651,2137,2124,DESCRIPTIVE
1,BASE__RIDGE,common_k30,als_mae,113,0.8076940732764651,0.7060835909831116,0.9122832575765459,113,113,450,450,309,309,1651,1651,2137,2137,DESCRIPTIVE
1,BASE__RIDGE,common_k30,als_order,74,0.6419350546801528,0.571160035878173,0.7095019627740216,113,74,450,411,309,298,1651,1651,2137,2137,DESCRIPTIVE
1,BASE__RIDGE,common_k30,outside_scale,113,0.0,0.0,0.0,113,113,450,450,309,309,1651,1651,2137,2137,DESCRIPTIVE
1,CROWD_ITEM__FM,eligible_k,mse,118,0.7749490887660656,0.6187602700042666,0.9468564128236254,118,118,482,482,317,317,1804,1804,2361,2361,DESCRIPTIVE
1,CROWD_ITEM__FM,eligible_k,mae,118,0.6618629243896349,0.5857481916214021,0.7408094092211681,118,118,482,482,317,317,1804,1804,2361,2361,DESCRIPTIVE
1,CROWD_ITEM__FM,eligible_k,pa,72,0.5774436079276097,0.49100851611710783,0.6634082265426148,118,72,482,427,317,299,1804,1804,2361,2348,DESCRIPTIVE
1,CROWD_ITEM__FM,eligible_k,als_mae,118,0.8279150209337717,0.7339507292639457,0.9266226433711757,118,118,482,482,317,317,1804,1804,2361,2361,DESCRIPTIVE
1,CROWD_ITEM__FM,eligible_k,als_order,78,0.664293342332038,0.5965635771790203,0.7295477520123526,118,78,482,442,317,307,1804,1804,2361,2361,DESCRIPTIVE
1,CROWD_ITEM__FM,eligible_k,outside_scale,118,0.0,0.0,0.0,118,118,482,482,317,317,1804,1804,2361,2361,DESCRIPTIVE
1,CROWD_ITEM__FM,common_k30,mse,113,0.7821512243520722,0.6210678622789562,0.9607968684684782,113,113,450,450,309,309,1651,1651,2137,2137,DESCRIPTIVE
1,CROWD_ITEM__FM,common_k30,mae,113,0.6626273970510211,0.5843353197988087,0.7456976544362002,113,113,450,450,309,309,1651,1651,2137,2137,DESCRIPTIVE
1,CROWD_ITEM__FM,common_k30,pa,68,0.5811354354714374,0.49056118103536717,0.6696996456780385,113,68,450,396,309,289,1651,1651,2137,2124,DESCRIPTIVE
1,CROWD_ITEM__FM,common_k30,als_mae,113,0.8360996054272439,0.7368333789780027,0.9383000611214016,113,113,450,450,309,309,1651,1651,2137,2137,DESCRIPTIVE
1,CROWD_ITEM__FM,common_k30,als_order,74,0.6610119013770129,0.5919749275061141,0.7279501583342861,113,74,450,411,309,298,1651,1651,2137,2137,DESCRIPTIVE
1,CROWD_ITEM__FM,common_k30,outside_scale,113,0.0,0.0,0.0,113,113,450,450,309,309,1651,1651,2137,2137,DESCRIPTIVE
1,CROWD_ITEM__GBT,eligible_k,mse,118,0.808372766750206,0.6330490213358809,1.0159966056184568,118,118,482,482,317,317,1804,1804,2361,2361,DESCRIPTIVE
1,CROWD_ITEM__GBT,eligible_k,mae,118,0.6786624770102693,0.5989629714694142,0.7634096929282985,118,118,482,482,317,317,1804,1804,2361,2361,DESCRIPTIVE
1,CROWD_ITEM__GBT,eligible_k,pa,72,0.6958039329416391,0.6199063233538201,0.7678680096363497,118,72,482,427,317,299,1804,1804,2361,2348,DESCRIPTIVE
1,CROWD_ITEM__GBT,eligible_k,als_mae,118,0.8441071293809674,0.7408600711247307,0.9532916273186153,118,118,482,482,317,317,1804,1804,2361,2361,DESCRIPTIVE
1,CROWD_ITEM__GBT,eligible_k,als_order,78,0.7058315224717506,0.6321338534356904,0.7755393045777552,118,78,482,442,317,307,1804,1804,2361,2361,DESCRIPTIVE
1,CROWD_ITEM__GBT,eligible_k,outside_scale,118,0.0,0.0,0.0,118,118,482,482,317,317,1804,1804,2361,2361,DESCRIPTIVE
1,CROWD_ITEM__GBT,common_k30,mse,113,0.8130110569950434,0.6295911489503304,1.0291784438946834,113,113,450,450,309,309,1651,1651,2137,2137,DESCRIPTIVE
1,CROWD_ITEM__GBT,common_k30,mae,113,0.6777994516538932,0.5953411445613476,0.7659480719935824,113,113,450,450,309,309,1651,1651,2137,2137,DESCRIPTIVE
1,CROWD_ITEM__GBT,common_k30,pa,68,0.7107298412285888,0.6339471534290119,0.7831617277982346,113,68,450,396,309,289,1651,1651,2137,2124,DESCRIPTIVE
1,CROWD_ITEM__GBT,common_k30,als_mae,113,0.85429084289765,0.7448428248603177,0.9670633140829082,113,113,450,450,309,309,1651,1651,2137,2137,DESCRIPTIVE
1,CROWD_ITEM__GBT,common_k30,als_order,74,0.698102981858898,0.6223531354781355,0.7702750143985775,113,74,450,411,309,298,1651,1651,2137,2137,DESCRIPTIVE
1,CROWD_ITEM__GBT,common_k30,outside_scale,113,0.0,0.0,0.0,113,113,450,450,309,309,1651,1651,2137,2137,DESCRIPTIVE
1,CROWD_ITEM__RIDGE,eligible_k,mse,118,0.8140817276317026,0.6441193453982267,1.001120597895961,118,118,482,482,317,317,1804,1804,2361,2361,DESCRIPTIVE
1,CROWD_ITEM__RIDGE,eligible_k,mae,118,0.6937485126598859,0.6147430846605827,0.7766638831727446,118,118,482,482,317,317,1804,1804,2361,2361,DESCRIPTIVE
1,CROWD_ITEM__RIDGE,eligible_k,pa,72,0.6429519273513034,0.5614142030185195,0.7225024655845641,118,72,482,427,317,299,1804,1804,2361,2348,DESCRIPTIVE
1,CROWD_ITEM__RIDGE,eligible_k,als_mae,118,0.819228629352144,0.7211431669316334,0.9226840890333745,118,118,482,482,317,317,1804,1804,2361,2361,DESCRIPTIVE
1,CROWD_ITEM__RIDGE,eligible_k,als_order,78,0.6941976377410056,0.6226093938073077,0.760209420873331,118,78,482,442,317,307,1804,1804,2361,2361,DESCRIPTIVE
1,CROWD_ITEM__RIDGE,eligible_k,outside_scale,118,0.0,0.0,0.0,118,118,482,482,317,317,1804,1804,2361,2361,DESCRIPTIVE
1,CROWD_ITEM__RIDGE,common_k30,mse,113,0.8213615430766958,0.6454973664101339,1.0204942179141376,113,113,450,450,309,309,1651,1651,2137,2137,DESCRIPTIVE
1,CROWD_ITEM__RIDGE,common_k30,mae,113,0.695071432497401,0.6144619537097157,0.7824858163162585,113,113,450,450,309,309,1651,1651,2137,2137,DESCRIPTIVE
1,CROWD_ITEM__RIDGE,common_k30,pa,68,0.6457002666819589,0.560436298263307,0.726422366097394,113,68,450,396,309,289,1651,1651,2137,2124,DESCRIPTIVE
1,CROWD_ITEM__RIDGE,common_k30,als_mae,113,0.8288874632868626,0.7249740970455775,0.9361202690021982,113,113,450,450,309,309,1651,1651,2137,2137,DESCRIPTIVE
1,CROWD_ITEM__RIDGE,common_k30,als_order,74,0.6967797494335696,0.6260111942409947,0.7642798353477022,113,74,450,411,309,298,1651,1651,2137,2137,DESCRIPTIVE
1,CROWD_ITEM__RIDGE,common_k30,outside_scale,113,0.0,0.0,0.0,113,113,450,450,309,309,1651,1651,2137,2137,DESCRIPTIVE
1,CROWD_RESPONSE__FM,eligible_k,mse,118,0.7460167348573138,0.5974243130170939,0.9126371906010643,118,118,482,482,317,317,1804,1804,2361,2361,DESCRIPTIVE
1,CROWD_RESPONSE__FM,eligible_k,mae,118,0.6650569045223821,0.5933671397586398,0.7390533809690112,118,118,482,482,317,317,1804,1804,2361,2361,DESCRIPTIVE
1,CROWD_RESPONSE__FM,eligible_k,pa,72,0.6664492405646573,0.5853959158004489,0.7444039288943212,118,72,482,427,317,299,1804,1804,2361,2348,DESCRIPTIVE
1,CROWD_RESPONSE__FM,eligible_k,als_mae,118,0.8338046852814731,0.7324213893773085,0.9404243278603163,118,118,482,482,317,317,1804,1804,2361,2361,DESCRIPTIVE
1,CROWD_RESPONSE__FM,eligible_k,als_order,78,0.6940057258598027,0.6202513270960096,0.7635152608578106,118,78,482,442,317,307,1804,1804,2361,2361,DESCRIPTIVE
1,CROWD_RESPONSE__FM,eligible_k,outside_scale,118,0.0,0.0,0.0,118,118,482,482,317,317,1804,1804,2361,2361,DESCRIPTIVE
1,CROWD_RESPONSE__FM,common_k30,mse,113,0.755073830712686,0.6010205482993374,0.9304146659200044,113,113,450,450,309,309,1651,1651,2137,2137,DESCRIPTIVE
1,CROWD_RESPONSE__FM,common_k30,mae,113,0.6679449741179722,0.5940530523779419,0.7475743912736718,113,113,450,450,309,309,1651,1651,2137,2137,DESCRIPTIVE
1,CROWD_RESPONSE__FM,common_k30,pa,68,0.6601456011207482,0.5741126913566317,0.7408639365501373,113,68,450,396,309,289,1651,1651,2137,2124,DESCRIPTIVE
1,CROWD_RESPONSE__FM,common_k30,als_mae,113,0.8402331445322576,0.7340592190392868,0.9519866401462691,113,113,450,450,309,309,1651,1651,2137,2137,DESCRIPTIVE
1,CROWD_RESPONSE__FM,common_k30,als_order,74,0.7050073223670249,0.6309639131993764,0.7748316267062041,113,74,450,411,309,298,1651,1651,2137,2137,DESCRIPTIVE
1,CROWD_RESPONSE__FM,common_k30,outside_scale,113,0.0,0.0,0.0,113,113,450,450,309,309,1651,1651,2137,2137,DESCRIPTIVE
1,CROWD_RESPONSE__GBT,eligible_k,mse,118,0.7787106072461771,0.6111961811463564,0.9712194331240211,118,118,482,482,317,317,1804,1804,2361,2361,DESCRIPTIVE
1,CROWD_RESPONSE__GBT,eligible_k,mae,118,0.6677940140177442,0.5896947711615614,0.7486712652126042,118,118,482,482,317,317,1804,1804,2361,2361,DESCRIPTIVE
1,CROWD_RESPONSE__GBT,eligible_k,pa,72,0.7088737769385861,0.6319176435713195,0.7810577445823813,118,72,482,427,317,299,1804,1804,2361,2348,DESCRIPTIVE
1,CROWD_RESPONSE__GBT,eligible_k,als_mae,118,0.8470861076340566,0.7484595415718969,0.9495891550617092,118,118,482,482,317,317,1804,1804,2361,2361,DESCRIPTIVE
1,CROWD_RESPONSE__GBT,eligible_k,als_order,78,0.7021097903667555,0.6239161789387166,0.7746545354731759,118,78,482,442,317,307,1804,1804,2361,2361,DESCRIPTIVE
1,CROWD_RESPONSE__GBT,eligible_k,outside_scale,118,0.0,0.0,0.0,118,118,482,482,317,317,1804,1804,2361,2361,DESCRIPTIVE
1,CROWD_RESPONSE__GBT,common_k30,mse,113,0.785121694204666,0.6119520993945032,0.9863643705870209,113,113,450,450,309,309,1651,1651,2137,2137,DESCRIPTIVE
1,CROWD_RESPONSE__GBT,common_k30,mae,113,0.6680567361333922,0.5883507519102066,0.7528826324944682,113,113,450,450,309,309,1651,1651,2137,2137,DESCRIPTIVE
1,CROWD_RESPONSE__GBT,common_k30,pa,68,0.7002687796903423,0.6196139439985713,0.7762940169375925,113,68,450,396,309,289,1651,1651,2137,2124,DESCRIPTIVE
1,CROWD_RESPONSE__GBT,common_k30,als_mae,113,0.8544198823239232,0.7505690117564583,0.9610918080767373,113,113,450,450,309,309,1651,1651,2137,2137,DESCRIPTIVE
1,CROWD_RESPONSE__GBT,common_k30,als_order,74,0.7194696503351,0.6424270510625311,0.7923810627364549,113,74,450,411,309,298,1651,1651,2137,2137,DESCRIPTIVE
1,CROWD_RESPONSE__GBT,common_k30,outside_scale,113,0.0,0.0,0.0,113,113,450,450,309,309,1651,1651,2137,2137,DESCRIPTIVE
1,CROWD_RESPONSE__RIDGE,eligible_k,mse,118,0.8669141625861871,0.677756711153945,1.0880040677573908,118,118,482,482,317,317,1804,1804,2361,2361,DESCRIPTIVE
1,CROWD_RESPONSE__RIDGE,eligible_k,mae,118,0.7137355066342915,0.6305356362391241,0.801371724047109,118,118,482,482,317,317,1804,1804,2361,2361,DESCRIPTIVE
1,CROWD_RESPONSE__RIDGE,eligible_k,pa,72,0.6152222928013372,0.5307280771668075,0.6984862491338427,118,72,482,427,317,299,1804,1804,2361,2348,DESCRIPTIVE
1,CROWD_RESPONSE__RIDGE,eligible_k,als_mae,118,0.8611271345778821,0.7549718788338079,0.974153322224802,118,118,482,482,317,317,1804,1804,2361,2361,DESCRIPTIVE
1,CROWD_RESPONSE__RIDGE,eligible_k,als_order,78,0.67177148157627,0.5981053689918286,0.7402339230927933,118,78,482,442,317,307,1804,1804,2361,2361,DESCRIPTIVE
1,CROWD_RESPONSE__RIDGE,eligible_k,outside_scale,118,0.0,0.0,0.0,118,118,482,482,317,317,1804,1804,2361,2361,DESCRIPTIVE
1,CROWD_RESPONSE__RIDGE,common_k30,mse,113,0.8739073000161046,0.677971968257053,1.1052241564999619,113,113,450,450,309,309,1651,1651,2137,2137,DESCRIPTIVE
1,CROWD_RESPONSE__RIDGE,common_k30,mae,113,0.7158756143856615,0.6309487559181979,0.8079665669191778,113,113,450,450,309,309,1651,1651,2137,2137,DESCRIPTIVE
1,CROWD_RESPONSE__RIDGE,common_k30,pa,68,0.6159193090912385,0.528212580938742,0.7002309305711054,113,68,450,396,309,289,1651,1651,2137,2124,DESCRIPTIVE
1,CROWD_RESPONSE__RIDGE,common_k30,als_mae,113,0.8717330888236647,0.7604163816642754,0.9872464775171179,113,113,450,450,309,309,1651,1651,2137,2137,DESCRIPTIVE
1,CROWD_RESPONSE__RIDGE,common_k30,als_order,74,0.6730126684825806,0.5983930115987248,0.7440579515334415,113,74,450,411,309,298,1651,1651,2137,2137,DESCRIPTIVE
1,CROWD_RESPONSE__RIDGE,common_k30,outside_scale,113,0.0,0.0,0.0,113,113,450,450,309,309,1651,1651,2137,2137,DESCRIPTIVE
1,SUPPORT__FM,eligible_k,mse,118,0.8038093248531315,0.6440405169890602,0.9787177244242283,118,118,482,482,317,317,1804,1804,2361,2361,DESCRIPTIVE
1,SUPPORT__FM,eligible_k,mae,118,0.6794894168654841,0.602898692958589,0.7583862303731165,118,118,482,482,317,317,1804,1804,2361,2361,DESCRIPTIVE
1,SUPPORT__FM,eligible_k,pa,72,0.590820904037957,0.5140544045770661,0.6659710652994898,118,72,482,427,317,299,1804,1804,2361,2348,DESCRIPTIVE
1,SUPPORT__FM,eligible_k,als_mae,118,0.8114352951732466,0.7159341390090838,0.9119963263638153,118,118,482,482,317,317,1804,1804,2361,2361,DESCRIPTIVE
1,SUPPORT__FM,eligible_k,als_order,78,0.58190100080844,0.5085138763728877,0.6540681303818535,118,78,482,442,317,307,1804,1804,2361,2361,DESCRIPTIVE
1,SUPPORT__FM,eligible_k,outside_scale,118,0.0,0.0,0.0,118,118,482,482,317,317,1804,1804,2361,2361,DESCRIPTIVE
1,SUPPORT__FM,common_k30,mse,113,0.8101257631152666,0.6451155663998682,0.9912791637607908,113,113,450,450,309,309,1651,1651,2137,2137,DESCRIPTIVE
1,SUPPORT__FM,common_k30,mae,113,0.679551522994176,0.6008087612794615,0.7623118347110315,113,113,450,450,309,309,1651,1651,2137,2137,DESCRIPTIVE
1,SUPPORT__FM,common_k30,pa,68,0.578959762071936,0.49931588115732267,0.6574023969802211,113,68,450,396,309,289,1651,1651,2137,2124,DESCRIPTIVE
1,SUPPORT__FM,common_k30,als_mae,113,0.8225369434788794,0.722549425795833,0.9248954610670854,113,113,450,450,309,309,1651,1651,2137,2137,DESCRIPTIVE
1,SUPPORT__FM,common_k30,als_order,74,0.5872933328984715,0.5120228569582018,0.6599746372139035,113,74,450,411,309,298,1651,1651,2137,2137,DESCRIPTIVE
1,SUPPORT__FM,common_k30,outside_scale,113,0.0,0.0,0.0,113,113,450,450,309,309,1651,1651,2137,2137,DESCRIPTIVE
1,SUPPORT__GBT,eligible_k,mse,118,0.8604645822350112,0.6719074822808839,1.0751584210730754,118,118,482,482,317,317,1804,1804,2361,2361,DESCRIPTIVE
1,SUPPORT__GBT,eligible_k,mae,118,0.6977224759040596,0.6128775675351591,0.7860909740789497,118,118,482,482,317,317,1804,1804,2361,2361,DESCRIPTIVE
1,SUPPORT__GBT,eligible_k,pa,72,0.6367583426478083,0.5599338260573226,0.7120594488993389,118,72,482,427,317,299,1804,1804,2361,2348,DESCRIPTIVE
1,SUPPORT__GBT,eligible_k,als_mae,118,0.8321911978917511,0.7298462915944828,0.9414949463391552,118,118,482,482,317,317,1804,1804,2361,2361,DESCRIPTIVE
1,SUPPORT__GBT,eligible_k,als_order,78,0.6198150835479419,0.5438351521307346,0.694381496207119,118,78,482,442,317,307,1804,1804,2361,2361,DESCRIPTIVE
1,SUPPORT__GBT,eligible_k,outside_scale,118,0.0,0.0,0.0,118,118,482,482,317,317,1804,1804,2361,2361,DESCRIPTIVE
1,SUPPORT__GBT,common_k30,mse,113,0.8610563721029182,0.666634857576433,1.0850444742377985,113,113,450,450,309,309,1651,1651,2137,2137,DESCRIPTIVE
1,SUPPORT__GBT,common_k30,mae,113,0.6943327457007009,0.6073018170849461,0.7866563473806186,113,113,450,450,309,309,1651,1651,2137,2137,DESCRIPTIVE
1,SUPPORT__GBT,common_k30,pa,68,0.6427838100491268,0.5618423689486057,0.7192928855837574,113,68,450,396,309,289,1651,1651,2137,2124,DESCRIPTIVE
1,SUPPORT__GBT,common_k30,als_mae,113,0.848762882763825,0.7412946534938677,0.9594616615495221,113,113,450,450,309,309,1651,1651,2137,2137,DESCRIPTIVE
1,SUPPORT__GBT,common_k30,als_order,74,0.6129067611657198,0.5349875151024577,0.6897201162642339,113,74,450,411,309,298,1651,1651,2137,2137,DESCRIPTIVE
1,SUPPORT__GBT,common_k30,outside_scale,113,0.0,0.0,0.0,113,113,450,450,309,309,1651,1651,2137,2137,DESCRIPTIVE
1,SUPPORT__RIDGE,eligible_k,mse,118,0.8535090622303095,0.6779106424151982,1.046380956326249,118,118,482,482,317,317,1804,1804,2361,2361,DESCRIPTIVE
1,SUPPORT__RIDGE,eligible_k,mae,118,0.7062071107740776,0.6243720282362,0.7906221397399062,118,118,482,482,317,317,1804,1804,2361,2361,DESCRIPTIVE
1,SUPPORT__RIDGE,eligible_k,pa,72,0.6091092285085807,0.5297605191875967,0.6864430936010538,118,72,482,427,317,299,1804,1804,2361,2348,DESCRIPTIVE
1,SUPPORT__RIDGE,eligible_k,als_mae,118,0.8160952576957202,0.7166636039757273,0.9214597814872014,118,118,482,482,317,317,1804,1804,2361,2361,DESCRIPTIVE
1,SUPPORT__RIDGE,eligible_k,als_order,78,0.6376720975358308,0.5669111020146671,0.7058668119478112,118,78,482,442,317,307,1804,1804,2361,2361,DESCRIPTIVE
1,SUPPORT__RIDGE,eligible_k,outside_scale,118,0.0,0.0,0.0,118,118,482,482,317,317,1804,1804,2361,2361,DESCRIPTIVE
1,SUPPORT__RIDGE,common_k30,mse,113,0.8600258276049675,0.6780316561585563,1.0626624175652994,113,113,450,450,309,309,1651,1651,2137,2137,DESCRIPTIVE
1,SUPPORT__RIDGE,common_k30,mae,113,0.7055472483226689,0.6212549187649149,0.7948658549696008,113,113,450,450,309,309,1651,1651,2137,2137,DESCRIPTIVE
1,SUPPORT__RIDGE,common_k30,pa,68,0.5934219095506356,0.510347536040122,0.6734991326739992,113,68,450,396,309,289,1651,1651,2137,2124,DESCRIPTIVE
1,SUPPORT__RIDGE,common_k30,als_mae,113,0.8304304221001474,0.7253243443627261,0.9384603755273943,113,113,450,450,309,309,1651,1651,2137,2137,DESCRIPTIVE
1,SUPPORT__RIDGE,common_k30,als_order,74,0.650519237943173,0.5804384751976029,0.717735321335727,113,74,450,411,309,298,1651,1651,2137,2137,DESCRIPTIVE
1,SUPPORT__RIDGE,common_k30,outside_scale,113,0.0,0.0,0.0,113,113,450,450,309,309,1651,1651,2137,2137,DESCRIPTIVE
5,ALS,eligible_k,mse,117,0.8499520045580267,0.6709904562566944,1.056418550594598,117,117,461,461,312,312,1664,1664,2151,2151,DESCRIPTIVE
5,ALS,eligible_k,mae,117,0.7069238845102213,0.6249081440358104,0.7969935730940039,117,117,461,461,312,312,1664,1664,2151,2151,DESCRIPTIVE
5,ALS,eligible_k,pa,71,0.6399591671559586,0.5513641426236449,0.7238210246770365,117,71,461,406,312,292,1664,1664,2151,2138,DESCRIPTIVE
5,ALS,eligible_k,als_mae,117,0.0,0.0,0.0,117,117,461,461,312,312,1664,1664,2151,2151,DESCRIPTIVE
5,ALS,eligible_k,als_order,77,1.0,1.0,1.0,117,77,461,421,312,301,1664,1664,2151,2151,DESCRIPTIVE
5,ALS,eligible_k,outside_scale,117,0.014245014245014244,0.0,0.037037037037037035,117,117,461,461,312,312,1664,1664,2151,2151,DESCRIPTIVE
5,ALS,common_k30,mse,113,0.8305483304085898,0.6472374633620781,1.0344340851447824,113,113,450,450,309,309,1651,1651,2137,2137,DESCRIPTIVE
5,ALS,common_k30,mae,113,0.6965821342149632,0.6125924266495516,0.7842407531071772,113,113,450,450,309,309,1651,1651,2137,2137,DESCRIPTIVE
5,ALS,common_k30,pa,68,0.6583887382559763,0.5703583455149885,0.7422434878382251,113,68,450,396,309,289,1651,1651,2137,2124,DESCRIPTIVE
5,ALS,common_k30,als_mae,113,0.0,0.0,0.0,113,113,450,450,309,309,1651,1651,2137,2137,DESCRIPTIVE
5,ALS,common_k30,als_order,74,1.0,1.0,1.0,113,74,450,411,309,298,1651,1651,2137,2137,DESCRIPTIVE
5,ALS,common_k30,outside_scale,113,0.014749262536873154,0.0,0.038348082595870206,113,113,450,450,309,309,1651,1651,2137,2137,DESCRIPTIVE
5,BASE__FM,eligible_k,mse,117,0.7804409233454952,0.622568541269346,0.9570949927604787,117,117,461,461,312,312,1664,1664,2151,2151,DESCRIPTIVE
5,BASE__FM,eligible_k,mae,117,0.6771613982644523,0.6011960732031015,0.7572945778909471,117,117,461,461,312,312,1664,1664,2151,2151,DESCRIPTIVE
5,BASE__FM,eligible_k,pa,71,0.5996989261035185,0.5157613773444906,0.6800256119311203,117,71,461,406,312,292,1664,1664,2151,2138,DESCRIPTIVE
5,BASE__FM,eligible_k,als_mae,117,0.4690727989027799,0.407176298611743,0.5368385829157418,117,117,461,461,312,312,1664,1664,2151,2151,DESCRIPTIVE
5,BASE__FM,eligible_k,als_order,77,0.5844509264150476,0.507998595050767,0.658704939709721,117,77,461,421,312,301,1664,1664,2151,2151,DESCRIPTIVE
5,BASE__FM,eligible_k,outside_scale,117,0.0,0.0,0.0,117,117,461,461,312,312,1664,1664,2151,2151,DESCRIPTIVE
5,BASE__FM,common_k30,mse,113,0.7852047304900746,0.6216403392158559,0.9618458428560765,113,113,450,450,309,309,1651,1651,2137,2137,DESCRIPTIVE
5,BASE__FM,common_k30,mae,113,0.6759943092290559,0.597268406883974,0.7579845866534813,113,113,450,450,309,309,1651,1651,2137,2137,DESCRIPTIVE
5,BASE__FM,common_k30,pa,68,0.5836725715361899,0.4992148593411332,0.6663569565051045,113,68,450,396,309,289,1651,1651,2137,2124,DESCRIPTIVE
5,BASE__FM,common_k30,als_mae,113,0.47199858142304135,0.40905927755621424,0.5391147151406084,113,113,450,450,309,309,1651,1651,2137,2137,DESCRIPTIVE
5,BASE__FM,common_k30,als_order,74,0.5973340720805225,0.519844005699736,0.6709276759581019,113,74,450,411,309,298,1651,1651,2137,2137,DESCRIPTIVE
5,BASE__FM,common_k30,outside_scale,113,0.0,0.0,0.0,113,113,450,450,309,309,1651,1651,2137,2137,DESCRIPTIVE
5,BASE__GBT,eligible_k,mse,117,0.7724038124223407,0.613267225462032,0.9524347498887481,117,117,461,461,312,312,1664,1664,2151,2151,DESCRIPTIVE
5,BASE__GBT,eligible_k,mae,117,0.671867218622497,0.5950250469071211,0.7534585541969515,117,117,461,461,312,312,1664,1664,2151,2151,DESCRIPTIVE
5,BASE__GBT,eligible_k,pa,71,0.6017947977937022,0.5193129810019725,0.682303214308073,117,71,461,406,312,292,1664,1664,2151,2138,DESCRIPTIVE
5,BASE__GBT,eligible_k,als_mae,117,0.4908514922702718,0.4252853534555027,0.5640457974297318,117,117,461,461,312,312,1664,1664,2151,2151,DESCRIPTIVE
5,BASE__GBT,eligible_k,als_order,77,0.65931272012645,0.5877348384750719,0.7295510514857673,117,77,461,421,312,301,1664,1664,2151,2151,DESCRIPTIVE
5,BASE__GBT,eligible_k,outside_scale,117,0.0,0.0,0.0,117,117,461,461,312,312,1664,1664,2151,2151,DESCRIPTIVE
5,BASE__GBT,common_k30,mse,113,0.7728435745528313,0.607411038154016,0.9563330722457558,113,113,450,450,309,309,1651,1651,2137,2137,DESCRIPTIVE
5,BASE__GBT,common_k30,mae,113,0.6685104706078511,0.5889188767541054,0.7517171165648167,113,113,450,450,309,309,1651,1651,2137,2137,DESCRIPTIVE
5,BASE__GBT,common_k30,pa,68,0.5907628689381954,0.5060111967246316,0.6733048629863663,113,68,450,396,309,289,1651,1651,2137,2124,DESCRIPTIVE
5,BASE__GBT,common_k30,als_mae,113,0.4925089962279041,0.4257957396054743,0.5663740453807844,113,113,450,450,309,309,1651,1651,2137,2137,DESCRIPTIVE
5,BASE__GBT,common_k30,als_order,74,0.6707262988703151,0.5981888469020821,0.7390715544810372,113,74,450,411,309,298,1651,1651,2137,2137,DESCRIPTIVE
5,BASE__GBT,common_k30,outside_scale,113,0.0,0.0,0.0,113,113,450,450,309,309,1651,1651,2137,2137,DESCRIPTIVE
5,BASE__RIDGE,eligible_k,mse,117,0.8299738086688253,0.6555422718172665,1.0267760481627177,117,117,461,461,312,312,1664,1664,2151,2151,DESCRIPTIVE
5,BASE__RIDGE,eligible_k,mae,117,0.6903824112475551,0.608877556268073,0.7763589579165415,117,117,461,461,312,312,1664,1664,2151,2151,DESCRIPTIVE
5,BASE__RIDGE,eligible_k,pa,71,0.5901015684182171,0.5051553721391349,0.6716194567851471,117,71,461,406,312,292,1664,1664,2151,2138,DESCRIPTIVE
5,BASE__RIDGE,eligible_k,als_mae,117,0.5102428161151169,0.43867619611225955,0.5861101430599948,117,117,461,461,312,312,1664,1664,2151,2151,DESCRIPTIVE
5,BASE__RIDGE,eligible_k,als_order,77,0.6324631699213508,0.5579220942529338,0.7034653628351106,117,77,461,421,312,301,1664,1664,2151,2151,DESCRIPTIVE
5,BASE__RIDGE,eligible_k,outside_scale,117,0.0,0.0,0.0,117,117,461,461,312,312,1664,1664,2151,2151,DESCRIPTIVE
5,BASE__RIDGE,common_k30,mse,113,0.8387171387481418,0.6573283348377754,1.0398098620087481,113,113,450,450,309,309,1651,1651,2137,2137,DESCRIPTIVE
5,BASE__RIDGE,common_k30,mae,113,0.690921795003576,0.6073539034090064,0.7798610915728725,113,113,450,450,309,309,1651,1651,2137,2137,DESCRIPTIVE
5,BASE__RIDGE,common_k30,pa,68,0.5752857879399358,0.4903368213982857,0.658222651721311,113,68,450,396,309,289,1651,1651,2137,2124,DESCRIPTIVE
5,BASE__RIDGE,common_k30,als_mae,113,0.5123946358873795,0.440909266537228,0.5890591812602782,113,113,450,450,309,309,1651,1651,2137,2137,DESCRIPTIVE
5,BASE__RIDGE,common_k30,als_order,74,0.6486441092424866,0.5740388062155304,0.719230520380368,113,74,450,411,309,298,1651,1651,2137,2137,DESCRIPTIVE
5,BASE__RIDGE,common_k30,outside_scale,113,0.0,0.0,0.0,113,113,450,450,309,309,1651,1651,2137,2137,DESCRIPTIVE
5,CROWD_ITEM__FM,eligible_k,mse,117,0.7571331629050969,0.5988970648434846,0.9329833985948963,117,117,461,461,312,312,1664,1664,2151,2151,DESCRIPTIVE
5,CROWD_ITEM__FM,eligible_k,mae,117,0.6651667815569877,0.5897927296916252,0.7449341561904874,117,117,461,461,312,312,1664,1664,2151,2151,DESCRIPTIVE
5,CROWD_ITEM__FM,eligible_k,pa,71,0.6149582759498757,0.5326282503473854,0.6961499008250417,117,71,461,406,312,292,1664,1664,2151,2138,DESCRIPTIVE
5,CROWD_ITEM__FM,eligible_k,als_mae,117,0.46781934674939174,0.40649190300792276,0.535377997793321,117,117,461,461,312,312,1664,1664,2151,2151,DESCRIPTIVE
5,CROWD_ITEM__FM,eligible_k,als_order,77,0.6420025483406321,0.5708538059715584,0.7087274108151127,117,77,461,421,312,301,1664,1664,2151,2151,DESCRIPTIVE
5,CROWD_ITEM__FM,eligible_k,outside_scale,117,0.0,0.0,0.0,117,117,461,461,312,312,1664,1664,2151,2151,DESCRIPTIVE
5,CROWD_ITEM__FM,common_k30,mse,113,0.7631762291150808,0.6004951728964059,0.9413792237011972,113,113,450,450,309,309,1651,1651,2137,2137,DESCRIPTIVE
5,CROWD_ITEM__FM,common_k30,mae,113,0.6642556215613062,0.5873931250076396,0.7457868856745367,113,113,450,450,309,309,1651,1651,2137,2137,DESCRIPTIVE
5,CROWD_ITEM__FM,common_k30,pa,68,0.6061410757058343,0.5199858556096116,0.689963845913906,113,68,450,396,309,289,1651,1651,2137,2124,DESCRIPTIVE
5,CROWD_ITEM__FM,common_k30,als_mae,113,0.46901718088815814,0.4067538422339647,0.5355227439824298,113,113,450,450,309,309,1651,1651,2137,2137,DESCRIPTIVE
5,CROWD_ITEM__FM,common_k30,als_order,74,0.6540657147148019,0.5826814583305455,0.7222933692571114,113,74,450,411,309,298,1651,1651,2137,2137,DESCRIPTIVE
5,CROWD_ITEM__FM,common_k30,outside_scale,113,0.0,0.0,0.0,113,113,450,450,309,309,1651,1651,2137,2137,DESCRIPTIVE
5,CROWD_ITEM__GBT,eligible_k,mse,117,0.7701126582354922,0.6018222872402234,0.9629077885502665,117,117,461,461,312,312,1664,1664,2151,2151,DESCRIPTIVE
5,CROWD_ITEM__GBT,eligible_k,mae,117,0.6640917709650835,0.5850665936279359,0.7487563119453627,117,117,461,461,312,312,1664,1664,2151,2151,DESCRIPTIVE
5,CROWD_ITEM__GBT,eligible_k,pa,71,0.6737685255752022,0.5967711012307603,0.7471787971922692,117,71,461,406,312,292,1664,1664,2151,2138,DESCRIPTIVE
5,CROWD_ITEM__GBT,eligible_k,als_mae,117,0.46418369760672046,0.40655850787952563,0.5282676673715068,117,117,461,461,312,312,1664,1664,2151,2151,DESCRIPTIVE
5,CROWD_ITEM__GBT,eligible_k,als_order,77,0.6635042502125386,0.5867681975754516,0.7364063949084759,117,77,461,421,312,301,1664,1664,2151,2151,DESCRIPTIVE
5,CROWD_ITEM__GBT,eligible_k,outside_scale,117,0.0,0.0,0.0,117,117,461,461,312,312,1664,1664,2151,2151,DESCRIPTIVE
5,CROWD_ITEM__GBT,common_k30,mse,113,0.7696450353934768,0.5972962517817676,0.9607665838254824,113,113,450,450,309,309,1651,1651,2137,2137,DESCRIPTIVE
5,CROWD_ITEM__GBT,common_k30,mae,113,0.6586189538347713,0.5756442520041753,0.7442437296197132,113,113,450,450,309,309,1651,1651,2137,2137,DESCRIPTIVE
5,CROWD_ITEM__GBT,common_k30,pa,68,0.6675458951675722,0.5861340546341531,0.7435242530647409,113,68,450,396,309,289,1651,1651,2137,2124,DESCRIPTIVE
5,CROWD_ITEM__GBT,common_k30,als_mae,113,0.4644455340292419,0.4050020775312558,0.5298618444025869,113,113,450,450,309,309,1651,1651,2137,2137,DESCRIPTIVE
5,CROWD_ITEM__GBT,common_k30,als_order,74,0.6777904585544883,0.6002142700317142,0.7515405705276393,113,74,450,411,309,298,1651,1651,2137,2137,DESCRIPTIVE
5,CROWD_ITEM__GBT,common_k30,outside_scale,113,0.0,0.0,0.0,113,113,450,450,309,309,1651,1651,2137,2137,DESCRIPTIVE
5,CROWD_ITEM__RIDGE,eligible_k,mse,117,0.8115201020678234,0.6332049465171076,1.0132905450859766,117,117,461,461,312,312,1664,1664,2151,2151,DESCRIPTIVE
5,CROWD_ITEM__RIDGE,eligible_k,mae,117,0.6836092221271542,0.6018705777101026,0.7705519817582349,117,117,461,461,312,312,1664,1664,2151,2151,DESCRIPTIVE
5,CROWD_ITEM__RIDGE,eligible_k,pa,71,0.644111927324357,0.5594707794113748,0.7260446590941785,117,71,461,406,312,292,1664,1664,2151,2138,DESCRIPTIVE
5,CROWD_ITEM__RIDGE,eligible_k,als_mae,117,0.511223706015379,0.44227489255848046,0.5864648158867913,117,117,461,461,312,312,1664,1664,2151,2151,DESCRIPTIVE
5,CROWD_ITEM__RIDGE,eligible_k,als_order,77,0.6796344288836583,0.6058728641181356,0.7481635368632548,117,77,461,421,312,301,1664,1664,2151,2151,DESCRIPTIVE
5,CROWD_ITEM__RIDGE,eligible_k,outside_scale,117,0.0,0.0,0.0,117,117,461,461,312,312,1664,1664,2151,2151,DESCRIPTIVE
5,CROWD_ITEM__RIDGE,common_k30,mse,113,0.8215455496989659,0.6394038043659029,1.0261174456598334,113,113,450,450,309,309,1651,1651,2137,2137,DESCRIPTIVE
5,CROWD_ITEM__RIDGE,common_k30,mae,113,0.6850096832903283,0.6020023717814286,0.7741106107424852,113,113,450,450,309,309,1651,1651,2137,2137,DESCRIPTIVE
5,CROWD_ITEM__RIDGE,common_k30,pa,68,0.6316789567978172,0.5436664334946388,0.7160306231306757,113,68,450,396,309,289,1651,1651,2137,2124,DESCRIPTIVE
5,CROWD_ITEM__RIDGE,common_k30,als_mae,113,0.5109752186252536,0.44274591047646605,0.5842948700153626,113,113,450,450,309,309,1651,1651,2137,2137,DESCRIPTIVE
5,CROWD_ITEM__RIDGE,common_k30,als_order,74,0.697727716541104,0.6252719229925111,0.7651766629707806,113,74,450,411,309,298,1651,1651,2137,2137,DESCRIPTIVE
5,CROWD_ITEM__RIDGE,common_k30,outside_scale,113,0.0,0.0,0.0,113,113,450,450,309,309,1651,1651,2137,2137,DESCRIPTIVE
5,CROWD_RESPONSE__FM,eligible_k,mse,117,0.7169275723513305,0.5673914200134011,0.8848486577873865,117,117,461,461,312,312,1664,1664,2151,2151,DESCRIPTIVE
5,CROWD_RESPONSE__FM,eligible_k,mae,117,0.6448293175140274,0.5702938578647084,0.7243273023165722,117,117,461,461,312,312,1664,1664,2151,2151,DESCRIPTIVE
5,CROWD_RESPONSE__FM,eligible_k,pa,71,0.6833771835477306,0.6002264710667401,0.7620647963232899,117,71,461,406,312,292,1664,1664,2151,2138,DESCRIPTIVE
5,CROWD_RESPONSE__FM,eligible_k,als_mae,117,0.4381978128572515,0.38007901204412026,0.5030660457381549,117,117,461,461,312,312,1664,1664,2151,2151,DESCRIPTIVE
5,CROWD_RESPONSE__FM,eligible_k,als_order,77,0.7027873057592157,0.6282064373690098,0.7724129602809695,117,77,461,421,312,301,1664,1664,2151,2151,DESCRIPTIVE
5,CROWD_RESPONSE__FM,eligible_k,outside_scale,117,0.0,0.0,0.0,117,117,461,461,312,312,1664,1664,2151,2151,DESCRIPTIVE
5,CROWD_RESPONSE__FM,common_k30,mse,113,0.7216788943880645,0.5676519283631,0.8912868489635071,113,113,450,450,309,309,1651,1651,2137,2137,DESCRIPTIVE
5,CROWD_RESPONSE__FM,common_k30,mae,113,0.6428533639525458,0.5661839875923409,0.7240528108730655,113,113,450,450,309,309,1651,1651,2137,2137,DESCRIPTIVE
5,CROWD_RESPONSE__FM,common_k30,pa,68,0.687382386089869,0.6031498279659446,0.7669923631598538,113,68,450,396,309,289,1651,1651,2137,2124,DESCRIPTIVE
5,CROWD_RESPONSE__FM,common_k30,als_mae,113,0.4369687417562755,0.37866611132115474,0.501072143802967,113,113,450,450,309,309,1651,1651,2137,2137,DESCRIPTIVE
5,CROWD_RESPONSE__FM,common_k30,als_order,74,0.7083057100467512,0.6342292921649751,0.7784242103182266,113,74,450,411,309,298,1651,1651,2137,2137,DESCRIPTIVE
5,CROWD_RESPONSE__FM,common_k30,outside_scale,113,0.0,0.0,0.0,113,113,450,450,309,309,1651,1651,2137,2137,DESCRIPTIVE
5,CROWD_RESPONSE__GBT,eligible_k,mse,117,0.7891205723661349,0.6188411805657015,0.9886965150838071,117,117,461,461,312,312,1664,1664,2151,2151,DESCRIPTIVE
5,CROWD_RESPONSE__GBT,eligible_k,mae,117,0.6767656688637688,0.5983619114305845,0.7616968806249225,117,117,461,461,312,312,1664,1664,2151,2151,DESCRIPTIVE
5,CROWD_RESPONSE__GBT,eligible_k,pa,71,0.6357231861196909,0.5530580887476146,0.7168674030000977,117,71,461,406,312,292,1664,1664,2151,2138,DESCRIPTIVE
5,CROWD_RESPONSE__GBT,eligible_k,als_mae,117,0.4592523798224992,0.39758098977326517,0.5279069449514573,117,117,461,461,312,312,1664,1664,2151,2151,DESCRIPTIVE
5,CROWD_RESPONSE__GBT,eligible_k,als_order,77,0.7246215555475937,0.6498020729329617,0.7951829265557718,117,77,461,421,312,301,1664,1664,2151,2151,DESCRIPTIVE
5,CROWD_RESPONSE__GBT,eligible_k,outside_scale,117,0.0,0.0,0.0,117,117,461,461,312,312,1664,1664,2151,2151,DESCRIPTIVE
5,CROWD_RESPONSE__GBT,common_k30,mse,113,0.7909514487376224,0.6148062533357407,0.9919316158824236,113,113,450,450,309,309,1651,1651,2137,2137,DESCRIPTIVE
5,CROWD_RESPONSE__GBT,common_k30,mae,113,0.6731798288472475,0.5916280454149541,0.7593834987380841,113,113,450,450,309,309,1651,1651,2137,2137,DESCRIPTIVE
5,CROWD_RESPONSE__GBT,common_k30,pa,68,0.6327240456380432,0.5470659810949311,0.7143029714330745,113,68,450,396,309,289,1651,1651,2137,2124,DESCRIPTIVE
5,CROWD_RESPONSE__GBT,common_k30,als_mae,113,0.46200435166234977,0.39953696640823805,0.532358873432612,113,113,450,450,309,309,1651,1651,2137,2137,DESCRIPTIVE
5,CROWD_RESPONSE__GBT,common_k30,als_order,74,0.7368809879797034,0.6635190015353978,0.8061600729674596,113,74,450,411,309,298,1651,1651,2137,2137,DESCRIPTIVE
5,CROWD_RESPONSE__GBT,common_k30,outside_scale,113,0.0,0.0,0.0,113,113,450,450,309,309,1651,1651,2137,2137,DESCRIPTIVE
5,CROWD_RESPONSE__RIDGE,eligible_k,mse,117,0.8632680698543745,0.6695323893164594,1.0885876479080177,117,117,461,461,312,312,1664,1664,2151,2151,DESCRIPTIVE
5,CROWD_RESPONSE__RIDGE,eligible_k,mae,117,0.7093034250687948,0.6245169562360842,0.7999997460075463,117,117,461,461,312,312,1664,1664,2151,2151,DESCRIPTIVE
5,CROWD_RESPONSE__RIDGE,eligible_k,pa,71,0.5812318958114941,0.4933426282037278,0.6680387476883866,117,71,461,406,312,292,1664,1664,2151,2138,DESCRIPTIVE
5,CROWD_RESPONSE__RIDGE,eligible_k,als_mae,117,0.5363497474897633,0.4610459965284172,0.6196172669109394,117,117,461,461,312,312,1664,1664,2151,2151,DESCRIPTIVE
5,CROWD_RESPONSE__RIDGE,eligible_k,als_order,77,0.6360379183285149,0.559431076227646,0.7076695394126111,117,77,461,421,312,301,1664,1664,2151,2151,DESCRIPTIVE
5,CROWD_RESPONSE__RIDGE,eligible_k,outside_scale,117,0.0,0.0,0.0,117,117,461,461,312,312,1664,1664,2151,2151,DESCRIPTIVE
5,CROWD_RESPONSE__RIDGE,common_k30,mse,113,0.8702721744644457,0.6722840839946986,1.1011604290962766,113,113,450,450,309,309,1651,1651,2137,2137,DESCRIPTIVE
5,CROWD_RESPONSE__RIDGE,common_k30,mae,113,0.7104382542571964,0.6246978296981994,0.8031801262358639,113,113,450,450,309,309,1651,1651,2137,2137,DESCRIPTIVE
5,CROWD_RESPONSE__RIDGE,common_k30,pa,68,0.582364675528668,0.49332309653089695,0.6690796221810102,113,68,450,396,309,289,1651,1651,2137,2124,DESCRIPTIVE
5,CROWD_RESPONSE__RIDGE,common_k30,als_mae,113,0.5343614971472621,0.46023143617087225,0.615250490483583,113,113,450,450,309,309,1651,1651,2137,2137,DESCRIPTIVE
5,CROWD_RESPONSE__RIDGE,common_k30,als_order,74,0.6374989150175085,0.5605378535373464,0.7111395340502845,113,74,450,411,309,298,1651,1651,2137,2137,DESCRIPTIVE
5,CROWD_RESPONSE__RIDGE,common_k30,outside_scale,113,0.0,0.0,0.0,113,113,450,450,309,309,1651,1651,2137,2137,DESCRIPTIVE
5,SUPPORT__FM,eligible_k,mse,117,0.7825246075178671,0.6226792354005518,0.9610081936159575,117,117,461,461,312,312,1664,1664,2151,2151,DESCRIPTIVE
5,SUPPORT__FM,eligible_k,mae,117,0.677027601656185,0.6010697452861393,0.7569028761981446,117,117,461,461,312,312,1664,1664,2151,2151,DESCRIPTIVE
5,SUPPORT__FM,eligible_k,pa,71,0.6072940417631524,0.5263580035476121,0.6845467071509599,117,71,461,406,312,292,1664,1664,2151,2138,DESCRIPTIVE
5,SUPPORT__FM,eligible_k,als_mae,117,0.4771800408808527,0.41523917379194725,0.5450021018838128,117,117,461,461,312,312,1664,1664,2151,2151,DESCRIPTIVE
5,SUPPORT__FM,eligible_k,als_order,77,0.5884461061357525,0.5123092035892671,0.6613896750799757,117,77,461,421,312,301,1664,1664,2151,2151,DESCRIPTIVE
5,SUPPORT__FM,eligible_k,outside_scale,117,0.0,0.0,0.0,117,117,461,461,312,312,1664,1664,2151,2151,DESCRIPTIVE
5,SUPPORT__FM,common_k30,mse,113,0.7875231820710592,0.622910363486932,0.9666612957403926,113,113,450,450,309,309,1651,1651,2137,2137,DESCRIPTIVE
5,SUPPORT__FM,common_k30,mae,113,0.6756748158551875,0.5971362655204113,0.7580337338628358,113,113,450,450,309,309,1651,1651,2137,2137,DESCRIPTIVE
5,SUPPORT__FM,common_k30,pa,68,0.5916027658278666,0.509568361339443,0.6717625841515833,113,68,450,396,309,289,1651,1651,2137,2124,DESCRIPTIVE
5,SUPPORT__FM,common_k30,als_mae,113,0.47989882006482404,0.41671231911681833,0.5473990821947616,113,113,450,450,309,309,1651,1651,2137,2137,DESCRIPTIVE
5,SUPPORT__FM,common_k30,als_order,74,0.6014912185466615,0.525412598548163,0.6742895308915424,113,74,450,411,309,298,1651,1651,2137,2137,DESCRIPTIVE
5,SUPPORT__FM,common_k30,outside_scale,113,0.0,0.0,0.0,113,113,450,450,309,309,1651,1651,2137,2137,DESCRIPTIVE
5,SUPPORT__GBT,eligible_k,mse,117,0.8040313131801204,0.6328512046324165,0.9917141731103113,117,117,461,461,312,312,1664,1664,2151,2151,DESCRIPTIVE
5,SUPPORT__GBT,eligible_k,mae,117,0.6795439471696842,0.5985948703451068,0.7652542517981071,117,117,461,461,312,312,1664,1664,2151,2151,DESCRIPTIVE
5,SUPPORT__GBT,eligible_k,pa,71,0.6172970701032493,0.537385988988701,0.6954667481713676,117,71,461,406,312,292,1664,1664,2151,2138,DESCRIPTIVE
5,SUPPORT__GBT,eligible_k,als_mae,117,0.4782671617084569,0.4142954342611684,0.5487538954289962,117,117,461,461,312,312,1664,1664,2151,2151,DESCRIPTIVE
5,SUPPORT__GBT,eligible_k,als_order,77,0.5827972379411137,0.5057798385653618,0.6580415371747814,117,77,461,421,312,301,1664,1664,2151,2151,DESCRIPTIVE
5,SUPPORT__GBT,eligible_k,outside_scale,117,0.0,0.0,0.0,117,117,461,461,312,312,1664,1664,2151,2151,DESCRIPTIVE
5,SUPPORT__GBT,common_k30,mse,113,0.8000266586111506,0.6245088079882946,0.9907803499839499,113,113,450,450,309,309,1651,1651,2137,2137,DESCRIPTIVE
5,SUPPORT__GBT,common_k30,mae,113,0.6734717811524806,0.5898521836524104,0.760366006461709,113,113,450,450,309,309,1651,1651,2137,2137,DESCRIPTIVE
5,SUPPORT__GBT,common_k30,pa,68,0.603681091169896,0.5208684020360888,0.6836041079746215,113,68,450,396,309,289,1651,1651,2137,2124,DESCRIPTIVE
5,SUPPORT__GBT,common_k30,als_mae,113,0.48308976546896276,0.416632336813981,0.5546045594158624,113,113,450,450,309,309,1651,1651,2137,2137,DESCRIPTIVE
5,SUPPORT__GBT,common_k30,als_order,74,0.5942619908306184,0.5169040461932618,0.6692533811651457,113,74,450,411,309,298,1651,1651,2137,2137,DESCRIPTIVE
5,SUPPORT__GBT,common_k30,outside_scale,113,0.0,0.0,0.0,113,113,450,450,309,309,1651,1651,2137,2137,DESCRIPTIVE
5,SUPPORT__RIDGE,eligible_k,mse,117,0.8428521194906459,0.6621133303233832,1.0457758372891748,117,117,461,461,312,312,1664,1664,2151,2151,DESCRIPTIVE
5,SUPPORT__RIDGE,eligible_k,mae,117,0.6940278570641168,0.6113297067028398,0.7810824962781738,117,117,461,461,312,312,1664,1664,2151,2151,DESCRIPTIVE
5,SUPPORT__RIDGE,eligible_k,pa,71,0.5965706057768622,0.5116577651103201,0.6768194766992112,117,71,461,406,312,292,1664,1664,2151,2138,DESCRIPTIVE
5,SUPPORT__RIDGE,eligible_k,als_mae,117,0.5257289117105668,0.4527068932925654,0.60343065562068,117,117,461,461,312,312,1664,1664,2151,2151,DESCRIPTIVE
5,SUPPORT__RIDGE,eligible_k,als_order,77,0.6269415059682264,0.5521747707517972,0.6982010731965949,117,77,461,421,312,301,1664,1664,2151,2151,DESCRIPTIVE
5,SUPPORT__RIDGE,eligible_k,outside_scale,117,0.0,0.0,0.0,117,117,461,461,312,312,1664,1664,2151,2151,DESCRIPTIVE
5,SUPPORT__RIDGE,common_k30,mse,113,0.8520454138679455,0.6662378323224837,1.0592935826256138,113,113,450,450,309,309,1651,1651,2137,2137,DESCRIPTIVE
5,SUPPORT__RIDGE,common_k30,mae,113,0.6945673032663376,0.6096690338834541,0.7848946868271721,113,113,450,450,309,309,1651,1651,2137,2137,DESCRIPTIVE
5,SUPPORT__RIDGE,common_k30,pa,68,0.58204022400558,0.49566625303187367,0.6653843115797264,113,68,450,396,309,289,1651,1651,2137,2124,DESCRIPTIVE
5,SUPPORT__RIDGE,common_k30,als_mae,113,0.5278397692669535,0.4546031273056131,0.6063830285506785,113,113,450,450,309,309,1651,1651,2137,2137,DESCRIPTIVE
5,SUPPORT__RIDGE,common_k30,als_order,74,0.6428985940480194,0.5696325046612403,0.7140844196591323,113,74,450,411,309,298,1651,1651,2137,2137,DESCRIPTIVE
5,SUPPORT__RIDGE,common_k30,outside_scale,113,0.0,0.0,0.0,113,113,450,450,309,309,1651,1651,2137,2137,DESCRIPTIVE
10,ALS,eligible_k,mse,117,0.7210662435071826,0.568964386168477,0.890590834932432,117,117,461,461,312,312,1664,1664,2151,2151,DESCRIPTIVE
10,ALS,eligible_k,mae,117,0.654226853651515,0.5786077448248506,0.7351986791557032,117,117,461,461,312,312,1664,1664,2151,2151,DESCRIPTIVE
10,ALS,eligible_k,pa,71,0.6939317713122243,0.610944394128723,0.7724666098619916,117,71,461,406,312,292,1664,1664,2151,2138,DESCRIPTIVE
10,ALS,eligible_k,als_mae,117,0.0,0.0,0.0,117,117,461,461,312,312,1664,1664,2151,2151,DESCRIPTIVE
10,ALS,eligible_k,als_order,77,1.0,1.0,1.0,117,77,461,421,312,301,1664,1664,2151,2151,DESCRIPTIVE
10,ALS,eligible_k,outside_scale,117,0.011396011396011395,0.0,0.03133903133903134,117,117,461,461,312,312,1664,1664,2151,2151,DESCRIPTIVE
10,ALS,common_k30,mse,113,0.7087218438012596,0.550888088236953,0.8814952688296189,113,113,450,450,309,309,1651,1651,2137,2137,DESCRIPTIVE
10,ALS,common_k30,mae,113,0.6456221892248788,0.5668699129550866,0.7272661572206761,113,113,450,450,309,309,1651,1651,2137,2137,DESCRIPTIVE
10,ALS,common_k30,pa,68,0.70984052592894,0.6256979738068572,0.7892751662933436,113,68,450,396,309,289,1651,1651,2137,2124,DESCRIPTIVE
10,ALS,common_k30,als_mae,113,0.0,0.0,0.0,113,113,450,450,309,309,1651,1651,2137,2137,DESCRIPTIVE
10,ALS,common_k30,als_order,74,1.0,1.0,1.0,113,74,450,411,309,298,1651,1651,2137,2137,DESCRIPTIVE
10,ALS,common_k30,outside_scale,113,0.011799410029498525,0.0,0.032448377581120944,113,113,450,450,309,309,1651,1651,2137,2137,DESCRIPTIVE
10,BASE__FM,eligible_k,mse,117,0.7741647582034363,0.6093545079393512,0.9567649690614228,117,117,461,461,312,312,1664,1664,2151,2151,DESCRIPTIVE
10,BASE__FM,eligible_k,mae,117,0.6603488019278961,0.582319846804565,0.7438066185644662,117,117,461,461,312,312,1664,1664,2151,2151,DESCRIPTIVE
10,BASE__FM,eligible_k,pa,71,0.6155035719141146,0.5336855084079689,0.6947793639813636,117,71,461,406,312,292,1664,1664,2151,2138,DESCRIPTIVE
10,BASE__FM,eligible_k,als_mae,117,0.39982248186869435,0.34717309608694163,0.4588335348241259,117,117,461,461,312,312,1664,1664,2151,2151,DESCRIPTIVE
10,BASE__FM,eligible_k,als_order,77,0.6442162341598605,0.5719478356775188,0.7137078700103581,117,77,461,421,312,301,1664,1664,2151,2151,DESCRIPTIVE
10,BASE__FM,eligible_k,outside_scale,117,0.0,0.0,0.0,117,117,461,461,312,312,1664,1664,2151,2151,DESCRIPTIVE
10,BASE__FM,common_k30,mse,113,0.7779324946030578,0.6075275890089313,0.9634297091116157,113,113,450,450,309,309,1651,1651,2137,2137,DESCRIPTIVE
10,BASE__FM,common_k30,mae,113,0.6583145019852441,0.5775102759013956,0.7432171481663281,113,113,450,450,309,309,1651,1651,2137,2137,DESCRIPTIVE
10,BASE__FM,common_k30,pa,68,0.6018084680606524,0.5173060065562055,0.6835375478455038,113,68,450,396,309,289,1651,1651,2137,2124,DESCRIPTIVE
10,BASE__FM,common_k30,als_mae,113,0.4045887740622247,0.35157001252210374,0.46395791991097407,113,113,450,450,309,309,1651,1651,2137,2137,DESCRIPTIVE
10,BASE__FM,common_k30,als_order,74,0.653666441851026,0.5818058150398414,0.7223685040837677,113,74,450,411,309,298,1651,1651,2137,2137,DESCRIPTIVE
10,BASE__FM,common_k30,outside_scale,113,0.0,0.0,0.0,113,113,450,450,309,309,1651,1651,2137,2137,DESCRIPTIVE
10,BASE__GBT,eligible_k,mse,117,0.7762433043876983,0.6089531129783685,0.9669409184680438,117,117,461,461,312,312,1664,1664,2151,2151,DESCRIPTIVE
10,BASE__GBT,eligible_k,mae,117,0.6684801226522965,0.5906279439288458,0.751368572038783,117,117,461,461,312,312,1664,1664,2151,2151,DESCRIPTIVE
10,BASE__GBT,eligible_k,pa,71,0.5932689006773142,0.5102830450141498,0.6752013594766693,117,71,461,406,312,292,1664,1664,2151,2138,DESCRIPTIVE
10,BASE__GBT,eligible_k,als_mae,117,0.4084432933112238,0.3512000832148124,0.47324689895330974,117,117,461,461,312,312,1664,1664,2151,2151,DESCRIPTIVE
10,BASE__GBT,eligible_k,als_order,77,0.6881472481917675,0.6164662809684015,0.755954186634062,117,77,461,421,312,301,1664,1664,2151,2151,DESCRIPTIVE
10,BASE__GBT,eligible_k,outside_scale,117,0.0,0.0,0.0,117,117,461,461,312,312,1664,1664,2151,2151,DESCRIPTIVE
10,BASE__GBT,common_k30,mse,113,0.7777224018744198,0.6046687888366189,0.9702071297220092,113,113,450,450,309,309,1651,1651,2137,2137,DESCRIPTIVE
10,BASE__GBT,common_k30,mae,113,0.6657476214839977,0.5853358433837945,0.75026098518142,113,113,450,450,309,309,1651,1651,2137,2137,DESCRIPTIVE
10,BASE__GBT,common_k30,pa,68,0.5834948162300715,0.4977281232065377,0.6684131935570922,113,68,450,396,309,289,1651,1651,2137,2124,DESCRIPTIVE
10,BASE__GBT,common_k30,als_mae,113,0.41274398919708266,0.3546282706353315,0.47833759047362334,113,113,450,450,309,309,1651,1651,2137,2137,DESCRIPTIVE
10,BASE__GBT,common_k30,als_order,74,0.7052342987941366,0.636014475066199,0.7704341311935127,113,74,450,411,309,298,1651,1651,2137,2137,DESCRIPTIVE
10,BASE__GBT,common_k30,outside_scale,113,0.0,0.0,0.0,113,113,450,450,309,309,1651,1651,2137,2137,DESCRIPTIVE
10,BASE__RIDGE,eligible_k,mse,117,0.8296294173729272,0.6509370052465357,1.0284213182687012,117,117,461,461,312,312,1664,1664,2151,2151,DESCRIPTIVE
10,BASE__RIDGE,eligible_k,mae,117,0.6867370936204328,0.6046238465451422,0.7730127664959412,117,117,461,461,312,312,1664,1664,2151,2151,DESCRIPTIVE
10,BASE__RIDGE,eligible_k,pa,71,0.5911947228632025,0.5086986398242,0.6708305866118048,117,71,461,406,312,292,1664,1664,2151,2138,DESCRIPTIVE
10,BASE__RIDGE,eligible_k,als_mae,117,0.45099389422826763,0.3892389987751928,0.5195643406689635,117,117,461,461,312,312,1664,1664,2151,2151,DESCRIPTIVE
10,BASE__RIDGE,eligible_k,als_order,77,0.656721010049865,0.5874766220825335,0.7231743308247264,117,77,461,421,312,301,1664,1664,2151,2151,DESCRIPTIVE
10,BASE__RIDGE,eligible_k,outside_scale,117,0.0,0.0,0.0,117,117,461,461,312,312,1664,1664,2151,2151,DESCRIPTIVE
10,BASE__RIDGE,common_k30,mse,113,0.8376128592658232,0.6531530806760498,1.040519296653941,113,113,450,450,309,309,1651,1651,2137,2137,DESCRIPTIVE
10,BASE__RIDGE,common_k30,mae,113,0.6867680842334192,0.6020079491046147,0.7758289376159663,113,113,450,450,309,309,1651,1651,2137,2137,DESCRIPTIVE
10,BASE__RIDGE,common_k30,pa,68,0.5764271697869059,0.4932331196613014,0.6574424879917702,113,68,450,396,309,289,1651,1651,2137,2124,DESCRIPTIVE
10,BASE__RIDGE,common_k30,als_mae,113,0.45562719586273215,0.3931369883182886,0.5254057732798246,113,113,450,450,309,309,1651,1651,2137,2137,DESCRIPTIVE
10,BASE__RIDGE,common_k30,als_order,74,0.6666781681149498,0.5981141260667122,0.7320614568459394,113,74,450,411,309,298,1651,1651,2137,2137,DESCRIPTIVE
10,BASE__RIDGE,common_k30,outside_scale,113,0.0,0.0,0.0,113,113,450,450,309,309,1651,1651,2137,2137,DESCRIPTIVE
10,CROWD_ITEM__FM,eligible_k,mse,117,0.7517938854836846,0.5905204010782279,0.92862612462418,117,117,461,461,312,312,1664,1664,2151,2151,DESCRIPTIVE
10,CROWD_ITEM__FM,eligible_k,mae,117,0.6512102319470376,0.5738477025869001,0.7323489844007934,117,117,461,461,312,312,1664,1664,2151,2151,DESCRIPTIVE
10,CROWD_ITEM__FM,eligible_k,pa,71,0.603678950951615,0.517069021525563,0.6881987259080347,117,71,461,406,312,292,1664,1664,2151,2138,DESCRIPTIVE
10,CROWD_ITEM__FM,eligible_k,als_mae,117,0.38764232518920233,0.3365032887894723,0.44500562442283603,117,117,461,461,312,312,1664,1664,2151,2151,DESCRIPTIVE
10,CROWD_ITEM__FM,eligible_k,als_order,77,0.6724967943819747,0.6031752416886502,0.7379000370542456,117,77,461,421,312,301,1664,1664,2151,2151,DESCRIPTIVE
10,CROWD_ITEM__FM,eligible_k,outside_scale,117,0.0,0.0,0.0,117,117,461,461,312,312,1664,1664,2151,2151,DESCRIPTIVE
10,CROWD_ITEM__FM,common_k30,mse,113,0.7579189760006321,0.5930442781602786,0.9384976222967087,113,113,450,450,309,309,1651,1651,2137,2137,DESCRIPTIVE
10,CROWD_ITEM__FM,common_k30,mae,113,0.6507478377332027,0.5717871584932455,0.7340351888096488,113,113,450,450,309,309,1651,1651,2137,2137,DESCRIPTIVE
10,CROWD_ITEM__FM,common_k30,pa,68,0.5894621726439246,0.49996356389968094,0.6771214658548751,113,68,450,396,309,289,1651,1651,2137,2124,DESCRIPTIVE
10,CROWD_ITEM__FM,common_k30,als_mae,113,0.39005523306966416,0.3391079268403413,0.44736207064166855,113,113,450,450,309,309,1651,1651,2137,2137,DESCRIPTIVE
10,CROWD_ITEM__FM,common_k30,als_order,74,0.6844448626226853,0.6160846093418777,0.7490288277522049,113,74,450,411,309,298,1651,1651,2137,2137,DESCRIPTIVE
10,CROWD_ITEM__FM,common_k30,outside_scale,113,0.0,0.0,0.0,113,113,450,450,309,309,1651,1651,2137,2137,DESCRIPTIVE
10,CROWD_ITEM__GBT,eligible_k,mse,117,0.7704071825049915,0.6023598498976858,0.9586317365942258,117,117,461,461,312,312,1664,1664,2151,2151,DESCRIPTIVE
10,CROWD_ITEM__GBT,eligible_k,mae,117,0.6498872795454619,0.5699960364901336,0.7351745947871124,117,117,461,461,312,312,1664,1664,2151,2151,DESCRIPTIVE
10,CROWD_ITEM__GBT,eligible_k,pa,71,0.6638312323101355,0.5835857788512553,0.7410334899284676,117,71,461,406,312,292,1664,1664,2151,2138,DESCRIPTIVE
10,CROWD_ITEM__GBT,eligible_k,als_mae,117,0.3741919752251557,0.3251758779233363,0.43005506839596414,117,117,461,461,312,312,1664,1664,2151,2151,DESCRIPTIVE
10,CROWD_ITEM__GBT,eligible_k,als_order,77,0.7158757766697494,0.6418503541464279,0.7825114257729309,117,77,461,421,312,301,1664,1664,2151,2151,DESCRIPTIVE
10,CROWD_ITEM__GBT,eligible_k,outside_scale,117,0.0,0.0,0.0,117,117,461,461,312,312,1664,1664,2151,2151,DESCRIPTIVE
10,CROWD_ITEM__GBT,common_k30,mse,113,0.7721361967287329,0.6001258055940496,0.963889502571535,113,113,450,450,309,309,1651,1651,2137,2137,DESCRIPTIVE
10,CROWD_ITEM__GBT,common_k30,mae,113,0.6466179767357699,0.5633319732627944,0.7331374271686026,113,113,450,450,309,309,1651,1651,2137,2137,DESCRIPTIVE
10,CROWD_ITEM__GBT,common_k30,pa,68,0.6571701919055174,0.573827242827388,0.737027513794999,113,68,450,396,309,289,1651,1651,2137,2124,DESCRIPTIVE
10,CROWD_ITEM__GBT,common_k30,als_mae,113,0.3768594129229246,0.3264496491966184,0.4336968319247458,113,113,450,450,309,309,1651,1651,2137,2137,DESCRIPTIVE
10,CROWD_ITEM__GBT,common_k30,als_order,74,0.7340869568050095,0.6632577269329298,0.7992805091676795,113,74,450,411,309,298,1651,1651,2137,2137,DESCRIPTIVE
10,CROWD_ITEM__GBT,common_k30,outside_scale,113,0.0,0.0,0.0,113,113,450,450,309,309,1651,1651,2137,2137,DESCRIPTIVE
10,CROWD_ITEM__RIDGE,eligible_k,mse,117,0.8082063388970143,0.6309580038719732,1.008862017058811,117,117,461,461,312,312,1664,1664,2151,2151,DESCRIPTIVE
10,CROWD_ITEM__RIDGE,eligible_k,mae,117,0.6796255310798179,0.5981564815135688,0.7673480672052753,117,117,461,461,312,312,1664,1664,2151,2151,DESCRIPTIVE
10,CROWD_ITEM__RIDGE,eligible_k,pa,71,0.6218911946149764,0.5348303588407197,0.7048205680306295,117,71,461,406,312,292,1664,1664,2151,2138,DESCRIPTIVE
10,CROWD_ITEM__RIDGE,eligible_k,als_mae,117,0.42508870127307125,0.3646755187562069,0.4932664417976322,117,117,461,461,312,312,1664,1664,2151,2151,DESCRIPTIVE
10,CROWD_ITEM__RIDGE,eligible_k,als_order,77,0.7393366490685668,0.6739286370407455,0.7992353913011847,117,77,461,421,312,301,1664,1664,2151,2151,DESCRIPTIVE
10,CROWD_ITEM__RIDGE,eligible_k,outside_scale,117,0.0,0.0,0.0,117,117,461,461,312,312,1664,1664,2151,2151,DESCRIPTIVE
10,CROWD_ITEM__RIDGE,common_k30,mse,113,0.8172191754404882,0.6352044361702919,1.0229106998751287,113,113,450,450,309,309,1651,1651,2137,2137,DESCRIPTIVE
10,CROWD_ITEM__RIDGE,common_k30,mae,113,0.6805481052065216,0.5973971127583444,0.7694852066522935,113,113,450,450,309,309,1651,1651,2137,2137,DESCRIPTIVE
10,CROWD_ITEM__RIDGE,common_k30,pa,68,0.6231837799983169,0.5356333748025742,0.7068950051012081,113,68,450,396,309,289,1651,1651,2137,2124,DESCRIPTIVE
10,CROWD_ITEM__RIDGE,common_k30,als_mae,113,0.42767363736254443,0.36774699815417833,0.49632966839206805,113,113,450,450,309,309,1651,1651,2137,2137,DESCRIPTIVE
10,CROWD_ITEM__RIDGE,common_k30,als_order,74,0.7404809276344098,0.6740456800366368,0.8023237644125912,113,74,450,411,309,298,1651,1651,2137,2137,DESCRIPTIVE
10,CROWD_ITEM__RIDGE,common_k30,outside_scale,113,0.0,0.0,0.0,113,113,450,450,309,309,1651,1651,2137,2137,DESCRIPTIVE
10,CROWD_RESPONSE__FM,eligible_k,mse,117,0.7116642712370793,0.5598036648182796,0.8787295333291653,117,117,461,461,312,312,1664,1664,2151,2151,DESCRIPTIVE
10,CROWD_RESPONSE__FM,eligible_k,mae,117,0.6363603620357247,0.5610989763213392,0.7155997585264877,117,117,461,461,312,312,1664,1664,2151,2151,DESCRIPTIVE
10,CROWD_RESPONSE__FM,eligible_k,pa,71,0.6653015958863093,0.5792561145912151,0.7467000704102351,117,71,461,406,312,292,1664,1664,2151,2138,DESCRIPTIVE
10,CROWD_RESPONSE__FM,eligible_k,als_mae,117,0.3502895373385794,0.303114370211604,0.4033379065623209,117,117,461,461,312,312,1664,1664,2151,2151,DESCRIPTIVE
10,CROWD_RESPONSE__FM,eligible_k,als_order,77,0.7624318319527437,0.6959863506149387,0.8225007436139802,117,77,461,421,312,301,1664,1664,2151,2151,DESCRIPTIVE
10,CROWD_RESPONSE__FM,eligible_k,outside_scale,117,0.0,0.0,0.0,117,117,461,461,312,312,1664,1664,2151,2151,DESCRIPTIVE
10,CROWD_RESPONSE__FM,common_k30,mse,113,0.7166513787504525,0.5620692905102737,0.8874989505213876,113,113,450,450,309,309,1651,1651,2137,2137,DESCRIPTIVE
10,CROWD_RESPONSE__FM,common_k30,mae,113,0.6346220361712285,0.5574713378891328,0.7154016565958801,113,113,450,450,309,309,1651,1651,2137,2137,DESCRIPTIVE
10,CROWD_RESPONSE__FM,common_k30,pa,68,0.6538034636786791,0.564891208643811,0.7381069499736791,113,68,450,396,309,289,1651,1651,2137,2124,DESCRIPTIVE
10,CROWD_RESPONSE__FM,common_k30,als_mae,113,0.35057740093630324,0.3035726697042703,0.4050759652762243,113,113,450,450,309,309,1651,1651,2137,2137,DESCRIPTIVE
10,CROWD_RESPONSE__FM,common_k30,als_order,74,0.7780259152301073,0.7143690391847931,0.8367149055608318,113,74,450,411,309,298,1651,1651,2137,2137,DESCRIPTIVE
10,CROWD_RESPONSE__FM,common_k30,outside_scale,113,0.0,0.0,0.0,113,113,450,450,309,309,1651,1651,2137,2137,DESCRIPTIVE
10,CROWD_RESPONSE__GBT,eligible_k,mse,117,0.734028463497611,0.5786223370095532,0.9083626832613496,117,117,461,461,312,312,1664,1664,2151,2151,DESCRIPTIVE
10,CROWD_RESPONSE__GBT,eligible_k,mae,117,0.6437732204481074,0.5658647016391372,0.7249169920825559,117,117,461,461,312,312,1664,1664,2151,2151,DESCRIPTIVE
10,CROWD_RESPONSE__GBT,eligible_k,pa,71,0.6992777967673514,0.620412607419286,0.7754308629498835,117,71,461,406,312,292,1664,1664,2151,2138,DESCRIPTIVE
10,CROWD_RESPONSE__GBT,eligible_k,als_mae,117,0.3615925416781429,0.31371320947688897,0.4160575041689881,117,117,461,461,312,312,1664,1664,2151,2151,DESCRIPTIVE
10,CROWD_RESPONSE__GBT,eligible_k,als_order,77,0.7657645285662636,0.7005886401350278,0.8257544699026745,117,77,461,421,312,301,1664,1664,2151,2151,DESCRIPTIVE
10,CROWD_RESPONSE__GBT,eligible_k,outside_scale,117,0.0,0.0,0.0,117,117,461,461,312,312,1664,1664,2151,2151,DESCRIPTIVE
10,CROWD_RESPONSE__GBT,common_k30,mse,113,0.7375097280567171,0.5771712013355165,0.9142251447021539,113,113,450,450,309,309,1651,1651,2137,2137,DESCRIPTIVE
10,CROWD_RESPONSE__GBT,common_k30,mae,113,0.6423463403367446,0.5624517473338521,0.7254739550527155,113,113,450,450,309,309,1651,1651,2137,2137,DESCRIPTIVE
10,CROWD_RESPONSE__GBT,common_k30,pa,68,0.6974485492391137,0.6147810062152219,0.7759297143269319,113,68,450,396,309,289,1651,1651,2137,2124,DESCRIPTIVE
10,CROWD_RESPONSE__GBT,common_k30,als_mae,113,0.36176676591063833,0.31184743243945,0.41742410789035034,113,113,450,450,309,309,1651,1651,2137,2137,DESCRIPTIVE
10,CROWD_RESPONSE__GBT,common_k30,als_order,74,0.7724847121567879,0.7080085010620845,0.8305319365879711,113,74,450,411,309,298,1651,1651,2137,2137,DESCRIPTIVE
10,CROWD_RESPONSE__GBT,common_k30,outside_scale,113,0.0,0.0,0.0,113,113,450,450,309,309,1651,1651,2137,2137,DESCRIPTIVE
10,CROWD_RESPONSE__RIDGE,eligible_k,mse,117,0.8546273760460529,0.6620110521656264,1.0789378779959187,117,117,461,461,312,312,1664,1664,2151,2151,DESCRIPTIVE
10,CROWD_RESPONSE__RIDGE,eligible_k,mae,117,0.7041591770577474,0.6203606074541542,0.7950790192731266,117,117,461,461,312,312,1664,1664,2151,2151,DESCRIPTIVE
10,CROWD_RESPONSE__RIDGE,eligible_k,pa,71,0.5747902345493102,0.49013944883200605,0.6587160248035664,117,71,461,406,312,292,1664,1664,2151,2138,DESCRIPTIVE
10,CROWD_RESPONSE__RIDGE,eligible_k,als_mae,117,0.45737834147229545,0.39437135068023493,0.5295166524117288,117,117,461,461,312,312,1664,1664,2151,2151,DESCRIPTIVE
10,CROWD_RESPONSE__RIDGE,eligible_k,als_order,77,0.6919646347471395,0.621466662245883,0.7582286718950774,117,77,461,421,312,301,1664,1664,2151,2151,DESCRIPTIVE
10,CROWD_RESPONSE__RIDGE,eligible_k,outside_scale,117,0.0,0.0,0.0,117,117,461,461,312,312,1664,1664,2151,2151,DESCRIPTIVE
10,CROWD_RESPONSE__RIDGE,common_k30,mse,113,0.8594304404689749,0.6622065698666052,1.0903127573434126,113,113,450,450,309,309,1651,1651,2137,2137,DESCRIPTIVE
10,CROWD_RESPONSE__RIDGE,common_k30,mae,113,0.7038457986569908,0.6189178377639345,0.7957750729345369,113,113,450,450,309,309,1651,1651,2137,2137,DESCRIPTIVE
10,CROWD_RESPONSE__RIDGE,common_k30,pa,68,0.5838087579689694,0.49721505492758983,0.6674191113346082,113,68,450,396,309,289,1651,1651,2137,2124,DESCRIPTIVE
10,CROWD_RESPONSE__RIDGE,common_k30,als_mae,113,0.45887318405574784,0.39604096910337977,0.5319240175980502,113,113,450,450,309,309,1651,1651,2137,2137,DESCRIPTIVE
10,CROWD_RESPONSE__RIDGE,common_k30,als_order,74,0.6821794172368885,0.6100894784228117,0.7511176970085016,113,74,450,411,309,298,1651,1651,2137,2137,DESCRIPTIVE
10,CROWD_RESPONSE__RIDGE,common_k30,outside_scale,113,0.0,0.0,0.0,113,113,450,450,309,309,1651,1651,2137,2137,DESCRIPTIVE
10,SUPPORT__FM,eligible_k,mse,117,0.7773950530152223,0.6106852079002656,0.9615572225706234,117,117,461,461,312,312,1664,1664,2151,2151,DESCRIPTIVE
10,SUPPORT__FM,eligible_k,mae,117,0.6614326170885334,0.5830626584375095,0.7448223556659572,117,117,461,461,312,312,1664,1664,2151,2151,DESCRIPTIVE
10,SUPPORT__FM,eligible_k,pa,71,0.5992474566232057,0.5169168448537872,0.6793974730561799,117,71,461,406,312,292,1664,1664,2151,2138,DESCRIPTIVE
10,SUPPORT__FM,eligible_k,als_mae,117,0.4046338221018674,0.35150732115133565,0.4644233657170456,117,117,461,461,312,312,1664,1664,2151,2151,DESCRIPTIVE
10,SUPPORT__FM,eligible_k,als_order,77,0.6173801106376644,0.5430155863048173,0.689352859721758,117,77,461,421,312,301,1664,1664,2151,2151,DESCRIPTIVE
10,SUPPORT__FM,eligible_k,outside_scale,117,0.0,0.0,0.0,117,117,461,461,312,312,1664,1664,2151,2151,DESCRIPTIVE
10,SUPPORT__FM,common_k30,mse,113,0.7822091375397842,0.6104056252672418,0.9696376902569717,113,113,450,450,309,309,1651,1651,2137,2137,DESCRIPTIVE
10,SUPPORT__FM,common_k30,mae,113,0.6600280302501174,0.579582223083577,0.7449506953595342,113,113,450,450,309,309,1651,1651,2137,2137,DESCRIPTIVE
10,SUPPORT__FM,common_k30,pa,68,0.5848351712127914,0.4999617977121138,0.6667467684606061,113,68,450,396,309,289,1651,1651,2137,2124,DESCRIPTIVE
10,SUPPORT__FM,common_k30,als_mae,113,0.4091374471500556,0.3556857452827029,0.46918469150886977,113,113,450,450,309,309,1651,1651,2137,2137,DESCRIPTIVE
10,SUPPORT__FM,common_k30,als_order,74,0.6270937187265788,0.5513586157602385,0.6989906872500684,113,74,450,411,309,298,1651,1651,2137,2137,DESCRIPTIVE
10,SUPPORT__FM,common_k30,outside_scale,113,0.0,0.0,0.0,113,113,450,450,309,309,1651,1651,2137,2137,DESCRIPTIVE
10,SUPPORT__GBT,eligible_k,mse,117,0.7938785684478251,0.6228313917652187,0.9832715764747876,117,117,461,461,312,312,1664,1664,2151,2151,DESCRIPTIVE
10,SUPPORT__GBT,eligible_k,mae,117,0.6655326531422523,0.5842059967072173,0.7521864968012318,117,117,461,461,312,312,1664,1664,2151,2151,DESCRIPTIVE
10,SUPPORT__GBT,eligible_k,pa,71,0.6141211017806514,0.5311842281456489,0.6972728260566391,117,71,461,406,312,292,1664,1664,2151,2138,DESCRIPTIVE
10,SUPPORT__GBT,eligible_k,als_mae,117,0.40611554744379463,0.35210495541505243,0.4680208070458065,117,117,461,461,312,312,1664,1664,2151,2151,DESCRIPTIVE
10,SUPPORT__GBT,eligible_k,als_order,77,0.622063463186809,0.5476686937636772,0.6926146336496762,117,77,461,421,312,301,1664,1664,2151,2151,DESCRIPTIVE
10,SUPPORT__GBT,eligible_k,outside_scale,117,0.0,0.0,0.0,117,117,461,461,312,312,1664,1664,2151,2151,DESCRIPTIVE
10,SUPPORT__GBT,common_k30,mse,113,0.7976108425244597,0.6222029945514759,0.9898225879644703,113,113,450,450,309,309,1651,1651,2137,2137,DESCRIPTIVE
10,SUPPORT__GBT,common_k30,mae,113,0.6641709891102912,0.5793541294782777,0.7517461189976549,113,113,450,450,309,309,1651,1651,2137,2137,DESCRIPTIVE
10,SUPPORT__GBT,common_k30,pa,68,0.6019989935258762,0.5162666512902765,0.6873749818981194,113,68,450,396,309,289,1651,1651,2137,2124,DESCRIPTIVE
10,SUPPORT__GBT,common_k30,als_mae,113,0.410524858101511,0.3552669457531689,0.4741362809041387,113,113,450,450,309,309,1651,1651,2137,2137,DESCRIPTIVE
10,SUPPORT__GBT,common_k30,als_order,74,0.6360209909736617,0.5610969749331818,0.7073729139419638,113,74,450,411,309,298,1651,1651,2137,2137,DESCRIPTIVE
10,SUPPORT__GBT,common_k30,outside_scale,113,0.0,0.0,0.0,113,113,450,450,309,309,1651,1651,2137,2137,DESCRIPTIVE
10,SUPPORT__RIDGE,eligible_k,mse,117,0.8430466870599213,0.6606297429858149,1.0467313490889207,117,117,461,461,312,312,1664,1664,2151,2151,DESCRIPTIVE
10,SUPPORT__RIDGE,eligible_k,mae,117,0.6914761619029887,0.608343153770962,0.7790422406410857,117,117,461,461,312,312,1664,1664,2151,2151,DESCRIPTIVE
10,SUPPORT__RIDGE,eligible_k,pa,71,0.5787834981721354,0.4961699735192188,0.6574869884300081,117,71,461,406,312,292,1664,1664,2151,2138,DESCRIPTIVE
10,SUPPORT__RIDGE,eligible_k,als_mae,117,0.4617565878477307,0.39923441236031515,0.5316898900224927,117,117,461,461,312,312,1664,1664,2151,2151,DESCRIPTIVE
10,SUPPORT__RIDGE,eligible_k,als_order,77,0.643928433665708,0.5732285747347696,0.7128649924406755,117,77,461,421,312,301,1664,1664,2151,2151,DESCRIPTIVE
10,SUPPORT__RIDGE,eligible_k,outside_scale,117,0.0,0.0,0.0,117,117,461,461,312,312,1664,1664,2151,2151,DESCRIPTIVE
10,SUPPORT__RIDGE,common_k30,mse,113,0.851423024569972,0.6637045922003073,1.0598537412805535,113,113,450,450,309,309,1651,1651,2137,2137,DESCRIPTIVE
10,SUPPORT__RIDGE,common_k30,mae,113,0.6916848907583238,0.6057847139982366,0.7821231865087814,113,113,450,450,309,309,1651,1651,2137,2137,DESCRIPTIVE
10,SUPPORT__RIDGE,common_k30,pa,68,0.5634683910653503,0.4795674963092359,0.6442149909770809,113,68,450,396,309,289,1651,1651,2137,2124,DESCRIPTIVE
10,SUPPORT__RIDGE,common_k30,als_mae,113,0.4664490218735764,0.4029517308690648,0.537794451894909,113,113,450,450,309,309,1651,1651,2137,2137,DESCRIPTIVE
10,SUPPORT__RIDGE,common_k30,als_order,74,0.6533669737692727,0.5827570971320972,0.721459277170484,113,74,450,411,309,298,1651,1651,2137,2137,DESCRIPTIVE
10,SUPPORT__RIDGE,common_k30,outside_scale,113,0.0,0.0,0.0,113,113,450,450,309,309,1651,1651,2137,2137,DESCRIPTIVE
30,ALS,eligible_k,mse,113,0.6313280788324099,0.488998194467618,0.7900383970028584,113,113,450,450,309,309,1651,1651,2137,2137,DESCRIPTIVE
30,ALS,eligible_k,mae,113,0.5903334117466155,0.5157926419580021,0.6698276762789331,113,113,450,450,309,309,1651,1651,2137,2137,DESCRIPTIVE
30,ALS,eligible_k,pa,68,0.6579191978502392,0.5673323616714862,0.7435870726327493,113,68,450,396,309,289,1651,1651,2137,2124,DESCRIPTIVE
30,ALS,eligible_k,als_mae,113,0.0,0.0,0.0,113,113,450,450,309,309,1651,1651,2137,2137,DESCRIPTIVE
30,ALS,eligible_k,als_order,74,1.0,1.0,1.0,113,74,450,411,309,298,1651,1651,2137,2137,DESCRIPTIVE
30,ALS,eligible_k,outside_scale,113,0.011799410029498525,0.0,0.032448377581120944,113,113,450,450,309,309,1651,1651,2137,2137,DESCRIPTIVE
30,ALS,common_k30,mse,113,0.6313280788324099,0.488998194467618,0.7900383970028584,113,113,450,450,309,309,1651,1651,2137,2137,DESCRIPTIVE
30,ALS,common_k30,mae,113,0.5903334117466155,0.5157926419580021,0.6698276762789331,113,113,450,450,309,309,1651,1651,2137,2137,DESCRIPTIVE
30,ALS,common_k30,pa,68,0.6579191978502392,0.5673323616714862,0.7435870726327493,113,68,450,396,309,289,1651,1651,2137,2124,DESCRIPTIVE
30,ALS,common_k30,als_mae,113,0.0,0.0,0.0,113,113,450,450,309,309,1651,1651,2137,2137,DESCRIPTIVE
30,ALS,common_k30,als_order,74,1.0,1.0,1.0,113,74,450,411,309,298,1651,1651,2137,2137,DESCRIPTIVE
30,ALS,common_k30,outside_scale,113,0.011799410029498525,0.0,0.032448377581120944,113,113,450,450,309,309,1651,1651,2137,2137,DESCRIPTIVE
30,BASE__FM,eligible_k,mse,113,0.7249704503577876,0.5631930702469435,0.9034828568776159,113,113,450,450,309,309,1651,1651,2137,2137,DESCRIPTIVE
30,BASE__FM,eligible_k,mae,113,0.6325162381003603,0.5535217389778273,0.716830035354303,113,113,450,450,309,309,1651,1651,2137,2137,DESCRIPTIVE
30,BASE__FM,eligible_k,pa,68,0.6101776639065493,0.5242892389059328,0.693251184042075,113,68,450,396,309,289,1651,1651,2137,2124,DESCRIPTIVE
30,BASE__FM,eligible_k,als_mae,113,0.3452100605541587,0.30020658384409193,0.3951745177028928,113,113,450,450,309,309,1651,1651,2137,2137,DESCRIPTIVE
30,BASE__FM,eligible_k,als_order,74,0.6500940597627548,0.5737591475302768,0.7227829862232328,113,74,450,411,309,298,1651,1651,2137,2137,DESCRIPTIVE
30,BASE__FM,eligible_k,outside_scale,113,0.0,0.0,0.0,113,113,450,450,309,309,1651,1651,2137,2137,DESCRIPTIVE
30,BASE__FM,common_k30,mse,113,0.7249704503577876,0.5631930702469435,0.9034828568776159,113,113,450,450,309,309,1651,1651,2137,2137,DESCRIPTIVE
30,BASE__FM,common_k30,mae,113,0.6325162381003603,0.5535217389778273,0.716830035354303,113,113,450,450,309,309,1651,1651,2137,2137,DESCRIPTIVE
30,BASE__FM,common_k30,pa,68,0.6101776639065493,0.5242892389059328,0.693251184042075,113,68,450,396,309,289,1651,1651,2137,2124,DESCRIPTIVE
30,BASE__FM,common_k30,als_mae,113,0.3452100605541587,0.30020658384409193,0.3951745177028928,113,113,450,450,309,309,1651,1651,2137,2137,DESCRIPTIVE
30,BASE__FM,common_k30,als_order,74,0.6500940597627548,0.5737591475302768,0.7227829862232328,113,74,450,411,309,298,1651,1651,2137,2137,DESCRIPTIVE
30,BASE__FM,common_k30,outside_scale,113,0.0,0.0,0.0,113,113,450,450,309,309,1651,1651,2137,2137,DESCRIPTIVE
30,BASE__GBT,eligible_k,mse,113,0.7074602213217185,0.5456389067728601,0.8856856021238394,113,113,450,450,309,309,1651,1651,2137,2137,DESCRIPTIVE
30,BASE__GBT,eligible_k,mae,113,0.6268076272682095,0.5451142452866137,0.7110210675554237,113,113,450,450,309,309,1651,1651,2137,2137,DESCRIPTIVE
30,BASE__GBT,eligible_k,pa,68,0.6222650073178714,0.5377455877685373,0.7048690002612458,113,68,450,396,309,289,1651,1651,2137,2124,DESCRIPTIVE
30,BASE__GBT,eligible_k,als_mae,113,0.35453769903899096,0.30343272841683444,0.41212156746831297,113,113,450,450,309,309,1651,1651,2137,2137,DESCRIPTIVE
30,BASE__GBT,eligible_k,als_order,74,0.7161948307992932,0.6489521919897173,0.7796285166480399,113,74,450,411,309,298,1651,1651,2137,2137,DESCRIPTIVE
30,BASE__GBT,eligible_k,outside_scale,113,0.0,0.0,0.0,113,113,450,450,309,309,1651,1651,2137,2137,DESCRIPTIVE
30,BASE__GBT,common_k30,mse,113,0.7074602213217185,0.5456389067728601,0.8856856021238394,113,113,450,450,309,309,1651,1651,2137,2137,DESCRIPTIVE
30,BASE__GBT,common_k30,mae,113,0.6268076272682095,0.5451142452866137,0.7110210675554237,113,113,450,450,309,309,1651,1651,2137,2137,DESCRIPTIVE
30,BASE__GBT,common_k30,pa,68,0.6222650073178714,0.5377455877685373,0.7048690002612458,113,68,450,396,309,289,1651,1651,2137,2124,DESCRIPTIVE
30,BASE__GBT,common_k30,als_mae,113,0.35453769903899096,0.30343272841683444,0.41212156746831297,113,113,450,450,309,309,1651,1651,2137,2137,DESCRIPTIVE
30,BASE__GBT,common_k30,als_order,74,0.7161948307992932,0.6489521919897173,0.7796285166480399,113,74,450,411,309,298,1651,1651,2137,2137,DESCRIPTIVE
30,BASE__GBT,common_k30,outside_scale,113,0.0,0.0,0.0,113,113,450,450,309,309,1651,1651,2137,2137,DESCRIPTIVE
30,BASE__RIDGE,eligible_k,mse,113,0.8161866931309175,0.6393729819008171,1.010116845056284,113,113,450,450,309,309,1651,1651,2137,2137,DESCRIPTIVE
30,BASE__RIDGE,eligible_k,mae,113,0.6798531471864809,0.594216063555406,0.7690503409252961,113,113,450,450,309,309,1651,1651,2137,2137,DESCRIPTIVE
30,BASE__RIDGE,eligible_k,pa,68,0.59113098683091,0.5034272582528148,0.6754919214771907,113,68,450,396,309,289,1651,1651,2137,2124,DESCRIPTIVE
30,BASE__RIDGE,eligible_k,als_mae,113,0.4084487792266808,0.3555418466710966,0.4684456508629399,113,113,450,450,309,309,1651,1651,2137,2137,DESCRIPTIVE
30,BASE__RIDGE,eligible_k,als_order,74,0.6881228703405851,0.6197917303858818,0.7526270309168381,113,74,450,411,309,298,1651,1651,2137,2137,DESCRIPTIVE
30,BASE__RIDGE,eligible_k,outside_scale,113,0.0,0.0,0.0,113,113,450,450,309,309,1651,1651,2137,2137,DESCRIPTIVE
30,BASE__RIDGE,common_k30,mse,113,0.8161866931309175,0.6393729819008171,1.010116845056284,113,113,450,450,309,309,1651,1651,2137,2137,DESCRIPTIVE
30,BASE__RIDGE,common_k30,mae,113,0.6798531471864809,0.594216063555406,0.7690503409252961,113,113,450,450,309,309,1651,1651,2137,2137,DESCRIPTIVE
30,BASE__RIDGE,common_k30,pa,68,0.59113098683091,0.5034272582528148,0.6754919214771907,113,68,450,396,309,289,1651,1651,2137,2124,DESCRIPTIVE
30,BASE__RIDGE,common_k30,als_mae,113,0.4084487792266808,0.3555418466710966,0.4684456508629399,113,113,450,450,309,309,1651,1651,2137,2137,DESCRIPTIVE
30,BASE__RIDGE,common_k30,als_order,74,0.6881228703405851,0.6197917303858818,0.7526270309168381,113,74,450,411,309,298,1651,1651,2137,2137,DESCRIPTIVE
30,BASE__RIDGE,common_k30,outside_scale,113,0.0,0.0,0.0,113,113,450,450,309,309,1651,1651,2137,2137,DESCRIPTIVE
30,CROWD_ITEM__FM,eligible_k,mse,113,0.7138296008152897,0.5540597791190897,0.8889147110126445,113,113,450,450,309,309,1651,1651,2137,2137,DESCRIPTIVE
30,CROWD_ITEM__FM,eligible_k,mae,113,0.6288894918880266,0.5504614196525969,0.712281311834098,113,113,450,450,309,309,1651,1651,2137,2137,DESCRIPTIVE
30,CROWD_ITEM__FM,eligible_k,pa,68,0.6234229693405637,0.5368844010312792,0.7068111916003402,113,68,450,396,309,289,1651,1651,2137,2124,DESCRIPTIVE
30,CROWD_ITEM__FM,eligible_k,als_mae,113,0.3299718491868993,0.2857145518095837,0.379064532604073,113,113,450,450,309,309,1651,1651,2137,2137,DESCRIPTIVE
30,CROWD_ITEM__FM,eligible_k,als_order,74,0.7038234934786659,0.6357486555977936,0.7677471626825074,113,74,450,411,309,298,1651,1651,2137,2137,DESCRIPTIVE
30,CROWD_ITEM__FM,eligible_k,outside_scale,113,0.0,0.0,0.0,113,113,450,450,309,309,1651,1651,2137,2137,DESCRIPTIVE
30,CROWD_ITEM__FM,common_k30,mse,113,0.7138296008152897,0.5540597791190897,0.8889147110126445,113,113,450,450,309,309,1651,1651,2137,2137,DESCRIPTIVE
30,CROWD_ITEM__FM,common_k30,mae,113,0.6288894918880266,0.5504614196525969,0.712281311834098,113,113,450,450,309,309,1651,1651,2137,2137,DESCRIPTIVE
30,CROWD_ITEM__FM,common_k30,pa,68,0.6234229693405637,0.5368844010312792,0.7068111916003402,113,68,450,396,309,289,1651,1651,2137,2124,DESCRIPTIVE
30,CROWD_ITEM__FM,common_k30,als_mae,113,0.3299718491868993,0.2857145518095837,0.379064532604073,113,113,450,450,309,309,1651,1651,2137,2137,DESCRIPTIVE
30,CROWD_ITEM__FM,common_k30,als_order,74,0.7038234934786659,0.6357486555977936,0.7677471626825074,113,74,450,411,309,298,1651,1651,2137,2137,DESCRIPTIVE
30,CROWD_ITEM__FM,common_k30,outside_scale,113,0.0,0.0,0.0,113,113,450,450,309,309,1651,1651,2137,2137,DESCRIPTIVE
30,CROWD_ITEM__GBT,eligible_k,mse,113,0.7197863231359239,0.5613223492734744,0.8942160889489685,113,113,450,450,309,309,1651,1651,2137,2137,DESCRIPTIVE
30,CROWD_ITEM__GBT,eligible_k,mae,113,0.6273003765305116,0.5468728076837083,0.7112586071966869,113,113,450,450,309,309,1651,1651,2137,2137,DESCRIPTIVE
30,CROWD_ITEM__GBT,eligible_k,pa,68,0.6742377088854241,0.5919479406937174,0.7531626636208374,113,68,450,396,309,289,1651,1651,2137,2124,DESCRIPTIVE
30,CROWD_ITEM__GBT,eligible_k,als_mae,113,0.3252047510394935,0.2817868249255914,0.37588440854470584,113,113,450,450,309,309,1651,1651,2137,2137,DESCRIPTIVE
30,CROWD_ITEM__GBT,eligible_k,als_order,74,0.7228388817807345,0.6497818839126309,0.7908358158510288,113,74,450,411,309,298,1651,1651,2137,2137,DESCRIPTIVE
30,CROWD_ITEM__GBT,eligible_k,outside_scale,113,0.0,0.0,0.0,113,113,450,450,309,309,1651,1651,2137,2137,DESCRIPTIVE
30,CROWD_ITEM__GBT,common_k30,mse,113,0.7197863231359239,0.5613223492734744,0.8942160889489685,113,113,450,450,309,309,1651,1651,2137,2137,DESCRIPTIVE
30,CROWD_ITEM__GBT,common_k30,mae,113,0.6273003765305116,0.5468728076837083,0.7112586071966869,113,113,450,450,309,309,1651,1651,2137,2137,DESCRIPTIVE
30,CROWD_ITEM__GBT,common_k30,pa,68,0.6742377088854241,0.5919479406937174,0.7531626636208374,113,68,450,396,309,289,1651,1651,2137,2124,DESCRIPTIVE
30,CROWD_ITEM__GBT,common_k30,als_mae,113,0.3252047510394935,0.2817868249255914,0.37588440854470584,113,113,450,450,309,309,1651,1651,2137,2137,DESCRIPTIVE
30,CROWD_ITEM__GBT,common_k30,als_order,74,0.7228388817807345,0.6497818839126309,0.7908358158510288,113,74,450,411,309,298,1651,1651,2137,2137,DESCRIPTIVE
30,CROWD_ITEM__GBT,common_k30,outside_scale,113,0.0,0.0,0.0,113,113,450,450,309,309,1651,1651,2137,2137,DESCRIPTIVE
30,CROWD_ITEM__RIDGE,eligible_k,mse,113,0.8066206325929515,0.6307334021964492,1.0042296844553282,113,113,450,450,309,309,1651,1651,2137,2137,DESCRIPTIVE
30,CROWD_ITEM__RIDGE,eligible_k,mae,113,0.6782579611367092,0.5942793559322167,0.7668308219972017,113,113,450,450,309,309,1651,1651,2137,2137,DESCRIPTIVE
30,CROWD_ITEM__RIDGE,eligible_k,pa,68,0.6294248774492165,0.543178122183042,0.7113854032454595,113,68,450,396,309,289,1651,1651,2137,2124,DESCRIPTIVE
30,CROWD_ITEM__RIDGE,eligible_k,als_mae,113,0.38835433526021,0.3371295349827285,0.4470762333391643,113,113,450,450,309,309,1651,1651,2137,2137,DESCRIPTIVE
30,CROWD_ITEM__RIDGE,eligible_k,als_order,74,0.7447169615526614,0.6806308339865642,0.8036785090994015,113,74,450,411,309,298,1651,1651,2137,2137,DESCRIPTIVE
30,CROWD_ITEM__RIDGE,eligible_k,outside_scale,113,0.0,0.0,0.0,113,113,450,450,309,309,1651,1651,2137,2137,DESCRIPTIVE
30,CROWD_ITEM__RIDGE,common_k30,mse,113,0.8066206325929515,0.6307334021964492,1.0042296844553282,113,113,450,450,309,309,1651,1651,2137,2137,DESCRIPTIVE
30,CROWD_ITEM__RIDGE,common_k30,mae,113,0.6782579611367092,0.5942793559322167,0.7668308219972017,113,113,450,450,309,309,1651,1651,2137,2137,DESCRIPTIVE
30,CROWD_ITEM__RIDGE,common_k30,pa,68,0.6294248774492165,0.543178122183042,0.7113854032454595,113,68,450,396,309,289,1651,1651,2137,2124,DESCRIPTIVE
30,CROWD_ITEM__RIDGE,common_k30,als_mae,113,0.38835433526021,0.3371295349827285,0.4470762333391643,113,113,450,450,309,309,1651,1651,2137,2137,DESCRIPTIVE
30,CROWD_ITEM__RIDGE,common_k30,als_order,74,0.7447169615526614,0.6806308339865642,0.8036785090994015,113,74,450,411,309,298,1651,1651,2137,2137,DESCRIPTIVE
30,CROWD_ITEM__RIDGE,common_k30,outside_scale,113,0.0,0.0,0.0,113,113,450,450,309,309,1651,1651,2137,2137,DESCRIPTIVE
30,CROWD_RESPONSE__FM,eligible_k,mse,113,0.6727550803542821,0.5246571895049976,0.837010097169284,113,113,450,450,309,309,1651,1651,2137,2137,DESCRIPTIVE
30,CROWD_RESPONSE__FM,eligible_k,mae,113,0.6069100884288722,0.5300578059401536,0.6869876646887276,113,113,450,450,309,309,1651,1651,2137,2137,DESCRIPTIVE
30,CROWD_RESPONSE__FM,eligible_k,pa,68,0.7076174440875153,0.6284963272699203,0.7823839040862008,113,68,450,396,309,289,1651,1651,2137,2124,DESCRIPTIVE
30,CROWD_RESPONSE__FM,eligible_k,als_mae,113,0.29235948015415364,0.2515669119737388,0.33851916287947115,113,113,450,450,309,309,1651,1651,2137,2137,DESCRIPTIVE
30,CROWD_RESPONSE__FM,eligible_k,als_order,74,0.7659603997501225,0.7051098260779632,0.8223385141353364,113,74,450,411,309,298,1651,1651,2137,2137,DESCRIPTIVE
30,CROWD_RESPONSE__FM,eligible_k,outside_scale,113,0.0,0.0,0.0,113,113,450,450,309,309,1651,1651,2137,2137,DESCRIPTIVE
30,CROWD_RESPONSE__FM,common_k30,mse,113,0.6727550803542821,0.5246571895049976,0.837010097169284,113,113,450,450,309,309,1651,1651,2137,2137,DESCRIPTIVE
30,CROWD_RESPONSE__FM,common_k30,mae,113,0.6069100884288722,0.5300578059401536,0.6869876646887276,113,113,450,450,309,309,1651,1651,2137,2137,DESCRIPTIVE
30,CROWD_RESPONSE__FM,common_k30,pa,68,0.7076174440875153,0.6284963272699203,0.7823839040862008,113,68,450,396,309,289,1651,1651,2137,2124,DESCRIPTIVE
30,CROWD_RESPONSE__FM,common_k30,als_mae,113,0.29235948015415364,0.2515669119737388,0.33851916287947115,113,113,450,450,309,309,1651,1651,2137,2137,DESCRIPTIVE
30,CROWD_RESPONSE__FM,common_k30,als_order,74,0.7659603997501225,0.7051098260779632,0.8223385141353364,113,74,450,411,309,298,1651,1651,2137,2137,DESCRIPTIVE
30,CROWD_RESPONSE__FM,common_k30,outside_scale,113,0.0,0.0,0.0,113,113,450,450,309,309,1651,1651,2137,2137,DESCRIPTIVE
30,CROWD_RESPONSE__GBT,eligible_k,mse,113,0.7100854327870979,0.5528714205385067,0.8853264011845167,113,113,450,450,309,309,1651,1651,2137,2137,DESCRIPTIVE
30,CROWD_RESPONSE__GBT,eligible_k,mae,113,0.6224319667923162,0.5414319919748919,0.7072955267991003,113,113,450,450,309,309,1651,1651,2137,2137,DESCRIPTIVE
30,CROWD_RESPONSE__GBT,eligible_k,pa,68,0.7063774436067726,0.629610261625127,0.7787209309123833,113,68,450,396,309,289,1651,1651,2137,2124,DESCRIPTIVE
30,CROWD_RESPONSE__GBT,eligible_k,als_mae,113,0.3328194599491575,0.2873419090676141,0.3847344205682867,113,113,450,450,309,309,1651,1651,2137,2137,DESCRIPTIVE
30,CROWD_RESPONSE__GBT,eligible_k,als_order,74,0.7977600045551365,0.7412788375592636,0.8495428694997661,113,74,450,411,309,298,1651,1651,2137,2137,DESCRIPTIVE
30,CROWD_RESPONSE__GBT,eligible_k,outside_scale,113,0.0,0.0,0.0,113,113,450,450,309,309,1651,1651,2137,2137,DESCRIPTIVE
30,CROWD_RESPONSE__GBT,common_k30,mse,113,0.7100854327870979,0.5528714205385067,0.8853264011845167,113,113,450,450,309,309,1651,1651,2137,2137,DESCRIPTIVE
30,CROWD_RESPONSE__GBT,common_k30,mae,113,0.6224319667923162,0.5414319919748919,0.7072955267991003,113,113,450,450,309,309,1651,1651,2137,2137,DESCRIPTIVE
30,CROWD_RESPONSE__GBT,common_k30,pa,68,0.7063774436067726,0.629610261625127,0.7787209309123833,113,68,450,396,309,289,1651,1651,2137,2124,DESCRIPTIVE
30,CROWD_RESPONSE__GBT,common_k30,als_mae,113,0.3328194599491575,0.2873419090676141,0.3847344205682867,113,113,450,450,309,309,1651,1651,2137,2137,DESCRIPTIVE
30,CROWD_RESPONSE__GBT,common_k30,als_order,74,0.7977600045551365,0.7412788375592636,0.8495428694997661,113,74,450,411,309,298,1651,1651,2137,2137,DESCRIPTIVE
30,CROWD_RESPONSE__GBT,common_k30,outside_scale,113,0.0,0.0,0.0,113,113,450,450,309,309,1651,1651,2137,2137,DESCRIPTIVE
30,CROWD_RESPONSE__RIDGE,eligible_k,mse,113,0.8574952594543604,0.6584196250769718,1.0907781100497256,113,113,450,450,309,309,1651,1651,2137,2137,DESCRIPTIVE
30,CROWD_RESPONSE__RIDGE,eligible_k,mae,113,0.6986007990610013,0.6134478898695254,0.7905829324448966,113,113,450,450,309,309,1651,1651,2137,2137,DESCRIPTIVE
30,CROWD_RESPONSE__RIDGE,eligible_k,pa,68,0.593094202984811,0.5076520983626673,0.6764692320928181,113,68,450,396,309,289,1651,1651,2137,2124,DESCRIPTIVE
30,CROWD_RESPONSE__RIDGE,eligible_k,als_mae,113,0.4351770890067489,0.37728592396905647,0.5014782741415337,113,113,450,450,309,309,1651,1651,2137,2137,DESCRIPTIVE
30,CROWD_RESPONSE__RIDGE,eligible_k,als_order,74,0.6861939683947798,0.6180544154060889,0.7516564721331455,113,74,450,411,309,298,1651,1651,2137,2137,DESCRIPTIVE
30,CROWD_RESPONSE__RIDGE,eligible_k,outside_scale,113,0.0,0.0,0.0,113,113,450,450,309,309,1651,1651,2137,2137,DESCRIPTIVE
30,CROWD_RESPONSE__RIDGE,common_k30,mse,113,0.8574952594543604,0.6584196250769718,1.0907781100497256,113,113,450,450,309,309,1651,1651,2137,2137,DESCRIPTIVE
30,CROWD_RESPONSE__RIDGE,common_k30,mae,113,0.6986007990610013,0.6134478898695254,0.7905829324448966,113,113,450,450,309,309,1651,1651,2137,2137,DESCRIPTIVE
30,CROWD_RESPONSE__RIDGE,common_k30,pa,68,0.593094202984811,0.5076520983626673,0.6764692320928181,113,68,450,396,309,289,1651,1651,2137,2124,DESCRIPTIVE
30,CROWD_RESPONSE__RIDGE,common_k30,als_mae,113,0.4351770890067489,0.37728592396905647,0.5014782741415337,113,113,450,450,309,309,1651,1651,2137,2137,DESCRIPTIVE
30,CROWD_RESPONSE__RIDGE,common_k30,als_order,74,0.6861939683947798,0.6180544154060889,0.7516564721331455,113,74,450,411,309,298,1651,1651,2137,2137,DESCRIPTIVE
30,CROWD_RESPONSE__RIDGE,common_k30,outside_scale,113,0.0,0.0,0.0,113,113,450,450,309,309,1651,1651,2137,2137,DESCRIPTIVE
30,SUPPORT__FM,eligible_k,mse,113,0.734066618570897,0.5700739624000124,0.9128056915309736,113,113,450,450,309,309,1651,1651,2137,2137,DESCRIPTIVE
30,SUPPORT__FM,eligible_k,mae,113,0.6370751566338189,0.5573915536989017,0.721576121322662,113,113,450,450,309,309,1651,1651,2137,2137,DESCRIPTIVE
30,SUPPORT__FM,eligible_k,pa,68,0.5955256716316311,0.5067050580026777,0.6825930715721039,113,68,450,396,309,289,1651,1651,2137,2124,DESCRIPTIVE
30,SUPPORT__FM,eligible_k,als_mae,113,0.34716893710828667,0.3015183483143662,0.3981501571775008,113,113,450,450,309,309,1651,1651,2137,2137,DESCRIPTIVE
30,SUPPORT__FM,eligible_k,als_order,74,0.6712871759017803,0.5976967351003862,0.7405580118270281,113,74,450,411,309,298,1651,1651,2137,2137,DESCRIPTIVE
30,SUPPORT__FM,eligible_k,outside_scale,113,0.0,0.0,0.0,113,113,450,450,309,309,1651,1651,2137,2137,DESCRIPTIVE
30,SUPPORT__FM,common_k30,mse,113,0.734066618570897,0.5700739624000124,0.9128056915309736,113,113,450,450,309,309,1651,1651,2137,2137,DESCRIPTIVE
30,SUPPORT__FM,common_k30,mae,113,0.6370751566338189,0.5573915536989017,0.721576121322662,113,113,450,450,309,309,1651,1651,2137,2137,DESCRIPTIVE
30,SUPPORT__FM,common_k30,pa,68,0.5955256716316311,0.5067050580026777,0.6825930715721039,113,68,450,396,309,289,1651,1651,2137,2124,DESCRIPTIVE
30,SUPPORT__FM,common_k30,als_mae,113,0.34716893710828667,0.3015183483143662,0.3981501571775008,113,113,450,450,309,309,1651,1651,2137,2137,DESCRIPTIVE
30,SUPPORT__FM,common_k30,als_order,74,0.6712871759017803,0.5976967351003862,0.7405580118270281,113,74,450,411,309,298,1651,1651,2137,2137,DESCRIPTIVE
30,SUPPORT__FM,common_k30,outside_scale,113,0.0,0.0,0.0,113,113,450,450,309,309,1651,1651,2137,2137,DESCRIPTIVE
30,SUPPORT__GBT,eligible_k,mse,113,0.7370751665340818,0.5685398847135522,0.9189973873761035,113,113,450,450,309,309,1651,1651,2137,2137,DESCRIPTIVE
30,SUPPORT__GBT,eligible_k,mae,113,0.6376635296721471,0.5547602082487761,0.7234505374567511,113,113,450,450,309,309,1651,1651,2137,2137,DESCRIPTIVE
30,SUPPORT__GBT,eligible_k,pa,68,0.5947894643764383,0.5086070187030982,0.6800316632585297,113,68,450,396,309,289,1651,1651,2137,2124,DESCRIPTIVE
30,SUPPORT__GBT,eligible_k,als_mae,113,0.35494283115822395,0.3041184921638343,0.412942370398891,113,113,450,450,309,309,1651,1651,2137,2137,DESCRIPTIVE
30,SUPPORT__GBT,eligible_k,als_order,74,0.6554439139969904,0.5823257991691054,0.7250284579075147,113,74,450,411,309,298,1651,1651,2137,2137,DESCRIPTIVE
30,SUPPORT__GBT,eligible_k,outside_scale,113,0.0,0.0,0.0,113,113,450,450,309,309,1651,1651,2137,2137,DESCRIPTIVE
30,SUPPORT__GBT,common_k30,mse,113,0.7370751665340818,0.5685398847135522,0.9189973873761035,113,113,450,450,309,309,1651,1651,2137,2137,DESCRIPTIVE
30,SUPPORT__GBT,common_k30,mae,113,0.6376635296721471,0.5547602082487761,0.7234505374567511,113,113,450,450,309,309,1651,1651,2137,2137,DESCRIPTIVE
30,SUPPORT__GBT,common_k30,pa,68,0.5947894643764383,0.5086070187030982,0.6800316632585297,113,68,450,396,309,289,1651,1651,2137,2124,DESCRIPTIVE
30,SUPPORT__GBT,common_k30,als_mae,113,0.35494283115822395,0.3041184921638343,0.412942370398891,113,113,450,450,309,309,1651,1651,2137,2137,DESCRIPTIVE
30,SUPPORT__GBT,common_k30,als_order,74,0.6554439139969904,0.5823257991691054,0.7250284579075147,113,74,450,411,309,298,1651,1651,2137,2137,DESCRIPTIVE
30,SUPPORT__GBT,common_k30,outside_scale,113,0.0,0.0,0.0,113,113,450,450,309,309,1651,1651,2137,2137,DESCRIPTIVE
30,SUPPORT__RIDGE,eligible_k,mse,113,0.842748550708047,0.6615342358997208,1.042133331438551,113,113,450,450,309,309,1651,1651,2137,2137,DESCRIPTIVE
30,SUPPORT__RIDGE,eligible_k,mae,113,0.6916479748310123,0.6049917294892521,0.7823080392180327,113,113,450,450,309,309,1651,1651,2137,2137,DESCRIPTIVE
30,SUPPORT__RIDGE,eligible_k,pa,68,0.5848811432710677,0.49726958261083215,0.6689116998722959,113,68,450,396,309,289,1651,1651,2137,2124,DESCRIPTIVE
30,SUPPORT__RIDGE,eligible_k,als_mae,113,0.42107542298927697,0.36799066974494116,0.4812253589564966,113,113,450,450,309,309,1651,1651,2137,2137,DESCRIPTIVE
30,SUPPORT__RIDGE,eligible_k,als_order,74,0.6872380892157769,0.6198270877682642,0.7508212819407037,113,74,450,411,309,298,1651,1651,2137,2137,DESCRIPTIVE
30,SUPPORT__RIDGE,eligible_k,outside_scale,113,0.0,0.0,0.0,113,113,450,450,309,309,1651,1651,2137,2137,DESCRIPTIVE
30,SUPPORT__RIDGE,common_k30,mse,113,0.842748550708047,0.6615342358997208,1.042133331438551,113,113,450,450,309,309,1651,1651,2137,2137,DESCRIPTIVE
30,SUPPORT__RIDGE,common_k30,mae,113,0.6916479748310123,0.6049917294892521,0.7823080392180327,113,113,450,450,309,309,1651,1651,2137,2137,DESCRIPTIVE
30,SUPPORT__RIDGE,common_k30,pa,68,0.5848811432710677,0.49726958261083215,0.6689116998722959,113,68,450,396,309,289,1651,1651,2137,2124,DESCRIPTIVE
30,SUPPORT__RIDGE,common_k30,als_mae,113,0.42107542298927697,0.36799066974494116,0.4812253589564966,113,113,450,450,309,309,1651,1651,2137,2137,DESCRIPTIVE
30,SUPPORT__RIDGE,common_k30,als_order,74,0.6872380892157769,0.6198270877682642,0.7508212819407037,113,74,450,411,309,298,1651,1651,2137,2137,DESCRIPTIVE
30,SUPPORT__RIDGE,common_k30,outside_scale,113,0.0,0.0,0.0,113,113,450,450,309,309,1651,1651,2137,2137,DESCRIPTIVE
