round,role,block,state,row_share,unique_movie_share
0,TRAIN_R,GENRE,empty_feature_block,0.0,0.0
0,TRAIN_R,GENRE,oov_only,0.0,0.0
0,TRAIN_R,GENRE,known_and_oov,0.0,0.0
0,TRAIN_R,GENRE,known_only,1.0,1.0
0,TRAIN_R,KEYWORD,empty_feature_block,0.003068554672596662,0.039334741288278775
0,TRAIN_R,KEYWORD,oov_only,0.07518231466038784,0.1609028511087645
0,TRAIN_R,KEYWORD,known_and_oov,0.9207517141393331,0.7836589229144667
0,TRAIN_R,KEYWORD,known_only,0.0009974165276823964,0.016103484688489968
0,TRAIN_R,COUNTRY_LANGUAGE,empty_feature_block,0.0,0.0
0,TRAIN_R,COUNTRY_LANGUAGE,oov_only,8.175545308872102e-05,0.0013199577613516368
0,TRAIN_R,COUNTRY_LANGUAGE,known_and_oov,0.005461264266326564,0.01940337909186906
0,TRAIN_R,COUNTRY_LANGUAGE,known_only,0.9944569802805847,0.9792766631467793
0,TRAIN_R,ERA_RUNTIME,empty_feature_block,0.0,0.0
0,TRAIN_R,ERA_RUNTIME,oov_only,0.0,0.0
0,TRAIN_R,ERA_RUNTIME,known_and_oov,0.0,0.0
0,TRAIN_R,ERA_RUNTIME,known_only,1.0,1.0
0,TRAIN_R,DIRECTOR,empty_feature_block,1.0900727078496135e-05,0.00026399155227032733
0,TRAIN_R,DIRECTOR,oov_only,0.7477844272212957,0.8812038014783526
0,TRAIN_R,DIRECTOR,known_and_oov,0.00031612108527638794,0.0009239704329461457
0,TRAIN_R,DIRECTOR,known_only,0.25188855096634943,0.11760823653643084
0,TRAIN_R,CAST,empty_feature_block,0.0002725181769624034,0.0026399155227032735
0,TRAIN_R,CAST,oov_only,0.38603834875786214,0.6696145723336854
0,TRAIN_R,CAST,known_and_oov,0.613525622158998,0.3270855332629356
0,TRAIN_R,CAST,known_only,0.00016351090617744204,0.0006599788806758184
0,TRAIN_R,COMPANY_COLLECTION,empty_feature_block,0.0009156610745936754,0.014915522703273495
0,TRAIN_R,COMPANY_COLLECTION,oov_only,0.24817685339612153,0.4359820485744456
0,TRAIN_R,COMPANY_COLLECTION,known_and_oov,0.6586873344452076,0.4677930306230201
0,TRAIN_R,COMPANY_COLLECTION,known_only,0.09222015108407731,0.08130939809926083
0,TRAIN_TARGET,GENRE,empty_feature_block,0.0,0.0
0,TRAIN_TARGET,GENRE,oov_only,0.0,0.0
0,TRAIN_TARGET,GENRE,known_and_oov,0.0,0.0
0,TRAIN_TARGET,GENRE,known_only,1.0,1.0
0,TRAIN_TARGET,KEYWORD,empty_feature_block,0.0036770833333333334,0.0320731329408119
0,TRAIN_TARGET,KEYWORD,oov_only,0.07753125,0.15091416176014874
0,TRAIN_TARGET,KEYWORD,known_and_oov,0.9175,0.8021382088627208
0,TRAIN_TARGET,KEYWORD,known_only,0.0012916666666666667,0.014874496436318562
0,TRAIN_TARGET,COUNTRY_LANGUAGE,empty_feature_block,0.0,0.0
0,TRAIN_TARGET,COUNTRY_LANGUAGE,oov_only,0.00011458333333333333,0.0010845986984815619
0,TRAIN_TARGET,COUNTRY_LANGUAGE,known_and_oov,0.0059791666666666665,0.016888751162070035
0,TRAIN_TARGET,COUNTRY_LANGUAGE,known_only,0.99390625,0.9820266501394485
0,TRAIN_TARGET,ERA_RUNTIME,empty_feature_block,0.0,0.0
0,TRAIN_TARGET,ERA_RUNTIME,oov_only,0.0,0.0
0,TRAIN_TARGET,ERA_RUNTIME,known_and_oov,0.0,0.0
0,TRAIN_TARGET,ERA_RUNTIME,known_only,1.0,1.0
0,TRAIN_TARGET,DIRECTOR,empty_feature_block,2.0833333333333333e-05,0.0003098853424233034
0,TRAIN_TARGET,DIRECTOR,oov_only,0.7566770833333333,0.8706228695382708
0,TRAIN_TARGET,DIRECTOR,known_and_oov,0.0003541666666666667,0.0009296560272699101
0,TRAIN_TARGET,DIRECTOR,known_only,0.24294791666666668,0.12813758909203596
0,TRAIN_TARGET,CAST,empty_feature_block,0.0002916666666666667,0.0017043693833281685
0,TRAIN_TARGET,CAST,oov_only,0.397,0.6484350790207624
0,TRAIN_TARGET,CAST,known_and_oov,0.60253125,0.3492407809110629
0,TRAIN_TARGET,CAST,known_only,0.00017708333333333335,0.0006197706848466068
0,TRAIN_TARGET,COMPANY_COLLECTION,empty_feature_block,0.0011770833333333334,0.012240471025720484
0,TRAIN_TARGET,COMPANY_COLLECTION,oov_only,0.25176041666666665,0.41199256275178187
0,TRAIN_TARGET,COMPANY_COLLECTION,known_and_oov,0.65590625,0.49349240780911063
0,TRAIN_TARGET,COMPANY_COLLECTION,known_only,0.09115625,0.08227455841338704
0,TRAIN_INPUT,GENRE,empty_feature_block,0.0,0.0
0,TRAIN_INPUT,GENRE,oov_only,0.0,0.0
0,TRAIN_INPUT,GENRE,known_and_oov,0.0,0.0
0,TRAIN_INPUT,GENRE,known_only,1.0,1.0
0,TRAIN_INPUT,KEYWORD,empty_feature_block,0.002400713354825434,0.025175328178385182
0,TRAIN_INPUT,KEYWORD,oov_only,0.0726044310309349,0.1429598992986873
0,TRAIN_INPUT,KEYWORD,known_and_oov,0.9243203694812173,0.8226937601150872
0,TRAIN_INPUT,KEYWORD,known_only,0.0006744861330223838,0.009171012407840316
0,TRAIN_INPUT,COUNTRY_LANGUAGE,empty_feature_block,0.0,0.0
0,TRAIN_INPUT,COUNTRY_LANGUAGE,oov_only,4.572787342524636e-05,0.0007192950908110052
0,TRAIN_INPUT,COUNTRY_LANGUAGE,known_and_oov,0.0048928824565013605,0.017263082179464127
0,TRAIN_INPUT,COUNTRY_LANGUAGE,known_only,0.9950613896700734,0.9820176227297248
0,TRAIN_INPUT,ERA_RUNTIME,empty_feature_block,0.0,0.0
0,TRAIN_INPUT,ERA_RUNTIME,oov_only,0.0,0.0
0,TRAIN_INPUT,ERA_RUNTIME,known_and_oov,0.0,0.0
0,TRAIN_INPUT,ERA_RUNTIME,known_only,1.0,1.0
0,TRAIN_INPUT,DIRECTOR,empty_feature_block,0.0,0.0
0,TRAIN_INPUT,DIRECTOR,oov_only,0.7380250131467636,0.8645926991548283
0,TRAIN_INPUT,DIRECTOR,known_and_oov,0.0002743672405514782,0.000539471318108254
0,TRAIN_INPUT,DIRECTOR,known_only,0.2617006196126849,0.13486782952706347
0,TRAIN_INPUT,CAST,empty_feature_block,0.000251503303838855,0.0019780614997302643
0,TRAIN_INPUT,CAST,oov_only,0.37400827674508996,0.6223700773242222
0,TRAIN_INPUT,CAST,known_and_oov,0.6255916043624391,0.3747527423125337
0,TRAIN_INPUT,CAST,known_only,0.00014861558863205065,0.0008991188635137566
0,TRAIN_INPUT,COMPANY_COLLECTION,empty_feature_block,0.0006287582595971374,0.007732422226218306
0,TRAIN_INPUT,COMPANY_COLLECTION,oov_only,0.24424400393259713,0.38859917281064554
0,TRAIN_INPUT,COMPANY_COLLECTION,known_and_oov,0.6617394883050963,0.5171731702931127
0,TRAIN_INPUT,COMPANY_COLLECTION,known_only,0.09338774950270938,0.08649523467002337
0,VALIDATION_TARGET,GENRE,empty_feature_block,6.09186532916379e-05,0.00013633884748227596
0,VALIDATION_TARGET,GENRE,oov_only,0.0,0.0
0,VALIDATION_TARGET,GENRE,known_and_oov,0.0,0.0
0,VALIDATION_TARGET,GENRE,known_only,0.9999390813467084,0.9998636611525177
0,VALIDATION_TARGET,KEYWORD,empty_feature_block,0.08587499492344555,0.17510452644973643
0,VALIDATION_TARGET,KEYWORD,oov_only,0.14764650936116638,0.2323213961097982
0,VALIDATION_TARGET,KEYWORD,known_and_oov,0.7443447183527596,0.5487184148336666
0,VALIDATION_TARGET,KEYWORD,known_only,0.022133777362628438,0.04385566260679876
0,VALIDATION_TARGET,COUNTRY_LANGUAGE,empty_feature_block,0.0,0.0
0,VALIDATION_TARGET,COUNTRY_LANGUAGE,oov_only,0.004670430085692239,0.009770950736229777
0,VALIDATION_TARGET,COUNTRY_LANGUAGE,known_and_oov,0.03261178572879016,0.057125977095073624
0,VALIDATION_TARGET,COUNTRY_LANGUAGE,known_only,0.9627177841855176,0.9331030721686966
0,VALIDATION_TARGET,ERA_RUNTIME,empty_feature_block,0.0,0.0
0,VALIDATION_TARGET,ERA_RUNTIME,oov_only,4.06124355277586e-05,9.089256498818396e-05
0,VALIDATION_TARGET,ERA_RUNTIME,known_and_oov,0.08756041099784755,0.06321577894928194
0,VALIDATION_TARGET,ERA_RUNTIME,known_only,0.9123989765666247,0.9366933284857298
0,VALIDATION_TARGET,DIRECTOR,empty_feature_block,0.0005482678796247411,0.0012270496273404836
0,VALIDATION_TARGET,DIRECTOR,oov_only,0.9045404702920035,0.951599709143792
0,VALIDATION_TARGET,DIRECTOR,known_and_oov,0.0007107176217357755,0.0009089256498818396
0,VALIDATION_TARGET,DIRECTOR,known_only,0.09420054420663607,0.04626431557898564
0,VALIDATION_TARGET,CAST,empty_feature_block,0.016184055557811803,0.031357934920923466
0,VALIDATION_TARGET,CAST,oov_only,0.6579011493319254,0.8129885475368115
0,VALIDATION_TARGET,CAST,known_and_oov,0.3255695894082768,0.1552445009998182
0,VALIDATION_TARGET,CAST,known_only,0.0003452057019859481,0.00040901654244682785
0,VALIDATION_TARGET,COMPANY_COLLECTION,empty_feature_block,0.030276570685944037,0.06207962188692965
0,VALIDATION_TARGET,COMPANY_COLLECTION,oov_only,0.5086098363318848,0.6521087075077259
0,VALIDATION_TARGET,COMPANY_COLLECTION,known_and_oov,0.4193233968241075,0.24018360298127614
0,VALIDATION_TARGET,COMPANY_COLLECTION,known_only,0.0417901961580636,0.045628067624068354
0,VALIDATION_INPUT30,GENRE,empty_feature_block,0.0,0.0
0,VALIDATION_INPUT30,GENRE,oov_only,0.0,0.0
0,VALIDATION_INPUT30,GENRE,known_and_oov,0.0,0.0
0,VALIDATION_INPUT30,GENRE,known_only,1.0,1.0
0,VALIDATION_INPUT30,KEYWORD,empty_feature_block,0.010666666666666666,0.025495750708215296
0,VALIDATION_INPUT30,KEYWORD,oov_only,0.07155555555555555,0.11898016997167139
0,VALIDATION_INPUT30,KEYWORD,known_and_oov,0.9106666666666666,0.8396600566572238
0,VALIDATION_INPUT30,KEYWORD,known_only,0.0071111111111111115,0.01586402266288952
0,VALIDATION_INPUT30,COUNTRY_LANGUAGE,empty_feature_block,0.0,0.0
0,VALIDATION_INPUT30,COUNTRY_LANGUAGE,oov_only,0.0012222222222222222,0.0031161473087818695
0,VALIDATION_INPUT30,COUNTRY_LANGUAGE,known_and_oov,0.014333333333333333,0.026062322946175637
0,VALIDATION_INPUT30,COUNTRY_LANGUAGE,known_only,0.9844444444444445,0.9708215297450425
0,VALIDATION_INPUT30,ERA_RUNTIME,empty_feature_block,0.0,0.0
0,VALIDATION_INPUT30,ERA_RUNTIME,oov_only,0.0,0.0
0,VALIDATION_INPUT30,ERA_RUNTIME,known_and_oov,0.00022222222222222223,0.00028328611898016995
0,VALIDATION_INPUT30,ERA_RUNTIME,known_only,0.9997777777777778,0.9997167138810198
0,VALIDATION_INPUT30,DIRECTOR,empty_feature_block,0.00022222222222222223,0.0005665722379603399
0,VALIDATION_INPUT30,DIRECTOR,oov_only,0.8458888888888889,0.8725212464589235
0,VALIDATION_INPUT30,DIRECTOR,known_and_oov,0.0007777777777777777,0.0011331444759206798
0,VALIDATION_INPUT30,DIRECTOR,known_only,0.15311111111111111,0.12577903682719546
0,VALIDATION_INPUT30,CAST,empty_feature_block,0.0025555555555555557,0.0056657223796034
0,VALIDATION_INPUT30,CAST,oov_only,0.5244444444444445,0.6246458923512748
0,VALIDATION_INPUT30,CAST,known_and_oov,0.47244444444444444,0.36827195467422097
0,VALIDATION_INPUT30,CAST,known_only,0.0005555555555555556,0.00141643059490085
0,VALIDATION_INPUT30,COMPANY_COLLECTION,empty_feature_block,0.004888888888888889,0.01076487252124646
0,VALIDATION_INPUT30,COMPANY_COLLECTION,oov_only,0.37444444444444447,0.4512747875354108
0,VALIDATION_INPUT30,COMPANY_COLLECTION,known_and_oov,0.5797777777777777,0.4951841359773371
0,VALIDATION_INPUT30,COMPANY_COLLECTION,known_only,0.04088888888888889,0.04277620396600566
0,EVALUATION_TARGET,GENRE,empty_feature_block,0.0,0.0
0,EVALUATION_TARGET,GENRE,oov_only,0.0,0.0
0,EVALUATION_TARGET,GENRE,known_and_oov,0.0,0.0
0,EVALUATION_TARGET,GENRE,known_only,1.0,1.0
0,EVALUATION_TARGET,KEYWORD,empty_feature_block,0.03928260238164392,0.08582348853370396
0,EVALUATION_TARGET,KEYWORD,oov_only,0.12510891664246296,0.18997567755385686
0,EVALUATION_TARGET,KEYWORD,known_and_oov,0.8248620389195469,0.702223766504517
0,EVALUATION_TARGET,KEYWORD,known_only,0.010746442056346209,0.021977067407922168
0,EVALUATION_TARGET,COUNTRY_LANGUAGE,empty_feature_block,0.0,0.0
0,EVALUATION_TARGET,COUNTRY_LANGUAGE,oov_only,0.0011617775196049957,0.002432244614315497
0,EVALUATION_TARGET,COUNTRY_LANGUAGE,known_and_oov,0.026139994191112403,0.04291174426685198
0,EVALUATION_TARGET,COUNTRY_LANGUAGE,known_only,0.9726982282892827,0.9546560111188325
0,EVALUATION_TARGET,ERA_RUNTIME,empty_feature_block,0.0,0.0
0,EVALUATION_TARGET,ERA_RUNTIME,oov_only,0.00010891664246296834,0.00026059763724808893
0,EVALUATION_TARGET,ERA_RUNTIME,known_and_oov,0.13992158001742666,0.11501042390548992
0,EVALUATION_TARGET,ERA_RUNTIME,known_only,0.8599695033401104,0.884728978457262
0,EVALUATION_TARGET,DIRECTOR,empty_feature_block,0.00039936102236421724,0.0009555246699096595
0,EVALUATION_TARGET,DIRECTOR,oov_only,0.9010673830961371,0.923036831132731
0,EVALUATION_TARGET,DIRECTOR,known_and_oov,0.0005082776648271856,0.0006080611535788742
0,EVALUATION_TARGET,DIRECTOR,known_only,0.09802497821667151,0.0753995830437804
0,EVALUATION_TARGET,CAST,empty_feature_block,0.005663665408074354,0.01250868658790827
0,EVALUATION_TARGET,CAST,oov_only,0.6542622712750509,0.7621612230715775
0,EVALUATION_TARGET,CAST,known_and_oov,0.33971100784199826,0.22480889506601806
0,EVALUATION_TARGET,CAST,known_only,0.00036305547487656113,0.0005211952744961779
0,EVALUATION_TARGET,COMPANY_COLLECTION,empty_feature_block,0.011726691838512925,0.024496177901320363
0,EVALUATION_TARGET,COMPANY_COLLECTION,oov_only,0.5010891664246296,0.5990271021542738
0,EVALUATION_TARGET,COMPANY_COLLECTION,known_and_oov,0.4524397327911705,0.33165392633773455
0,EVALUATION_TARGET,COMPANY_COLLECTION,known_only,0.0347444089456869,0.044822793606671296
0,EVALUATION_INPUT30,GENRE,empty_feature_block,0.000196078431372549,0.0003465003465003465
0,EVALUATION_INPUT30,GENRE,oov_only,0.0,0.0
0,EVALUATION_INPUT30,GENRE,known_and_oov,0.0,0.0
0,EVALUATION_INPUT30,GENRE,known_only,0.9998039215686274,0.9996534996534997
0,EVALUATION_INPUT30,KEYWORD,empty_feature_block,0.016862745098039214,0.02875952875952876
0,EVALUATION_INPUT30,KEYWORD,oov_only,0.08784313725490196,0.11884961884961885
0,EVALUATION_INPUT30,KEYWORD,known_and_oov,0.8888235294117647,0.8416493416493417
0,EVALUATION_INPUT30,KEYWORD,known_only,0.006470588235294118,0.010741510741510741
0,EVALUATION_INPUT30,COUNTRY_LANGUAGE,empty_feature_block,0.0,0.0
0,EVALUATION_INPUT30,COUNTRY_LANGUAGE,oov_only,0.000392156862745098,0.000693000693000693
0,EVALUATION_INPUT30,COUNTRY_LANGUAGE,known_and_oov,0.016862745098039214,0.0246015246015246
0,EVALUATION_INPUT30,COUNTRY_LANGUAGE,known_only,0.9827450980392157,0.9747054747054748
0,EVALUATION_INPUT30,ERA_RUNTIME,empty_feature_block,0.0,0.0
0,EVALUATION_INPUT30,ERA_RUNTIME,oov_only,0.0,0.0
0,EVALUATION_INPUT30,ERA_RUNTIME,known_and_oov,0.000196078431372549,0.0003465003465003465
0,EVALUATION_INPUT30,ERA_RUNTIME,known_only,0.9998039215686274,0.9996534996534997
0,EVALUATION_INPUT30,DIRECTOR,empty_feature_block,0.000196078431372549,0.0003465003465003465
0,EVALUATION_INPUT30,DIRECTOR,oov_only,0.8611764705882353,0.8714483714483714
0,EVALUATION_INPUT30,DIRECTOR,known_and_oov,0.000392156862745098,0.000693000693000693
0,EVALUATION_INPUT30,DIRECTOR,known_only,0.13823529411764707,0.1275121275121275
0,EVALUATION_INPUT30,CAST,empty_feature_block,0.0029411764705882353,0.004851004851004851
0,EVALUATION_INPUT30,CAST,oov_only,0.5486274509803921,0.6146916146916147
0,EVALUATION_INPUT30,CAST,known_and_oov,0.4476470588235294,0.37907137907137906
0,EVALUATION_INPUT30,CAST,known_only,0.000784313725490196,0.001386001386001386
0,EVALUATION_INPUT30,COMPANY_COLLECTION,empty_feature_block,0.007058823529411765,0.012127512127512128
0,EVALUATION_INPUT30,COMPANY_COLLECTION,oov_only,0.3988235294117647,0.4376299376299376
0,EVALUATION_INPUT30,COMPANY_COLLECTION,known_and_oov,0.5535294117647059,0.5048510048510049
0,EVALUATION_INPUT30,COMPANY_COLLECTION,known_only,0.04058823529411765,0.04539154539154539
1,TRAIN_R,GENRE,empty_feature_block,0.0,0.0
1,TRAIN_R,GENRE,oov_only,0.0,0.0
1,TRAIN_R,GENRE,known_and_oov,0.0,0.0
1,TRAIN_R,GENRE,known_only,1.0,1.0
1,TRAIN_R,KEYWORD,empty_feature_block,0.0032078238554268832,0.04065364687126345
1,TRAIN_R,KEYWORD,oov_only,0.07458325246382437,0.15437757406669322
1,TRAIN_R,KEYWORD,known_and_oov,0.9210767505553039,0.7883618971701873
1,TRAIN_R,KEYWORD,known_only,0.0011321731254447824,0.016606881891855985
1,TRAIN_R,COUNTRY_LANGUAGE,empty_feature_block,0.0,0.0
1,TRAIN_R,COUNTRY_LANGUAGE,oov_only,2.1565202389424424e-05,0.0005314202205393915
1,TRAIN_R,COUNTRY_LANGUAGE,known_and_oov,0.005504517909900584,0.01992825827022718
1,TRAIN_R,COUNTRY_LANGUAGE,known_only,0.99447391688771,0.9795403215092334
1,TRAIN_R,ERA_RUNTIME,empty_feature_block,0.0,0.0
1,TRAIN_R,ERA_RUNTIME,oov_only,0.0,0.0
1,TRAIN_R,ERA_RUNTIME,known_and_oov,0.0,0.0
1,TRAIN_R,ERA_RUNTIME,known_only,1.0,1.0
1,TRAIN_R,DIRECTOR,empty_feature_block,2.1565202389424424e-05,0.00039856516540454366
1,TRAIN_R,DIRECTOR,oov_only,0.7434118306700308,0.882024711040255
1,TRAIN_R,DIRECTOR,known_and_oov,0.0010297384140950162,0.0018599707718878703
1,TRAIN_R,DIRECTOR,known_only,0.2555368657134847,0.1157167530224525
1,TRAIN_R,CAST,empty_feature_block,0.00020486942269953203,0.0026571011026969575
1,TRAIN_R,CAST,oov_only,0.3970854628970693,0.6701208981001727
1,TRAIN_R,CAST,known_and_oov,0.6025155808587264,0.3261591603560515
1,TRAIN_R,CAST,known_only,0.00019408682150481982,0.001062840441078783
1,TRAIN_R,COMPANY_COLLECTION,empty_feature_block,0.0010081732117055919,0.015809751561046897
1,TRAIN_R,COMPANY_COLLECTION,oov_only,0.24932069612473312,0.4348345954563571
1,TRAIN_R,COMPANY_COLLECTION,known_and_oov,0.6559056306743439,0.4649926929719676
1,TRAIN_R,COMPANY_COLLECTION,known_only,0.0937654999892174,0.0843629600106284
1,TRAIN_TARGET,GENRE,empty_feature_block,0.0,0.0
1,TRAIN_TARGET,GENRE,oov_only,0.0,0.0
1,TRAIN_TARGET,GENRE,known_and_oov,0.0,0.0
1,TRAIN_TARGET,GENRE,known_only,1.0,1.0
1,TRAIN_TARGET,KEYWORD,empty_feature_block,0.003958333333333334,0.03559820461228912
1,TRAIN_TARGET,KEYWORD,oov_only,0.07733333333333334,0.14548831450239902
1,TRAIN_TARGET,KEYWORD,known_and_oov,0.9174479166666667,0.8060671722643553
1,TRAIN_TARGET,KEYWORD,known_only,0.0012604166666666666,0.012846308620956507
1,TRAIN_TARGET,COUNTRY_LANGUAGE,empty_feature_block,0.0,0.0
1,TRAIN_TARGET,COUNTRY_LANGUAGE,oov_only,2.0833333333333333e-05,0.00030954960532425323
1,TRAIN_TARGET,COUNTRY_LANGUAGE,known_and_oov,0.005822916666666666,0.017180003095496055
1,TRAIN_TARGET,COUNTRY_LANGUAGE,known_only,0.99415625,0.9825104472991797
1,TRAIN_TARGET,ERA_RUNTIME,empty_feature_block,0.0,0.0
1,TRAIN_TARGET,ERA_RUNTIME,oov_only,0.0,0.0
1,TRAIN_TARGET,ERA_RUNTIME,known_and_oov,0.0,0.0
1,TRAIN_TARGET,ERA_RUNTIME,known_only,1.0,1.0
1,TRAIN_TARGET,DIRECTOR,empty_feature_block,2.0833333333333333e-05,0.00030954960532425323
1,TRAIN_TARGET,DIRECTOR,oov_only,0.7509791666666666,0.8732394366197183
1,TRAIN_TARGET,DIRECTOR,known_and_oov,0.0010520833333333333,0.0017025228292833928
1,TRAIN_TARGET,DIRECTOR,known_only,0.24794791666666666,0.12474849094567404
1,TRAIN_TARGET,CAST,empty_feature_block,0.00023958333333333332,0.0021668472372697724
1,TRAIN_TARGET,CAST,oov_only,0.40690625,0.6505184955889182
1,TRAIN_TARGET,CAST,known_and_oov,0.5925729166666667,0.3462312335551772
1,TRAIN_TARGET,CAST,known_only,0.00028125,0.0010834236186348862
1,TRAIN_TARGET,COMPANY_COLLECTION,empty_feature_block,0.0012291666666666666,0.013155858226280761
1,TRAIN_TARGET,COMPANY_COLLECTION,oov_only,0.2501770833333333,0.41232007429190526
1,TRAIN_TARGET,COMPANY_COLLECTION,known_and_oov,0.6562916666666667,0.48893360160965793
1,TRAIN_TARGET,COMPANY_COLLECTION,known_only,0.09230208333333334,0.08559046587215602
1,TRAIN_INPUT,GENRE,empty_feature_block,0.0,0.0
1,TRAIN_INPUT,GENRE,oov_only,0.0,0.0
1,TRAIN_INPUT,GENRE,known_and_oov,0.0,0.0
1,TRAIN_INPUT,GENRE,known_only,1.0,1.0
1,TRAIN_INPUT,KEYWORD,empty_feature_block,0.0024026641634258637,0.02463321861981525
1,TRAIN_INPUT,KEYWORD,oov_only,0.07163291761655714,0.13838072812896215
1,TRAIN_INPUT,KEYWORD,known_and_oov,0.9249698270081802,0.8253939503713096
1,TRAIN_INPUT,KEYWORD,known_only,0.000994591211836753,0.011592102879913059
1,TRAIN_INPUT,COUNTRY_LANGUAGE,empty_feature_block,0.0,0.0
1,TRAIN_INPUT,COUNTRY_LANGUAGE,oov_only,2.2350364310938267e-05,0.0003622532149972831
1,TRAIN_INPUT,COUNTRY_LANGUAGE,known_and_oov,0.00516293415582674,0.018112660749864156
1,TRAIN_INPUT,COUNTRY_LANGUAGE,known_only,0.9948147154798623,0.9815250860351385
1,TRAIN_INPUT,ERA_RUNTIME,empty_feature_block,0.0,0.0
1,TRAIN_INPUT,ERA_RUNTIME,oov_only,0.0,0.0
1,TRAIN_INPUT,ERA_RUNTIME,known_and_oov,0.0,0.0
1,TRAIN_INPUT,ERA_RUNTIME,known_only,1.0,1.0
1,TRAIN_INPUT,DIRECTOR,empty_feature_block,2.2350364310938267e-05,0.0003622532149972831
1,TRAIN_INPUT,DIRECTOR,oov_only,0.7352934602834026,0.8625249049085311
1,TRAIN_INPUT,DIRECTOR,known_and_oov,0.001005766393992222,0.0021735192899836986
1,TRAIN_INPUT,DIRECTOR,known_only,0.26367842295829425,0.13493932258648794
1,TRAIN_INPUT,CAST,empty_feature_block,0.00016762773233203703,0.0014490128599891324
1,TRAIN_INPUT,CAST,oov_only,0.38654955075767733,0.6254301756928092
1,TRAIN_INPUT,CAST,known_and_oov,0.6131822448705914,0.3722151784097084
1,TRAIN_INPUT,CAST,known_only,0.0001005766393992222,0.0009056330374932077
1,TRAIN_INPUT,COMPANY_COLLECTION,empty_feature_block,0.0007710875687273703,0.009599710197428002
1,TRAIN_INPUT,COMPANY_COLLECTION,oov_only,0.24840194895176793,0.38851657308458615
1,TRAIN_INPUT,COMPANY_COLLECTION,known_and_oov,0.6554914845111975,0.5174787176236189
1,TRAIN_INPUT,COMPANY_COLLECTION,known_only,0.09533547896830719,0.08440499909436697
1,VALIDATION_TARGET,GENRE,empty_feature_block,6.09186532916379e-05,0.00013633884748227596
1,VALIDATION_TARGET,GENRE,oov_only,0.0,0.0
1,VALIDATION_TARGET,GENRE,known_and_oov,0.0,0.0
1,VALIDATION_TARGET,GENRE,known_only,0.9999390813467084,0.9998636611525177
1,VALIDATION_TARGET,KEYWORD,empty_feature_block,0.08587499492344555,0.17510452644973643
1,VALIDATION_TARGET,KEYWORD,oov_only,0.1461438492466393,0.22964006544264678
1,VALIDATION_TARGET,KEYWORD,known_and_oov,0.745461560329773,0.5505362661334303
1,VALIDATION_TARGET,KEYWORD,known_only,0.022519595500142143,0.04471914197418651
1,VALIDATION_TARGET,COUNTRY_LANGUAGE,empty_feature_block,0.0,0.0
1,VALIDATION_TARGET,COUNTRY_LANGUAGE,oov_only,0.003309913495512326,0.007089620069078349
1,VALIDATION_TARGET,COUNTRY_LANGUAGE,known_and_oov,0.03748527799212119,0.06685148154880931
1,VALIDATION_TARGET,COUNTRY_LANGUAGE,known_only,0.9592048085123664,0.9260588983821123
1,VALIDATION_TARGET,ERA_RUNTIME,empty_feature_block,0.0,0.0
1,VALIDATION_TARGET,ERA_RUNTIME,oov_only,4.06124355277586e-05,9.089256498818396e-05
1,VALIDATION_TARGET,ERA_RUNTIME,known_and_oov,0.08735734882020875,0.06185239047445919
1,VALIDATION_TARGET,ERA_RUNTIME,known_only,0.9126020387442635,0.9380567169605526
1,VALIDATION_TARGET,DIRECTOR,empty_feature_block,0.0005482678796247411,0.0012270496273404836
1,VALIDATION_TARGET,DIRECTOR,oov_only,0.9038703651057954,0.9508725686238866
1,VALIDATION_TARGET,DIRECTOR,known_and_oov,0.0010356171059578442,0.0011361570623522996
1,VALIDATION_TARGET,DIRECTOR,known_only,0.09454574990862202,0.04676422468642065
1,VALIDATION_TARGET,CAST,empty_feature_block,0.016184055557811803,0.031357934920923466
1,VALIDATION_TARGET,CAST,oov_only,0.654266336352191,0.8115342664970006
1,VALIDATION_TARGET,CAST,known_and_oov,0.3292044023880112,0.15669878203962917
1,VALIDATION_TARGET,CAST,known_only,0.0003452057019859481,0.00040901654244682785
1,VALIDATION_TARGET,COMPANY_COLLECTION,empty_feature_block,0.030276570685944037,0.06207962188692965
1,VALIDATION_TARGET,COMPANY_COLLECTION,oov_only,0.5134833285952158,0.6486547900381748
1,VALIDATION_TARGET,COMPANY_COLLECTION,known_and_oov,0.4141250050765544,0.2415015451736048
1,VALIDATION_TARGET,COMPANY_COLLECTION,known_only,0.04211509564228567,0.047764042901290674
1,VALIDATION_INPUT30,GENRE,empty_feature_block,0.0,0.0
1,VALIDATION_INPUT30,GENRE,oov_only,0.0,0.0
1,VALIDATION_INPUT30,GENRE,known_and_oov,0.0,0.0
1,VALIDATION_INPUT30,GENRE,known_only,1.0,1.0
1,VALIDATION_INPUT30,KEYWORD,empty_feature_block,0.010666666666666666,0.025495750708215296
1,VALIDATION_INPUT30,KEYWORD,oov_only,0.06977777777777777,0.11643059490084987
1,VALIDATION_INPUT30,KEYWORD,known_and_oov,0.9123333333333333,0.8419263456090652
1,VALIDATION_INPUT30,KEYWORD,known_only,0.007222222222222222,0.01614730878186969
1,VALIDATION_INPUT30,COUNTRY_LANGUAGE,empty_feature_block,0.0,0.0
1,VALIDATION_INPUT30,COUNTRY_LANGUAGE,oov_only,0.00022222222222222223,0.0005665722379603399
1,VALIDATION_INPUT30,COUNTRY_LANGUAGE,known_and_oov,0.014222222222222223,0.025779036827195467
1,VALIDATION_INPUT30,COUNTRY_LANGUAGE,known_only,0.9855555555555555,0.9736543909348442
1,VALIDATION_INPUT30,ERA_RUNTIME,empty_feature_block,0.0,0.0
1,VALIDATION_INPUT30,ERA_RUNTIME,oov_only,0.0,0.0
1,VALIDATION_INPUT30,ERA_RUNTIME,known_and_oov,0.0005555555555555556,0.0005665722379603399
1,VALIDATION_INPUT30,ERA_RUNTIME,known_only,0.9994444444444445,0.9994334277620397
1,VALIDATION_INPUT30,DIRECTOR,empty_feature_block,0.00022222222222222223,0.0005665722379603399
1,VALIDATION_INPUT30,DIRECTOR,oov_only,0.8423333333333334,0.8694050991501416
1,VALIDATION_INPUT30,DIRECTOR,known_and_oov,0.0011111111111111111,0.0016997167138810198
1,VALIDATION_INPUT30,DIRECTOR,known_only,0.15633333333333332,0.128328611898017
1,VALIDATION_INPUT30,CAST,empty_feature_block,0.0025555555555555557,0.0056657223796034
1,VALIDATION_INPUT30,CAST,oov_only,0.508,0.6186968838526912
1,VALIDATION_INPUT30,CAST,known_and_oov,0.4888888888888889,0.3742209631728045
1,VALIDATION_INPUT30,CAST,known_only,0.0005555555555555556,0.00141643059490085
1,VALIDATION_INPUT30,COMPANY_COLLECTION,empty_feature_block,0.004888888888888889,0.01076487252124646
1,VALIDATION_INPUT30,COMPANY_COLLECTION,oov_only,0.382,0.45014164305949006
1,VALIDATION_INPUT30,COMPANY_COLLECTION,known_and_oov,0.5721111111111111,0.49575070821529743
1,VALIDATION_INPUT30,COMPANY_COLLECTION,known_only,0.041,0.043342776203966
1,EVALUATION_TARGET,GENRE,empty_feature_block,0.0,0.0
1,EVALUATION_TARGET,GENRE,oov_only,0.0,0.0
1,EVALUATION_TARGET,GENRE,known_and_oov,0.0,0.0
1,EVALUATION_TARGET,GENRE,known_only,1.0,1.0
1,EVALUATION_TARGET,KEYWORD,empty_feature_block,0.03357542111867371,0.07980582524271845
1,EVALUATION_TARGET,KEYWORD,oov_only,0.11232366249667287,0.17514563106796116
1,EVALUATION_TARGET,KEYWORD,known_and_oov,0.8441765846610138,0.722621359223301
1,EVALUATION_TARGET,KEYWORD,known_only,0.009924331723639683,0.022427184466019417
1,EVALUATION_TARGET,COUNTRY_LANGUAGE,empty_feature_block,0.0,0.0
1,EVALUATION_TARGET,COUNTRY_LANGUAGE,oov_only,0.0008745579679835735,0.0021359223300970874
1,EVALUATION_TARGET,COUNTRY_LANGUAGE,known_and_oov,0.022814555686528005,0.036990291262135926
1,EVALUATION_TARGET,COUNTRY_LANGUAGE,known_only,0.9763108863454885,0.960873786407767
1,EVALUATION_TARGET,ERA_RUNTIME,empty_feature_block,0.0,0.0
1,EVALUATION_TARGET,ERA_RUNTIME,oov_only,0.00011407277843264002,0.0002912621359223301
1,EVALUATION_TARGET,ERA_RUNTIME,known_and_oov,0.13643104300543746,0.13019417475728157
1,EVALUATION_TARGET,ERA_RUNTIME,known_only,0.8634548842161299,0.8695145631067961
1,EVALUATION_TARGET,DIRECTOR,empty_feature_block,0.0004943153732081067,0.001262135922330097
1,EVALUATION_TARGET,DIRECTOR,oov_only,0.8952431651393589,0.917864077669903
1,EVALUATION_TARGET,DIRECTOR,known_and_oov,0.0009886307464162135,0.0015533980582524273
1,EVALUATION_TARGET,DIRECTOR,known_only,0.10327388874101677,0.07932038834951456
1,EVALUATION_TARGET,CAST,empty_feature_block,0.004182668542530134,0.009902912621359223
1,EVALUATION_TARGET,CAST,oov_only,0.6152705426061827,0.7372815533980582
1,EVALUATION_TARGET,CAST,known_and_oov,0.3802806190349443,0.25223300970873785
1,EVALUATION_TARGET,CAST,known_only,0.00026616981634282674,0.0005825242718446602
1,EVALUATION_TARGET,COMPANY_COLLECTION,empty_feature_block,0.010380622837370242,0.023883495145631067
1,EVALUATION_TARGET,COMPANY_COLLECTION,oov_only,0.46393398988554696,0.5577669902912621
1,EVALUATION_TARGET,COMPANY_COLLECTION,known_and_oov,0.48918209817863795,0.36475728155339804
1,EVALUATION_TARGET,COMPANY_COLLECTION,known_only,0.03650328909844481,0.05359223300970874
1,EVALUATION_INPUT30,GENRE,empty_feature_block,0.00020080321285140563,0.0003800836183960471
1,EVALUATION_INPUT30,GENRE,oov_only,0.0,0.0
1,EVALUATION_INPUT30,GENRE,known_and_oov,0.0,0.0
1,EVALUATION_INPUT30,GENRE,known_only,0.9997991967871486,0.999619916381604
1,EVALUATION_INPUT30,KEYWORD,empty_feature_block,0.013453815261044177,0.024325351577347016
1,EVALUATION_INPUT30,KEYWORD,oov_only,0.07751004016064257,0.11402508551881414
1,EVALUATION_INPUT30,KEYWORD,known_and_oov,0.903012048192771,0.8510072215887495
1,EVALUATION_INPUT30,KEYWORD,known_only,0.006024096385542169,0.010642341315089319
1,EVALUATION_INPUT30,COUNTRY_LANGUAGE,empty_feature_block,0.0,0.0
1,EVALUATION_INPUT30,COUNTRY_LANGUAGE,oov_only,0.002008032128514056,0.003800836183960471
1,EVALUATION_INPUT30,COUNTRY_LANGUAGE,known_and_oov,0.0142570281124498,0.02394526795895097
1,EVALUATION_INPUT30,COUNTRY_LANGUAGE,known_only,0.9837349397590361,0.9722538958570885
1,EVALUATION_INPUT30,ERA_RUNTIME,empty_feature_block,0.0,0.0
1,EVALUATION_INPUT30,ERA_RUNTIME,oov_only,0.0,0.0
1,EVALUATION_INPUT30,ERA_RUNTIME,known_and_oov,0.0012048192771084338,0.0019004180919802356
1,EVALUATION_INPUT30,ERA_RUNTIME,known_only,0.9987951807228915,0.9980995819080197
1,EVALUATION_INPUT30,DIRECTOR,empty_feature_block,0.00040160642570281126,0.0007601672367920942
1,EVALUATION_INPUT30,DIRECTOR,oov_only,0.8471887550200803,0.8658304827061953
1,EVALUATION_INPUT30,DIRECTOR,known_and_oov,0.0012048192771084338,0.0019004180919802356
1,EVALUATION_INPUT30,DIRECTOR,known_only,0.15120481927710844,0.1315089319650323
1,EVALUATION_INPUT30,CAST,empty_feature_block,0.0024096385542168677,0.0034207525655644243
1,EVALUATION_INPUT30,CAST,oov_only,0.5032128514056224,0.5716457620676549
1,EVALUATION_INPUT30,CAST,known_and_oov,0.49337349397590363,0.4234131508931965
1,EVALUATION_INPUT30,CAST,known_only,0.001004016064257028,0.0015203344735841885
1,EVALUATION_INPUT30,COMPANY_COLLECTION,empty_feature_block,0.004417670682730923,0.007601672367920942
1,EVALUATION_INPUT30,COMPANY_COLLECTION,oov_only,0.38734939759036147,0.4199923983276321
1,EVALUATION_INPUT30,COMPANY_COLLECTION,known_and_oov,0.5654618473895582,0.5298365640440897
1,EVALUATION_INPUT30,COMPANY_COLLECTION,known_only,0.0427710843373494,0.042569365260357275
2,TRAIN_R,GENRE,empty_feature_block,0.0,0.0
2,TRAIN_R,GENRE,oov_only,0.0,0.0
2,TRAIN_R,GENRE,known_and_oov,0.0,0.0
2,TRAIN_R,GENRE,known_only,1.0,1.0
2,TRAIN_R,KEYWORD,empty_feature_block,0.0032120605610614326,0.04295463669209153
2,TRAIN_R,KEYWORD,oov_only,0.07508796849275269,0.15656362906463267
2,TRAIN_R,KEYWORD,known_and_oov,0.9207530318193068,0.7858958918774254
2,TRAIN_R,KEYWORD,known_only,0.0009469391268790824,0.014585842365850395
2,TRAIN_R,COUNTRY_LANGUAGE,empty_feature_block,0.0,0.0
2,TRAIN_R,COUNTRY_LANGUAGE,oov_only,6.994436732629585e-05,0.0012043356081894822
2,TRAIN_R,COUNTRY_LANGUAGE,known_and_oov,0.005724677448859907,0.019670814933761542
2,TRAIN_R,COUNTRY_LANGUAGE,known_only,0.9942053781838138,0.979124849458049
2,TRAIN_R,ERA_RUNTIME,empty_feature_block,0.0,0.0
2,TRAIN_R,ERA_RUNTIME,oov_only,0.0,0.0
2,TRAIN_R,ERA_RUNTIME,known_and_oov,0.0,0.0
2,TRAIN_R,ERA_RUNTIME,known_only,1.0,1.0
2,TRAIN_R,DIRECTOR,empty_feature_block,4.842302353358944e-05,0.0004014452027298274
2,TRAIN_R,DIRECTOR,oov_only,0.7421151176679471,0.8809045898568179
2,TRAIN_R,DIRECTOR,known_and_oov,0.0049768107520633586,0.0026763013515321826
2,TRAIN_R,DIRECTOR,known_only,0.2528596485564559,0.11601766358892011
2,TRAIN_R,CAST,empty_feature_block,0.00020445276603071096,0.0028101164191087916
2,TRAIN_R,CAST,oov_only,0.37978715390989015,0.6710825638966947
2,TRAIN_R,CAST,known_and_oov,0.6197985602221002,0.32530442927873676
2,TRAIN_R,CAST,known_only,0.00020983310197888756,0.0008028904054596548
2,TRAIN_R,COMPANY_COLLECTION,empty_feature_block,0.0009361784549827291,0.015254917703733441
2,TRAIN_R,COMPANY_COLLECTION,oov_only,0.2512401674360547,0.4347651545564031
2,TRAIN_R,COMPANY_COLLECTION,known_and_oov,0.652785399920371,0.4663455105044828
2,TRAIN_R,COMPANY_COLLECTION,known_only,0.09503825418859153,0.0836344172353807
2,TRAIN_TARGET,GENRE,empty_feature_block,0.0,0.0
2,TRAIN_TARGET,GENRE,oov_only,0.0,0.0
2,TRAIN_TARGET,GENRE,known_and_oov,0.0,0.0
2,TRAIN_TARGET,GENRE,known_only,1.0,1.0
2,TRAIN_TARGET,KEYWORD,empty_feature_block,0.003927083333333334,0.03641500549364307
2,TRAIN_TARGET,KEYWORD,oov_only,0.07817708333333333,0.14911316904724534
2,TRAIN_TARGET,KEYWORD,known_and_oov,0.91690625,0.8031706168576361
2,TRAIN_TARGET,KEYWORD,known_only,0.0009895833333333334,0.011301208601475436
2,TRAIN_TARGET,COUNTRY_LANGUAGE,empty_feature_block,0.0,0.0
2,TRAIN_TARGET,COUNTRY_LANGUAGE,oov_only,8.333333333333333e-05,0.001098728614032334
2,TRAIN_TARGET,COUNTRY_LANGUAGE,known_and_oov,0.006229166666666667,0.018835347669125726
2,TRAIN_TARGET,COUNTRY_LANGUAGE,known_only,0.9936875,0.980065923716842
2,TRAIN_TARGET,ERA_RUNTIME,empty_feature_block,0.0,0.0
2,TRAIN_TARGET,ERA_RUNTIME,oov_only,0.0,0.0
2,TRAIN_TARGET,ERA_RUNTIME,known_and_oov,0.0,0.0
2,TRAIN_TARGET,ERA_RUNTIME,known_only,1.0,1.0
2,TRAIN_TARGET,DIRECTOR,empty_feature_block,4.1666666666666665e-05,0.0001569612305760477
2,TRAIN_TARGET,DIRECTOR,oov_only,0.7496041666666666,0.8698791398524565
2,TRAIN_TARGET,DIRECTOR,known_and_oov,0.005291666666666667,0.0026683409197928113
2,TRAIN_TARGET,DIRECTOR,known_only,0.2450625,0.1272955579971747
2,TRAIN_TARGET,CAST,empty_feature_block,0.00013541666666666666,0.0015696123057604772
2,TRAIN_TARGET,CAST,oov_only,0.391875,0.6471511536650447
2,TRAIN_TARGET,CAST,known_and_oov,0.6077395833333333,0.3504944278763146
2,TRAIN_TARGET,CAST,known_only,0.00025,0.0007848061528802386
2,TRAIN_TARGET,COMPANY_COLLECTION,empty_feature_block,0.0011354166666666667,0.01302778213781196
2,TRAIN_TARGET,COMPANY_COLLECTION,oov_only,0.2523020833333333,0.4124941139538534
2,TRAIN_TARGET,COMPANY_COLLECTION,known_and_oov,0.6524791666666667,0.4917595353947575
2,TRAIN_TARGET,COMPANY_COLLECTION,known_only,0.09408333333333334,0.08271856851357715
2,TRAIN_INPUT,GENRE,empty_feature_block,0.0,0.0
2,TRAIN_INPUT,GENRE,oov_only,0.0,0.0
2,TRAIN_INPUT,GENRE,known_and_oov,0.0,0.0
2,TRAIN_INPUT,GENRE,known_only,1.0,1.0
2,TRAIN_INPUT,KEYWORD,empty_feature_block,0.002448198348578932,0.027389805913295845
2,TRAIN_INPUT,KEYWORD,oov_only,0.07178785248492132,0.13840014511155452
2,TRAIN_INPUT,KEYWORD,known_and_oov,0.9248625670472502,0.8244150190458915
2,TRAIN_INPUT,KEYWORD,known_only,0.0009013821192495159,0.009795029929258117
2,TRAIN_INPUT,COUNTRY_LANGUAGE,empty_feature_block,0.0,0.0
2,TRAIN_INPUT,COUNTRY_LANGUAGE,oov_only,5.5640871558612095e-05,0.0005441683294032287
2,TRAIN_INPUT,COUNTRY_LANGUAGE,known_and_oov,0.005185729229262647,0.015418102666424814
2,TRAIN_INPUT,COUNTRY_LANGUAGE,known_only,0.9947586298991787,0.984037729004172
2,TRAIN_INPUT,ERA_RUNTIME,empty_feature_block,0.0,0.0
2,TRAIN_INPUT,ERA_RUNTIME,oov_only,0.0,0.0
2,TRAIN_INPUT,ERA_RUNTIME,known_and_oov,0.0,0.0
2,TRAIN_INPUT,ERA_RUNTIME,known_only,1.0,1.0
2,TRAIN_INPUT,DIRECTOR,empty_feature_block,5.5640871558612095e-05,0.0005441683294032287
2,TRAIN_INPUT,DIRECTOR,oov_only,0.7341145311700162,0.860511518229639
2,TRAIN_INPUT,DIRECTOR,known_and_oov,0.004640448687988249,0.0030836205332849627
2,TRAIN_INPUT,DIRECTOR,known_only,0.2611893792704369,0.13586069290767278
2,TRAIN_INPUT,CAST,empty_feature_block,0.0002782043577930605,0.0023580627607473247
2,TRAIN_INPUT,CAST,oov_only,0.3668736507088647,0.6285144204607291
2,TRAIN_INPUT,CAST,known_and_oov,0.6326812223186664,0.36822056956285143
2,TRAIN_INPUT,CAST,known_only,0.00016692261467583628,0.0009069472156720479
2,TRAIN_INPUT,COMPANY_COLLECTION,empty_feature_block,0.0007233313302619572,0.009069472156720479
2,TRAIN_INPUT,COMPANY_COLLECTION,oov_only,0.25010571765596135,0.38599673499002357
2,TRAIN_INPUT,COMPANY_COLLECTION,known_and_oov,0.6531125503549887,0.5184110284781426
2,TRAIN_INPUT,COMPANY_COLLECTION,known_only,0.09605840065878792,0.08652276437511337
2,VALIDATION_TARGET,GENRE,empty_feature_block,6.09186532916379e-05,0.00013633884748227596
2,VALIDATION_TARGET,GENRE,oov_only,0.0,0.0
2,VALIDATION_TARGET,GENRE,known_and_oov,0.0,0.0
2,VALIDATION_TARGET,GENRE,known_only,0.9999390813467084,0.9998636611525177
2,VALIDATION_TARGET,KEYWORD,empty_feature_block,0.08587499492344555,0.17510452644973643
2,VALIDATION_TARGET,KEYWORD,oov_only,0.1484181456361938,0.2335938920196328
2,VALIDATION_TARGET,KEYWORD,known_and_oov,0.74361369451326,0.547445918923832
2,VALIDATION_TARGET,KEYWORD,known_only,0.02209316492710068,0.04385566260679876
2,VALIDATION_TARGET,COUNTRY_LANGUAGE,empty_feature_block,0.0,0.0
2,VALIDATION_TARGET,COUNTRY_LANGUAGE,oov_only,0.004609511432400601,0.009725504453735684
2,VALIDATION_TARGET,COUNTRY_LANGUAGE,known_and_oov,0.031758924582707224,0.05635339029267406
2,VALIDATION_TARGET,COUNTRY_LANGUAGE,known_only,0.9636315639848921,0.9339211052535903
2,VALIDATION_TARGET,ERA_RUNTIME,empty_feature_block,0.0,0.0
2,VALIDATION_TARGET,ERA_RUNTIME,oov_only,4.06124355277586e-05,9.089256498818396e-05
2,VALIDATION_TARGET,ERA_RUNTIME,known_and_oov,0.08672785606952849,0.06144337393201236
2,VALIDATION_TARGET,ERA_RUNTIME,known_only,0.9132315314949437,0.9384657335029994
2,VALIDATION_TARGET,DIRECTOR,empty_feature_block,0.0005482678796247411,0.0012270496273404836
2,VALIDATION_TARGET,DIRECTOR,oov_only,0.9018600495471714,0.950599890928922
2,VALIDATION_TARGET,DIRECTOR,known_and_oov,0.004447061690289566,0.0014542810398109434
2,VALIDATION_TARGET,DIRECTOR,known_only,0.09314462088291435,0.04671877840392656
2,VALIDATION_TARGET,CAST,empty_feature_block,0.016184055557811803,0.031357934920923466
2,VALIDATION_TARGET,CAST,oov_only,0.653271331681761,0.8128522086893292
2,VALIDATION_TARGET,CAST,known_and_oov,0.3301994070584413,0.1553808398473005
2,VALIDATION_TARGET,CAST,known_only,0.0003452057019859481,0.00040901654244682785
2,VALIDATION_TARGET,COMPANY_COLLECTION,empty_feature_block,0.030276570685944037,0.06207962188692965
2,VALIDATION_TARGET,COMPANY_COLLECTION,oov_only,0.5092799415180929,0.6475640792583167
2,VALIDATION_TARGET,COMPANY_COLLECTION,known_and_oov,0.4153230719246233,0.23995637156880567
2,VALIDATION_TARGET,COMPANY_COLLECTION,known_only,0.0451204158713398,0.05039992728594801
2,VALIDATION_INPUT30,GENRE,empty_feature_block,0.0,0.0
2,VALIDATION_INPUT30,GENRE,oov_only,0.0,0.0
2,VALIDATION_INPUT30,GENRE,known_and_oov,0.0,0.0
2,VALIDATION_INPUT30,GENRE,known_only,1.0,1.0
2,VALIDATION_INPUT30,KEYWORD,empty_feature_block,0.010666666666666666,0.025495750708215296
2,VALIDATION_INPUT30,KEYWORD,oov_only,0.07077777777777777,0.12039660056657224
2,VALIDATION_INPUT30,KEYWORD,known_and_oov,0.9116666666666666,0.8388101983002832
2,VALIDATION_INPUT30,KEYWORD,known_only,0.006888888888888889,0.01529745042492918
2,VALIDATION_INPUT30,COUNTRY_LANGUAGE,empty_feature_block,0.0,0.0
2,VALIDATION_INPUT30,COUNTRY_LANGUAGE,oov_only,0.0007777777777777777,0.0016997167138810198
2,VALIDATION_INPUT30,COUNTRY_LANGUAGE,known_and_oov,0.013555555555555555,0.024362606232294616
2,VALIDATION_INPUT30,COUNTRY_LANGUAGE,known_only,0.9856666666666667,0.9739376770538244
2,VALIDATION_INPUT30,ERA_RUNTIME,empty_feature_block,0.0,0.0
2,VALIDATION_INPUT30,ERA_RUNTIME,oov_only,0.0,0.0
2,VALIDATION_INPUT30,ERA_RUNTIME,known_and_oov,0.00022222222222222223,0.00028328611898016995
2,VALIDATION_INPUT30,ERA_RUNTIME,known_only,0.9997777777777778,0.9997167138810198
2,VALIDATION_INPUT30,DIRECTOR,empty_feature_block,0.00022222222222222223,0.0005665722379603399
2,VALIDATION_INPUT30,DIRECTOR,oov_only,0.8391111111111111,0.8685552407932011
2,VALIDATION_INPUT30,DIRECTOR,known_and_oov,0.008333333333333333,0.004815864022662889
2,VALIDATION_INPUT30,DIRECTOR,known_only,0.15233333333333332,0.12606232294617564
2,VALIDATION_INPUT30,CAST,empty_feature_block,0.0025555555555555557,0.0056657223796034
2,VALIDATION_INPUT30,CAST,oov_only,0.506,0.6178470254957507
2,VALIDATION_INPUT30,CAST,known_and_oov,0.4908888888888889,0.375070821529745
2,VALIDATION_INPUT30,CAST,known_only,0.0005555555555555556,0.00141643059490085
2,VALIDATION_INPUT30,COMPANY_COLLECTION,empty_feature_block,0.004888888888888889,0.01076487252124646
2,VALIDATION_INPUT30,COMPANY_COLLECTION,oov_only,0.3748888888888889,0.4475920679886686
2,VALIDATION_INPUT30,COMPANY_COLLECTION,known_and_oov,0.5777777777777777,0.4963172804532578
2,VALIDATION_INPUT30,COMPANY_COLLECTION,known_only,0.042444444444444444,0.0453257790368272
2,EVALUATION_TARGET,GENRE,empty_feature_block,0.0,0.0
2,EVALUATION_TARGET,GENRE,oov_only,0.0,0.0
2,EVALUATION_TARGET,GENRE,known_and_oov,0.0,0.0
2,EVALUATION_TARGET,GENRE,known_only,1.0,1.0
2,EVALUATION_TARGET,KEYWORD,empty_feature_block,0.034723205436783235,0.07897282560900537
2,EVALUATION_TARGET,KEYWORD,oov_only,0.12119495964887442,0.19488171664761234
2,EVALUATION_TARGET,KEYWORD,known_and_oov,0.8335339091037802,0.7041597045114766
2,EVALUATION_TARGET,KEYWORD,known_only,0.010547925810562084,0.021985753231905724
2,EVALUATION_TARGET,COUNTRY_LANGUAGE,empty_feature_block,0.0,0.0
2,EVALUATION_TARGET,COUNTRY_LANGUAGE,oov_only,0.0014866204162537165,0.0033418344912496704
2,EVALUATION_TARGET,COUNTRY_LANGUAGE,known_and_oov,0.02360894803907688,0.0395743558174303
2,EVALUATION_TARGET,COUNTRY_LANGUAGE,known_only,0.9749044315446694,0.95708380969132
2,EVALUATION_TARGET,ERA_RUNTIME,empty_feature_block,0.0,0.0
2,EVALUATION_TARGET,ERA_RUNTIME,oov_only,0.0,0.0
2,EVALUATION_TARGET,ERA_RUNTIME,known_and_oov,0.14037944216338666,0.11740392225837658
2,EVALUATION_TARGET,ERA_RUNTIME,known_only,0.8596205578366133,0.8825960777416234
2,EVALUATION_TARGET,DIRECTOR,empty_feature_block,0.000530935862947756,0.0013191451939143434
2,EVALUATION_TARGET,DIRECTOR,oov_only,0.8912997309924962,0.9194442001582974
2,EVALUATION_TARGET,DIRECTOR,known_and_oov,0.0045660484213507005,0.0023744613490458183
2,EVALUATION_TARGET,DIRECTOR,known_only,0.10360328472320543,0.07686219329874242
2,EVALUATION_TARGET,CAST,empty_feature_block,0.006229647458587003,0.014334711107202533
2,EVALUATION_TARGET,CAST,oov_only,0.626716692623531,0.7536716207897283
2,EVALUATION_TARGET,CAST,known_and_oov,0.3667704941243098,0.23146601002550346
2,EVALUATION_TARGET,CAST,known_only,0.0002831657935721365,0.0005276580775657374
2,EVALUATION_TARGET,COMPANY_COLLECTION,empty_feature_block,0.010866487328330737,0.024360214580951542
2,EVALUATION_TARGET,COMPANY_COLLECTION,oov_only,0.4800014158289679,0.5818309735291531
2,EVALUATION_TARGET,COMPANY_COLLECTION,known_and_oov,0.46563075180518193,0.3354146513059537
2,EVALUATION_TARGET,COMPANY_COLLECTION,known_only,0.04350134503751947,0.058394160583941604
2,EVALUATION_INPUT30,GENRE,empty_feature_block,0.0001926782273603083,0.00034602076124567473
2,EVALUATION_INPUT30,GENRE,oov_only,0.0,0.0
2,EVALUATION_INPUT30,GENRE,known_and_oov,0.0,0.0
2,EVALUATION_INPUT30,GENRE,known_only,0.9998073217726396,0.9996539792387543
2,EVALUATION_INPUT30,KEYWORD,empty_feature_block,0.01560693641618497,0.02768166089965398
2,EVALUATION_INPUT30,KEYWORD,oov_only,0.08323699421965318,0.11695501730103806
2,EVALUATION_INPUT30,KEYWORD,known_and_oov,0.8951830443159923,0.8449826989619377
2,EVALUATION_INPUT30,KEYWORD,known_only,0.005973025048169557,0.010380622837370242
2,EVALUATION_INPUT30,COUNTRY_LANGUAGE,empty_feature_block,0.0,0.0
2,EVALUATION_INPUT30,COUNTRY_LANGUAGE,oov_only,0.0025048169556840076,0.004498269896193772
2,EVALUATION_INPUT30,COUNTRY_LANGUAGE,known_and_oov,0.016184971098265895,0.025259515570934254
2,EVALUATION_INPUT30,COUNTRY_LANGUAGE,known_only,0.9813102119460501,0.970242214532872
2,EVALUATION_INPUT30,ERA_RUNTIME,empty_feature_block,0.0,0.0
2,EVALUATION_INPUT30,ERA_RUNTIME,oov_only,0.0,0.0
2,EVALUATION_INPUT30,ERA_RUNTIME,known_and_oov,0.0003853564547206166,0.0006920415224913495
2,EVALUATION_INPUT30,ERA_RUNTIME,known_only,0.9996146435452794,0.9993079584775086
2,EVALUATION_INPUT30,DIRECTOR,empty_feature_block,0.0003853564547206166,0.0006920415224913495
2,EVALUATION_INPUT30,DIRECTOR,oov_only,0.8483622350674374,0.8626297577854671
2,EVALUATION_INPUT30,DIRECTOR,known_and_oov,0.009055876685934489,0.004498269896193772
2,EVALUATION_INPUT30,DIRECTOR,known_only,0.14219653179190753,0.13217993079584775
2,EVALUATION_INPUT30,CAST,empty_feature_block,0.0017341040462427746,0.0031141868512110727
2,EVALUATION_INPUT30,CAST,oov_only,0.5314065510597302,0.5965397923875433
2,EVALUATION_INPUT30,CAST,known_and_oov,0.4666666666666667,0.4
2,EVALUATION_INPUT30,CAST,known_only,0.0001926782273603083,0.00034602076124567473
2,EVALUATION_INPUT30,COMPANY_COLLECTION,empty_feature_block,0.005780346820809248,0.010380622837370242
2,EVALUATION_INPUT30,COMPANY_COLLECTION,oov_only,0.3870905587668593,0.42110726643598617
2,EVALUATION_INPUT30,COMPANY_COLLECTION,known_and_oov,0.5633911368015414,0.5186851211072664
2,EVALUATION_INPUT30,COMPANY_COLLECTION,known_only,0.04373795761078998,0.04982698961937716
