role,round,measure,users,mean,min,p25,median,p75,p95,max
RAW_ALL,-1,pre_all,200948,129.28472540159643,0.0,26.0,55.0,136.0,497.0,22912.0
RAW_ALL,-1,pre_catalog,200948,129.01906961004838,0.0,26.0,55.0,136.0,497.0,22718.0
RAW_ALL,-1,pre_nonheld,200948,101.97932798534944,0.0,20.0,44.0,108.0,391.0,18221.0
RAW_ALL,-1,post_catalog,200948,29.804372275414536,0.0,0.0,0.0,0.0,163.0,10235.0
DEVELOPMENT_ALLOWED,-1,pre_all,57760,129.2343663434903,0.0,26.0,56.0,136.0,494.04999999999563,22912.0
DEVELOPMENT_ALLOWED,-1,pre_catalog,57760,128.96861149584487,0.0,26.0,55.0,136.0,493.04999999999563,22718.0
DEVELOPMENT_ALLOWED,-1,pre_nonheld,57760,101.94039127423822,0.0,20.0,44.0,108.0,389.0,18221.0
DEVELOPMENT_ALLOWED,-1,post_catalog,57760,29.828808864265927,0.0,0.0,0.0,0.0,163.0,10235.0
EVALUATION_POOL,-1,pre_all,3819,277.99162084315265,0.0,97.0,182.0,326.5,908.0,6303.0
EVALUATION_POOL,-1,pre_catalog,3819,277.3896307934014,0.0,97.0,182.0,326.0,902.3999999999996,6263.0
EVALUATION_POOL,-1,pre_nonheld,3819,219.17543859649123,0.0,77.0,143.0,257.0,715.1999999999998,5008.0
EVALUATION_POOL,-1,post_catalog,3819,66.57894736842105,0.0,0.0,0.0,0.0,359.1999999999998,3859.0
VALIDATION,-1,pre_all,300,555.4533333333334,32.0,123.0,319.5,654.75,1527.8500000000001,22912.0
VALIDATION,-1,pre_catalog,300,552.7933333333333,32.0,123.0,319.0,653.75,1521.8000000000002,22718.0
VALIDATION,-1,pre_nonheld,300,440.3666666666667,24.0,100.0,255.5,525.25,1202.4,18221.0
VALIDATION,-1,post_catalog,300,164.15333333333334,2.0,14.75,47.0,126.0,430.35000000000076,10235.0
EVALUATION,-1,pre_all,300,656.2333333333333,38.0,213.75,407.5,911.5,1915.3000000000002,6303.0
EVALUATION,-1,pre_catalog,300,653.5333333333333,38.0,213.75,405.5,909.25,1911.9,6263.0
EVALUATION,-1,pre_nonheld,300,520.0433333333333,27.0,166.5,325.5,726.5,1528.1500000000003,5008.0
EVALUATION,-1,post_catalog,300,161.08666666666667,2.0,20.0,72.0,184.25,677.8000000000011,1681.0
TRAIN_SELECTED,0,pre_all,12000,144.42725,13.0,38.0,71.0,151.0,513.0,7667.0
TRAIN_SELECTED,0,pre_catalog,12000,144.14566666666667,13.0,38.0,71.0,151.0,512.0,7634.0
TRAIN_SELECTED,0,pre_nonheld,12000,113.92366666666666,11.0,30.0,56.0,120.0,403.0499999999993,6093.0
TRAIN_SELECTED,0,post_catalog,12000,4.608333333333333,0.0,0.0,0.0,0.0,0.0,2150.0
TRAIN_SELECTED,1,pre_all,12000,141.827,13.0,38.0,71.0,149.0,488.09999999999854,5649.0
TRAIN_SELECTED,1,pre_catalog,12000,141.54366666666667,13.0,38.0,71.0,149.0,487.0499999999993,5621.0
TRAIN_SELECTED,1,pre_nonheld,12000,111.87475,10.0,30.0,56.0,118.0,384.0,4491.0
TRAIN_SELECTED,1,post_catalog,12000,3.757833333333333,0.0,0.0,0.0,0.0,0.0,2118.0
TRAIN_SELECTED,2,pre_all,12000,139.99875,13.0,39.0,71.0,147.0,492.0,4357.0
TRAIN_SELECTED,2,pre_catalog,12000,139.72558333333333,13.0,38.0,71.0,147.0,490.09999999999854,4303.0
TRAIN_SELECTED,2,pre_nonheld,12000,110.46608333333333,11.0,30.0,56.0,117.0,386.0499999999993,3418.0
TRAIN_SELECTED,2,post_catalog,12000,3.442833333333333,0.0,0.0,0.0,0.0,0.0,4551.0
TRAIN_ORIGINAL_ROLE_POOL,0,pre_all,46376,123.07807917888563,0.0,25.0,53.0,127.0,472.0,22912.0
TRAIN_ORIGINAL_ROLE_POOL,0,pre_catalog,46376,122.82452130412283,0.0,25.0,53.0,127.0,471.0,22718.0
TRAIN_ORIGINAL_ROLE_POOL,0,pre_nonheld,46376,97.08922718647577,0.0,20.0,42.0,100.0,372.0,18221.0
TRAIN_ORIGINAL_ROLE_POOL,0,post_catalog,46376,28.75504571329998,0.0,0.0,0.0,0.0,152.0,10235.0
TRAIN_LEGAL_POOL,0,pre_all,44720,115.64639982110913,0.0,25.0,51.0,119.0,440.0,7667.0
TRAIN_LEGAL_POOL,0,pre_catalog,44720,115.41831395348837,0.0,25.0,51.0,119.0,439.0,7634.0
TRAIN_LEGAL_POOL,0,pre_nonheld,44720,91.22010286225402,0.0,20.0,41.0,94.0,347.0,6093.0
TRAIN_LEGAL_POOL,0,post_catalog,44720,26.506954382826475,0.0,0.0,0.0,0.0,140.0,5755.0
TRAIN_ELIGIBLE_POOL,0,pre_all,34878,145.37086415505476,12.0,38.0,72.0,152.0,512.0,7667.0
TRAIN_ELIGIBLE_POOL,0,pre_catalog,34878,145.08392109639314,11.0,38.0,72.0,152.0,511.0,7634.0
TRAIN_ELIGIBLE_POOL,0,pre_nonheld,34878,114.69141005791616,9.0,30.0,57.0,120.0,403.0,6093.0
TRAIN_ELIGIBLE_POOL,0,post_catalog,34878,4.316101840701875,0.0,0.0,0.0,0.0,0.0,4551.0
TRAIN_ORIGINAL_ROLE_POOL,1,pre_all,46376,122.87952820424357,0.0,25.0,53.0,127.0,470.0,22912.0
TRAIN_ORIGINAL_ROLE_POOL,1,pre_catalog,46376,122.62735035363119,0.0,25.0,53.0,127.0,469.0,22718.0
TRAIN_ORIGINAL_ROLE_POOL,1,pre_nonheld,46376,96.92608245644298,0.0,20.0,42.0,101.0,371.0,18221.0
TRAIN_ORIGINAL_ROLE_POOL,1,post_catalog,46376,28.68591512851475,0.0,0.0,0.0,0.0,154.0,10235.0
TRAIN_LEGAL_POOL,1,pre_all,44728,115.14038186370954,0.0,25.0,51.0,119.0,438.0,7667.0
TRAIN_LEGAL_POOL,1,pre_catalog,44728,114.91600339831872,0.0,25.0,51.0,119.0,437.0,7634.0
TRAIN_LEGAL_POOL,1,pre_nonheld,44728,90.80381416562332,0.0,20.0,41.0,94.0,345.65000000000146,6093.0
TRAIN_LEGAL_POOL,1,post_catalog,44728,26.54080218207834,0.0,0.0,0.0,0.0,140.0,5755.0
TRAIN_ELIGIBLE_POOL,1,pre_all,34894,144.69384421390498,10.0,38.0,71.0,152.0,510.0,7667.0
TRAIN_ELIGIBLE_POOL,1,pre_catalog,34894,144.41041439789075,10.0,38.0,71.0,152.0,509.0,7634.0
TRAIN_ELIGIBLE_POOL,1,pre_nonheld,34894,114.13449303605205,9.0,30.0,57.0,120.0,400.34999999999854,6093.0
TRAIN_ELIGIBLE_POOL,1,post_catalog,34894,4.087436235455952,0.0,0.0,0.0,0.0,0.0,2118.0
TRAIN_ORIGINAL_ROLE_POOL,2,pre_all,46376,122.93539761945834,0.0,25.0,54.0,127.0,473.0,22912.0
TRAIN_ORIGINAL_ROLE_POOL,2,pre_catalog,46376,122.68367258927032,0.0,25.0,53.0,127.0,473.0,22718.0
TRAIN_ORIGINAL_ROLE_POOL,2,pre_nonheld,46376,96.98576850094877,0.0,20.0,42.0,101.0,373.0,18221.0
TRAIN_ORIGINAL_ROLE_POOL,2,post_catalog,46376,28.36462825599448,0.0,0.0,0.0,0.0,152.0,10235.0
TRAIN_LEGAL_POOL,2,pre_all,44711,115.4810225671535,0.0,25.0,51.0,119.0,439.5,9178.0
TRAIN_LEGAL_POOL,2,pre_catalog,44711,115.25506027599472,0.0,25.0,51.0,119.0,438.0,9130.0
TRAIN_LEGAL_POOL,2,pre_nonheld,44711,91.09373532240389,0.0,20.0,41.0,94.0,346.5,7313.0
TRAIN_LEGAL_POOL,2,post_catalog,44711,26.477712419762476,0.0,0.0,0.0,0.0,140.0,5755.0
TRAIN_ELIGIBLE_POOL,2,pre_all,34986,144.78411364545818,11.0,38.0,72.0,151.0,511.0,9178.0
TRAIN_ELIGIBLE_POOL,2,pre_catalog,34986,144.5009146515749,10.0,38.0,72.0,151.0,510.75,9130.0
TRAIN_ELIGIBLE_POOL,2,pre_nonheld,34986,114.23286457440119,9.0,30.0,57.0,120.0,402.0,7313.0
TRAIN_ELIGIBLE_POOL,2,post_catalog,34986,4.090007431544046,0.0,0.0,0.0,0.0,0.0,4551.0
