role,k,method,metric,original_user_macro,observed_cell_equal_mean,adequate_cell_equal_mean,observed_cells,adequate_cells,intended_cells
evaluation,0,ALS,mse,1.0362944552977398,0.9972116869832733,1.0555175287283753,12,8,24
evaluation,0,ALS,mae,0.7839443881454884,0.7743257552573648,0.7854680294044967,12,8,24
evaluation,0,ALS,pair_accuracy,0.5,0.5,0.5,12,8,24
evaluation,0,ALS,direct_rate,0.0,0.0,0.0,12,8,24
evaluation,0,ALS_FM,mse,1.0449688784239723,1.0136959168995088,1.0897731161091144,12,8,24
evaluation,0,ALS_FM,mae,0.7971588481940449,0.7860004623582336,0.8075171496467732,12,8,24
evaluation,0,ALS_FM,pair_accuracy,0.5616758836330796,0.5719290864129817,0.5627661988174972,12,8,24
evaluation,0,ALS_FM,direct_rate,0.0,0.0,0.0,12,8,24
evaluation,0,FM,mse,1.0449688784239723,1.0136959168995088,1.0897731161091144,12,8,24
evaluation,0,FM,mae,0.7971588481940449,0.7860004623582336,0.8075171496467732,12,8,24
evaluation,0,FM,pair_accuracy,0.5616758836330796,0.5719290864129817,0.5627661988174972,12,8,24
evaluation,0,FM,direct_rate,0.0,0.0,0.0,12,8,24
evaluation,0,GBT,mse,1.0047922206012634,0.9638216241766364,1.0318270669762,12,8,24
evaluation,0,GBT,mae,0.7629675559049832,0.7537553757892071,0.7690659012303982,12,8,24
evaluation,0,GBT,pair_accuracy,0.5743299085002536,0.5712206245455876,0.5709072473899807,12,8,24
evaluation,0,GBT,direct_rate,0.0,0.0,0.0,12,8,24
evaluation,0,RIDGE,mse,1.021275829217417,0.9887587301645765,1.0418809711974655,12,8,24
evaluation,0,RIDGE,mae,0.7802098905291233,0.7738651686992717,0.7824334163581825,12,8,24
evaluation,0,RIDGE,pair_accuracy,0.574882691092055,0.581735223922255,0.5695148505116299,12,8,24
evaluation,0,RIDGE,direct_rate,0.0,0.0,0.0,12,8,24
evaluation,1,ALS,mse,1.7144792564989275,1.923803866739024,1.9883625626399384,12,8,24
evaluation,1,ALS,mae,1.018919672164493,1.1182566382941335,1.1230230396774479,12,8,24
evaluation,1,ALS,pair_accuracy,0.5199208818792271,0.5472396055780882,0.543301301682077,12,8,24
evaluation,1,ALS,direct_rate,0.3669684399183771,0.5185391794345312,0.5061652506332781,12,8,24
evaluation,1,ALS_FM,mse,1.0747011046038502,1.0277069023999446,1.1219827206092217,12,8,24
evaluation,1,ALS_FM,mae,0.8051992470945468,0.790089652406038,0.8184747761677094,12,8,24
evaluation,1,ALS_FM,pair_accuracy,0.5679912885400314,0.584523204216168,0.5697762545956976,12,8,24
evaluation,1,ALS_FM,direct_rate,0.3669684399183771,0.5185391794345312,0.5061652506332781,12,8,24
evaluation,1,FM,mse,1.0556845355791038,1.0121025794975307,1.111009081893034,12,8,24
evaluation,1,FM,mae,0.7874796224780328,0.7673756020598189,0.7972244618812436,12,8,24
evaluation,1,FM,pair_accuracy,0.5623391099780637,0.5746167850931773,0.5615664033643413,12,8,24
evaluation,1,FM,direct_rate,0.3669684399183771,0.5185391794345312,0.5061652506332781,12,8,24
evaluation,1,GBT,mse,0.9819370311462997,0.9445534098185614,0.9983055712422296,12,8,24
evaluation,1,GBT,mae,0.7480406637144564,0.7376627406944997,0.7480173226693151,12,8,24
evaluation,1,GBT,pair_accuracy,0.5654406006916249,0.5641778960628006,0.5677968087594183,12,8,24
evaluation,1,GBT,direct_rate,0.3669684399183771,0.5185391794345312,0.5061652506332781,12,8,24
evaluation,1,RIDGE,mse,1.0156130130674297,0.9703351960239625,1.0344675466877598,12,8,24
evaluation,1,RIDGE,mae,0.7697334560442931,0.756377038358338,0.7712832076482646,12,8,24
evaluation,1,RIDGE,pair_accuracy,0.5681358888340142,0.5765193076595647,0.5675212200099939,12,8,24
evaluation,1,RIDGE,direct_rate,0.3669684399183771,0.5185391794345312,0.5061652506332781,12,8,24
evaluation,5,ALS,mse,1.1910570109209695,1.3180357519367094,1.3859620786950346,12,8,24
evaluation,5,ALS,mae,0.8397991882363813,0.8949152126950194,0.911493820634264,12,8,24
evaluation,5,ALS,pair_accuracy,0.5351394100395765,0.5666169808976025,0.5603365410052512,12,8,24
evaluation,5,ALS,direct_rate,0.5183555917267244,0.7361369596738094,0.729205439510714,12,8,24
evaluation,5,ALS_FM,mse,0.943062981928515,0.9180886755909273,0.9634276305557217,12,8,24
evaluation,5,ALS_FM,mae,0.7511605625649593,0.7410547028522715,0.7551544110694905,12,8,24
evaluation,5,ALS_FM,pair_accuracy,0.5713109060293613,0.5883972120574236,0.5773208098130248,12,8,24
evaluation,5,ALS_FM,direct_rate,0.5183555917267244,0.7361369596738094,0.729205439510714,12,8,24
evaluation,5,FM,mse,0.9581320696835026,0.9308738169715215,0.9863360820446472,12,8,24
evaluation,5,FM,mae,0.7517202106768331,0.7376805206647158,0.7565911994176369,12,8,24
evaluation,5,FM,pair_accuracy,0.5655944631277954,0.5776026650259668,0.5640749039751245,12,8,24
evaluation,5,FM,direct_rate,0.5183555917267244,0.7361369596738094,0.729205439510714,12,8,24
evaluation,5,GBT,mse,0.9384932097126644,0.9110196119523882,0.9472434632698331,12,8,24
evaluation,5,GBT,mae,0.7306684156417274,0.7224050219453102,0.7293064736128956,12,8,24
evaluation,5,GBT,pair_accuracy,0.5689860057585568,0.5673156646035248,0.56699557419379,12,8,24
evaluation,5,GBT,direct_rate,0.5183555917267244,0.7361369596738094,0.729205439510714,12,8,24
evaluation,5,RIDGE,mse,1.0146684876911716,0.9722081701039033,1.0325698906037344,12,8,24
evaluation,5,RIDGE,mae,0.7704652103597281,0.7585995642324224,0.7718361966543483,12,8,24
evaluation,5,RIDGE,pair_accuracy,0.5738250568819857,0.5811662737276966,0.5702892143552516,12,8,24
evaluation,5,RIDGE,direct_rate,0.5183555917267244,0.7361369596738094,0.729205439510714,12,8,24
evaluation,10,ALS,mse,1.0462356276756197,1.112335872734565,1.1780142708862775,12,8,24
evaluation,10,ALS,mae,0.7794353292530366,0.8039160969473172,0.8287378483735994,12,8,24
evaluation,10,ALS,pair_accuracy,0.5378670214153084,0.5670028575884297,0.5623155390901071,12,8,24
evaluation,10,ALS,direct_rate,0.5274329556418286,0.7467791822018701,0.7451687733028051,12,8,24
evaluation,10,ALS_FM,mse,0.90841049168057,0.8845994643033684,0.9322412423751751,12,8,24
evaluation,10,ALS_FM,mae,0.7352984305148567,0.7241176113335311,0.7406290203467789,12,8,24
evaluation,10,ALS_FM,pair_accuracy,0.5708985993782775,0.5843875508493235,0.573364807670326,12,8,24
evaluation,10,ALS_FM,direct_rate,0.5274329556418286,0.7467791822018701,0.7451687733028051,12,8,24
evaluation,10,FM,mse,0.9335947377917375,0.9112490335498409,0.9688739032024608,12,8,24
evaluation,10,FM,mae,0.7416078712793515,0.7295732423555928,0.7496752698018359,12,8,24
evaluation,10,FM,pair_accuracy,0.5657652969825737,0.5771710085078546,0.5623722373090981,12,8,24
evaluation,10,FM,direct_rate,0.5274329556418286,0.7467791822018701,0.7451687733028051,12,8,24
evaluation,10,GBT,mse,0.9214280205286063,0.8979072350036968,0.937900816055304,12,8,24
evaluation,10,GBT,mae,0.7225851649917324,0.7157714540388431,0.7246417589241911,12,8,24
evaluation,10,GBT,pair_accuracy,0.5683266258528554,0.5694628806748742,0.5637553336427534,12,8,24
evaluation,10,GBT,direct_rate,0.5274329556418286,0.7467791822018701,0.7451687733028051,12,8,24
evaluation,10,RIDGE,mse,1.0150807863187647,0.9737113432443607,1.03232000957618,12,8,24
evaluation,10,RIDGE,mae,0.7709042625080341,0.7594558348937778,0.771913974005578,12,8,24
evaluation,10,RIDGE,pair_accuracy,0.5736223094545453,0.5827303565693351,0.5701218166457946,12,8,24
evaluation,10,RIDGE,direct_rate,0.5274329556418286,0.7467791822018701,0.7451687733028051,12,8,24
evaluation,30,ALS,mse,0.9764708700024975,1.014781532062717,1.0774836022584782,12,8,24
evaluation,30,ALS,mae,0.7439280718705784,0.7572262482584323,0.7755525443146942,12,8,24
evaluation,30,ALS,pair_accuracy,0.5490043731288871,0.5710838177396788,0.5696739574277063,12,8,24
evaluation,30,ALS,direct_rate,0.5287082406083118,0.75,0.75,12,8,24
evaluation,30,ALS_FM,mse,0.9036383604103734,0.8726345448434351,0.9284456323195226,12,8,24
evaluation,30,ALS_FM,mae,0.7307754513633321,0.7162618987452588,0.7337953597064493,12,8,24
evaluation,30,ALS_FM,pair_accuracy,0.5741220881956751,0.593504066633927,0.5820379512095699,12,8,24
evaluation,30,ALS_FM,direct_rate,0.5287082406083118,0.75,0.75,12,8,24
evaluation,30,FM,mse,0.9339198082968363,0.9056006500701734,0.9711459576226579,12,8,24
evaluation,30,FM,mae,0.7419737174812635,0.7280007784186676,0.7510352356812489,12,8,24
evaluation,30,FM,pair_accuracy,0.5667636629355995,0.5789104837685728,0.56499999679825,12,8,24
evaluation,30,FM,direct_rate,0.5287082406083118,0.75,0.75,12,8,24
evaluation,30,GBT,mse,0.8990801286680428,0.8671184887345088,0.9142584531261859,12,8,24
evaluation,30,GBT,mae,0.7155331212043099,0.7064250314099442,0.7169187191748259,12,8,24
evaluation,30,GBT,pair_accuracy,0.5671344397743702,0.5732689319528906,0.5707551555252759,12,8,24
evaluation,30,GBT,direct_rate,0.5287082406083118,0.75,0.75,12,8,24
evaluation,30,RIDGE,mse,1.0148191276015934,0.9736834360087064,1.032617607763596,12,8,24
evaluation,30,RIDGE,mae,0.7709079396508701,0.7598170294765798,0.7721354278789014,12,8,24
evaluation,30,RIDGE,pair_accuracy,0.5753454913890103,0.5806866615051692,0.5705608244098013,12,8,24
evaluation,30,RIDGE,direct_rate,0.5287082406083118,0.75,0.75,12,8,24
validation,0,ALS,mse,1.0029045529270957,1.0503254496435994,1.0503254496435994,12,12,24
validation,0,ALS,mae,0.7871949817431592,0.8047269592455871,0.8047269592455871,12,12,24
validation,0,ALS,pair_accuracy,0.5,0.5,0.5,12,12,24
validation,0,ALS,direct_rate,0.0,0.0,0.0,12,12,24
validation,0,ALS_FM,mse,1.042813773309357,1.0595331294304067,1.0595331294304067,12,12,24
validation,0,ALS_FM,mae,0.8077547920259828,0.8118233358505266,0.8118233358505266,12,12,24
validation,0,ALS_FM,pair_accuracy,0.564540126338206,0.5597438917679527,0.5597438917679527,12,12,24
validation,0,ALS_FM,direct_rate,0.0,0.0,0.0,12,12,24
validation,0,FM,mse,1.042813773309357,1.0595331294304067,1.0595331294304067,12,12,24
validation,0,FM,mae,0.8077547920259828,0.8118233358505266,0.8118233358505266,12,12,24
validation,0,FM,pair_accuracy,0.564540126338206,0.5597438917679527,0.5597438917679527,12,12,24
validation,0,FM,direct_rate,0.0,0.0,0.0,12,12,24
validation,0,GBT,mse,0.9674880672551575,1.010462218202363,1.010462218202363,12,12,24
validation,0,GBT,mae,0.7630640178376416,0.7789175744975668,0.7789175744975668,12,12,24
validation,0,GBT,pair_accuracy,0.5687808262633206,0.5672892827771561,0.5672892827771561,12,12,24
validation,0,GBT,direct_rate,0.0,0.0,0.0,12,12,24
validation,0,RIDGE,mse,0.9927818783363627,1.0401726141124263,1.0401726141124263,12,12,24
validation,0,RIDGE,mae,0.7853143838241056,0.8038314041751847,0.8038314041751847,12,12,24
validation,0,RIDGE,pair_accuracy,0.5766179554733222,0.575547911094619,0.575547911094619,12,12,24
validation,0,RIDGE,direct_rate,0.0,0.0,0.0,12,12,24
validation,1,ALS,mse,1.631666447160612,1.8680588624467767,1.8680588624467767,12,12,24
validation,1,ALS,mae,1.004670319071282,1.091695980291245,1.091695980291245,12,12,24
validation,1,ALS,pair_accuracy,0.5174164732970308,0.5361650076000558,0.5361650076000558,12,12,24
validation,1,ALS,direct_rate,0.3739031462872451,0.5007983910553,0.5007983910553,12,12,24
validation,1,ALS_FM,mse,1.111175939953885,1.0881137393985592,1.0881137393985592,12,12,24
validation,1,ALS_FM,mae,0.8232841166684053,0.8153101267351849,0.8153101267351849,12,12,24
validation,1,ALS_FM,pair_accuracy,0.5675623599517328,0.5686844295089668,0.5686844295089668,12,12,24
validation,1,ALS_FM,direct_rate,0.3739031462872451,0.5007983910553,0.5007983910553,12,12,24
validation,1,FM,mse,1.0965049935226259,1.0769955428680549,1.0769955428680549,12,12,24
validation,1,FM,mae,0.8038881591693964,0.7959674119696812,0.7959674119696812,12,12,24
validation,1,FM,pair_accuracy,0.5695281355654004,0.5616472639682316,0.5616472639682316,12,12,24
validation,1,FM,direct_rate,0.3739031462872451,0.5007983910553,0.5007983910553,12,12,24
validation,1,GBT,mse,0.9531978589513457,0.9814316508461918,0.9814316508461918,12,12,24
validation,1,GBT,mae,0.748365772884265,0.7570579806202603,0.7570579806202603,12,12,24
validation,1,GBT,pair_accuracy,0.563040560005429,0.5613830269492298,0.5613830269492298,12,12,24
validation,1,GBT,direct_rate,0.3739031462872451,0.5007983910553,0.5007983910553,12,12,24
validation,1,RIDGE,mse,0.9778042280804659,1.020277368754515,1.020277368754515,12,12,24
validation,1,RIDGE,mae,0.7704230273972401,0.7852646830498836,0.7852646830498836,12,12,24
validation,1,RIDGE,pair_accuracy,0.5654894582249794,0.5685171207903623,0.5685171207903623,12,12,24
validation,1,RIDGE,direct_rate,0.3739031462872451,0.5007983910553,0.5007983910553,12,12,24
validation,5,ALS,mse,1.2289162695776528,1.3543115125491922,1.3543115125491922,12,12,24
validation,5,ALS,mae,0.8710406289781872,0.9230595014902837,0.9230595014902837,12,12,24
validation,5,ALS,pair_accuracy,0.5362055744646816,0.5526001136818034,0.5526001136818034,12,12,24
validation,5,ALS,direct_rate,0.5530390311753643,0.7463972122227934,0.7463972122227934,12,12,24
validation,5,ALS_FM,mse,0.945759533101246,0.9402531132678775,0.9402531132678775,12,12,24
validation,5,ALS_FM,mae,0.7677274040026997,0.7635325088690986,0.7635325088690986,12,12,24
validation,5,ALS_FM,pair_accuracy,0.5758060449278443,0.5810010723376587,0.5810010723376587,12,12,24
validation,5,ALS_FM,direct_rate,0.5530390311753643,0.7463972122227934,0.7463972122227934,12,12,24
validation,5,FM,mse,0.9630494924917391,0.97117377175848,0.97117377175848,12,12,24
validation,5,FM,mae,0.7650475472709611,0.7640146242093202,0.7640146242093202,12,12,24
validation,5,FM,pair_accuracy,0.5679294282759555,0.5613422867325152,0.5613422867325152,12,12,24
validation,5,FM,direct_rate,0.5530390311753643,0.7463972122227934,0.7463972122227934,12,12,24
validation,5,GBT,mse,0.9128806999537664,0.9416075923412612,0.9416075923412612,12,12,24
validation,5,GBT,mae,0.7343917769594432,0.7410248788960883,0.7410248788960883,12,12,24
validation,5,GBT,pair_accuracy,0.5638042768514482,0.5553374074477001,0.5553374074477001,12,12,24
validation,5,GBT,direct_rate,0.5530390311753643,0.7463972122227934,0.7463972122227934,12,12,24
validation,5,RIDGE,mse,0.9772956778983609,1.0205387341275707,1.0205387341275707,12,12,24
validation,5,RIDGE,mae,0.7715945904470133,0.7863764399513551,0.7863764399513551,12,12,24
validation,5,RIDGE,pair_accuracy,0.5737215962236225,0.5708842126713614,0.5708842126713614,12,12,24
validation,5,RIDGE,direct_rate,0.5530390311753643,0.7463972122227934,0.7463972122227934,12,12,24
validation,10,ALS,mse,1.0491005808880542,1.142163385844034,1.142163385844034,12,12,24
validation,10,ALS,mae,0.7968007378724021,0.8313198689033724,0.8313198689033724,12,12,24
validation,10,ALS,pair_accuracy,0.548632971358482,0.5613609165918386,0.5613609165918386,12,12,24
validation,10,ALS,direct_rate,0.5550853576076213,0.75,0.75,12,12,24
validation,10,ALS_FM,mse,0.8991419230682607,0.8961744734835261,0.8961744734835261,12,12,24
validation,10,ALS_FM,mae,0.7450082547620007,0.7379040373587248,0.7379040373587248,12,12,24
validation,10,ALS_FM,pair_accuracy,0.5793569896388895,0.5835277103458784,0.5835277103458784,12,12,24
validation,10,ALS_FM,direct_rate,0.5550853576076213,0.75,0.75,12,12,24
validation,10,FM,mse,0.9255405612034023,0.9363223758746608,0.9363223758746608,12,12,24
validation,10,FM,mae,0.7498611942435511,0.7472951745675386,0.7472951745675386,12,12,24
validation,10,FM,pair_accuracy,0.5682258355150877,0.5631482255787169,0.5631482255787169,12,12,24
validation,10,FM,direct_rate,0.5550853576076213,0.75,0.75,12,12,24
validation,10,GBT,mse,0.8822820606158333,0.9148194902791809,0.9148194902791809,12,12,24
validation,10,GBT,mae,0.7213973666513613,0.7283189939581086,0.7283189939581086,12,12,24
validation,10,GBT,pair_accuracy,0.5666381397491013,0.5600476638575359,0.5600476638575359,12,12,24
validation,10,GBT,direct_rate,0.5550853576076213,0.75,0.75,12,12,24
validation,10,RIDGE,mse,0.9765280673510304,1.0215438997280724,1.0215438997280724,12,12,24
validation,10,RIDGE,mae,0.7715754723251713,0.7870954794212851,0.7870954794212851,12,12,24
validation,10,RIDGE,pair_accuracy,0.5742314594430902,0.5684804328965489,0.5684804328965489,12,12,24
validation,10,RIDGE,direct_rate,0.5550853576076213,0.75,0.75,12,12,24
validation,30,ALS,mse,0.9556585559514894,1.0261107250273533,1.0261107250273533,12,12,24
validation,30,ALS,mae,0.7553264526620506,0.7796914754404148,0.7796914754404148,12,12,24
validation,30,ALS,pair_accuracy,0.5580609094879319,0.564745331898283,0.564745331898283,12,12,24
validation,30,ALS,direct_rate,0.5550853576076213,0.75,0.75,12,12,24
validation,30,ALS_FM,mse,0.8826482762285336,0.8825446219267806,0.8825446219267806,12,12,24
validation,30,ALS_FM,mae,0.7377909659194535,0.7325913416132476,0.7325913416132476,12,12,24
validation,30,ALS_FM,pair_accuracy,0.5800797539768138,0.5818139778522101,0.5818139778522101,12,12,24
validation,30,ALS_FM,direct_rate,0.5550853576076213,0.75,0.75,12,12,24
validation,30,FM,mse,0.9121782291776072,0.9253938295764644,0.9253938295764644,12,12,24
validation,30,FM,mae,0.746870860801129,0.7464713633305178,0.7464713633305178,12,12,24
validation,30,FM,pair_accuracy,0.5689679407987689,0.5620491205684929,0.5620491205684929,12,12,24
validation,30,FM,direct_rate,0.5550853576076213,0.75,0.75,12,12,24
validation,30,GBT,mse,0.8599912871371044,0.8850528056726595,0.8850528056726595,12,12,24
validation,30,GBT,mae,0.7154948521064328,0.7200846993809962,0.7200846993809962,12,12,24
validation,30,GBT,pair_accuracy,0.565892435324039,0.5573586102520586,0.5573586102520586,12,12,24
validation,30,GBT,direct_rate,0.5550853576076213,0.75,0.75,12,12,24
validation,30,RIDGE,mse,0.9768126307692849,1.0225855000436828,1.0225855000436828,12,12,24
validation,30,RIDGE,mae,0.771851290722459,0.7876357729650237,0.7876357729650237,12,12,24
validation,30,RIDGE,pair_accuracy,0.5735636966623648,0.5705737540845214,0.5705737540845214,12,12,24
validation,30,RIDGE,direct_rate,0.5550853576076213,0.75,0.75,12,12,24
